/*!40101 SET @OLD_CHARACTER_SET_CLIENT=@@CHARACTER_SET_CLIENT */;
/*!40101 SET NAMES utf8 */;
/*!40014 SET @OLD_FOREIGN_KEY_CHECKS=@@FOREIGN_KEY_CHECKS, FOREIGN_KEY_CHECKS=0 */;
/*!40101 SET @OLD_SQL_MODE=@@SQL_MODE, SQL_MODE='NO_AUTO_VALUE_ON_ZERO' */;

-- Dumping database structure for ci-0352
CREATE DATABASE IF NOT EXISTS `ci-0352` /*!40100 DEFAULT CHARACTER SET utf8 */;
USE `ci-0352`;


-- Dumping structure for таблиця ci-0352.agenda
CREATE TABLE IF NOT EXISTS `agenda` (
  `data_key` char(16) NOT NULL,
  `customer_id` int(11) unsigned NOT NULL DEFAULT '0',
  `title` varchar(150) NOT NULL,
  `start_date` date NOT NULL,
  `start_time` time NOT NULL,
  `end_date` date NOT NULL,
  `end_time` time NOT NULL,
  `allDay` tinyint(1) unsigned NOT NULL DEFAULT '0',
  PRIMARY KEY (`data_key`),
  KEY `customer_id` (`customer_id`)
) ENGINE=MyISAM DEFAULT CHARSET=utf8;

-- Dumping data for table ci-0352.agenda: 9 rows
/*!40000 ALTER TABLE `agenda` DISABLE KEYS */;
INSERT INTO `agenda` (`data_key`, `customer_id`, `title`, `start_date`, `start_time`, `end_date`, `end_time`, `allDay`) VALUES
	('245B77E9E6A99142', 1, 'test event 2', '2013-07-06', '09:30:00', '2013-07-06', '15:00:00', 0),
	('6FEF1F2FFB81F0B9', 7, 'Training', '2013-07-04', '19:00:00', '2013-07-04', '21:30:00', 0),
	('D8B424E4AE421A25', 7, 'Work', '2013-07-04', '10:00:00', '2013-07-04', '18:00:00', 0),
	('4C20555D3AC9DB9C', 7, 'test', '2014-02-01', '11:30:00', '2014-02-01', '18:00:00', 0),
	('39CAE9049CBA3F81', 7, 'testing 123', '2015-03-17', '15:30:00', '2015-03-17', '16:30:00', 0),
	('2B4BD2F969A8629A', 7, 'Test event 1', '2015-03-18', '12:00:00', '2015-03-18', '15:00:00', 0),
	('8ADFC1BE985082B8', 7, 'Test event 2', '2015-03-18', '10:00:00', '2015-03-18', '11:30:00', 0),
	('B29E2EF2DD7C89CC', 7, 'Some event', '2015-03-19', '00:00:00', '0000-00-00', '00:00:00', 0),
	('D0E0983D69902BF2', 7, 'test', '2015-03-20', '13:20:00', '0000-00-00', '00:00:00', 0);
/*!40000 ALTER TABLE `agenda` ENABLE KEYS */;


-- Dumping structure for таблиця ci-0352.articles
CREATE TABLE IF NOT EXISTS `articles` (
  `id` int(10) unsigned NOT NULL AUTO_INCREMENT,
  `head_lang_id` int(11) unsigned NOT NULL DEFAULT '0',
  `slug_lang_id` int(11) unsigned NOT NULL DEFAULT '0',
  `meta_keywords_lang_id` int(11) unsigned NOT NULL DEFAULT '0',
  `meta_description_lang_id` int(11) unsigned NOT NULL DEFAULT '0',
  `body_lang_id` int(11) unsigned NOT NULL DEFAULT '0',
  `pub_date` datetime NOT NULL DEFAULT '0000-00-00 00:00:00',
  `author_lang_id` int(11) unsigned NOT NULL DEFAULT '0',
  `source` varchar(255) NOT NULL,
  `comments_opened` enum('default','no','yes') NOT NULL DEFAULT 'default',
  PRIMARY KEY (`id`)
) ENGINE=MyISAM AUTO_INCREMENT=11 DEFAULT CHARSET=utf8;

-- Dumping data for table ci-0352.articles: 4 rows
/*!40000 ALTER TABLE `articles` DISABLE KEYS */;
INSERT INTO `articles` (`id`, `head_lang_id`, `slug_lang_id`, `meta_keywords_lang_id`, `meta_description_lang_id`, `body_lang_id`, `pub_date`, `author_lang_id`, `source`, `comments_opened`) VALUES
	(3, 47, 274, 330, 331, 48, '2011-07-25 15:50:28', 49, 'http://test.com', 'default'),
	(5, 279, 282, 332, 333, 280, '2011-07-28 23:08:32', 281, 'http://test.com', 'default'),
	(9, 972, 977, 973, 974, 975, '2012-08-22 23:42:21', 976, '', 'default'),
	(10, 978, 983, 979, 980, 981, '2012-08-22 23:44:11', 982, '', 'default');
/*!40000 ALTER TABLE `articles` ENABLE KEYS */;


-- Dumping structure for таблиця ci-0352.articles_categories_list
CREATE TABLE IF NOT EXISTS `articles_categories_list` (
  `id` int(10) unsigned NOT NULL AUTO_INCREMENT,
  `category_lang_id` int(11) unsigned NOT NULL DEFAULT '0',
  `parent_id` int(10) unsigned NOT NULL DEFAULT '0',
  `sort` int(5) unsigned NOT NULL DEFAULT '0',
  PRIMARY KEY (`id`),
  KEY `parent_id` (`parent_id`),
  KEY `sort` (`sort`)
) ENGINE=MyISAM AUTO_INCREMENT=30 DEFAULT CHARSET=utf8;

-- Dumping data for table ci-0352.articles_categories_list: 11 rows
/*!40000 ALTER TABLE `articles_categories_list` DISABLE KEYS */;
INSERT INTO `articles_categories_list` (`id`, `category_lang_id`, `parent_id`, `sort`) VALUES
	(1, 252, 0, 0),
	(18, 253, 0, 1),
	(19, 254, 0, 2),
	(20, 255, 1, 0),
	(21, 256, 1, 1),
	(23, 338, 0, 3),
	(25, 420, 20, 0),
	(26, 421, 20, 1),
	(27, 446, 18, 0),
	(28, 447, 18, 1),
	(29, 448, 27, 0);
/*!40000 ALTER TABLE `articles_categories_list` ENABLE KEYS */;


-- Dumping structure for таблиця ci-0352.assortment
CREATE TABLE IF NOT EXISTS `assortment` (
  `data_key` char(16) NOT NULL,
  `pub_date` timestamp NOT NULL DEFAULT CURRENT_TIMESTAMP,
  `name` varchar(150) NOT NULL,
  `logo` varchar(40) NOT NULL,
  `img` varchar(40) NOT NULL,
  `country` varchar(100) NOT NULL,
  `warranty` tinyint(2) unsigned NOT NULL DEFAULT '0',
  `type1` varchar(100) NOT NULL,
  `price1` int(5) unsigned NOT NULL DEFAULT '0',
  `type2` varchar(100) NOT NULL,
  `price2` int(5) unsigned NOT NULL DEFAULT '0',
  `type3` varchar(100) NOT NULL,
  `price3` int(5) unsigned NOT NULL DEFAULT '0',
  `description` text NOT NULL,
  `characteristics` text NOT NULL,
  `assortment` text NOT NULL,
  `accessories` text NOT NULL,
  PRIMARY KEY (`data_key`)
) ENGINE=MyISAM DEFAULT CHARSET=utf8;

-- Dumping data for table ci-0352.assortment: 4 rows
/*!40000 ALTER TABLE `assortment` DISABLE KEYS */;
INSERT INTO `assortment` (`data_key`, `pub_date`, `name`, `logo`, `img`, `country`, `warranty`, `type1`, `price1`, `type2`, `price2`, `type3`, `price3`, `description`, `characteristics`, `assortment`, `accessories`) VALUES
	('E84BBCBEF6F1AB25', '2012-05-31 12:26:26', 'Композитная черепица', '', '067659da993bceb9ab4a6053ad641144.jpg', 'Бельгия', 30, 'MetroBond', 198, 'MetroRoman', 204, 'MetroShake', 198, '', '', '', ''),
	('20CF8BF0BAD1EFBE', '2012-05-31 12:30:02', 'Металлочерепица RUUKKI', '', '19bd8efb691008809345dcc68640d3a3.jpg', 'Финляндия', 20, 'Decorrey PE', 63, 'Monterrey PUMA', 102, 'Finnera PUREX', 80, '', '', '', ''),
	('106955215EFFBBA0', '2012-05-31 12:31:13', 'Битумная черепица KATEPAL', '', 'bf11dae9f4377d5dd549d28921590e83.jpg', 'Финляндия', 25, 'KL', 70, 'Super Katrilli', 87, 'Super Rocky', 83, '', '', '', ''),
	('8B3520604DA85CD2', '2012-05-31 12:33:01', 'Цементно песчаная черепица', '', 'bf584baa42cef1151c770ff3e738606d.jpg', 'Украина', 30, 'Двойная Римская	', 78, 'Венециано', 88, '', 0, '', '', '', '');
/*!40000 ALTER TABLE `assortment` ENABLE KEYS */;


-- Dumping structure for таблиця ci-0352.auto_responders
CREATE TABLE IF NOT EXISTS `auto_responders` (
  `id` tinyint(3) unsigned NOT NULL AUTO_INCREMENT,
  `subject_lang_id` int(11) unsigned NOT NULL DEFAULT '0',
  `message_lang_id` int(11) unsigned NOT NULL DEFAULT '0',
  `enabled` tinyint(1) unsigned NOT NULL DEFAULT '0',
  PRIMARY KEY (`id`)
) ENGINE=MyISAM AUTO_INCREMENT=6 DEFAULT CHARSET=utf8;

-- Dumping data for table ci-0352.auto_responders: 5 rows
/*!40000 ALTER TABLE `auto_responders` DISABLE KEYS */;
INSERT INTO `auto_responders` (`id`, `subject_lang_id`, `message_lang_id`, `enabled`) VALUES
	(1, 50, 51, 1),
	(2, 52, 53, 1),
	(3, 54, 55, 1),
	(4, 56, 57, 1),
	(5, 319, 320, 1);
/*!40000 ALTER TABLE `auto_responders` ENABLE KEYS */;


-- Dumping structure for таблиця ci-0352.books
CREATE TABLE IF NOT EXISTS `books` (
  `data_key` char(16) NOT NULL,
  `pub_date` timestamp NOT NULL DEFAULT CURRENT_TIMESTAMP,
  `ISBN` varchar(25) NOT NULL,
  `name_lang_id` int(11) unsigned NOT NULL DEFAULT '0',
  `slug_lang_id` int(11) unsigned NOT NULL DEFAULT '0',
  `price` decimal(7,2) unsigned NOT NULL DEFAULT '0.00',
  `old_price` decimal(7,2) unsigned NOT NULL DEFAULT '0.00',
  `author_lang_id` int(11) unsigned NOT NULL DEFAULT '0',
  `language` varchar(6) NOT NULL,
  `year` int(4) unsigned NOT NULL DEFAULT '0',
  `manufacturer_id` int(5) unsigned NOT NULL DEFAULT '0',
  `number_of_pages` int(4) unsigned NOT NULL DEFAULT '0',
  `cover` varchar(6) NOT NULL,
  `photo1` varchar(40) NOT NULL,
  `more_images` tinyint(1) unsigned NOT NULL DEFAULT '0',
  `photo2` varchar(40) NOT NULL,
  `photo3` varchar(40) NOT NULL,
  `photo4` varchar(40) NOT NULL,
  `photo5` varchar(40) NOT NULL,
  `description_lang_id` int(11) unsigned NOT NULL DEFAULT '0',
  `featured` tinyint(1) unsigned NOT NULL DEFAULT '0',
  `in_stock` tinyint(1) unsigned NOT NULL DEFAULT '0',
  `views` int(11) unsigned NOT NULL DEFAULT '0',
  PRIMARY KEY (`data_key`),
  KEY `pub_date` (`pub_date`),
  KEY `year` (`year`),
  KEY `manufacturer_id` (`manufacturer_id`),
  KEY `ISBN` (`ISBN`),
  KEY `price` (`price`),
  KEY `language` (`language`),
  KEY `cover` (`cover`),
  KEY `featured` (`featured`),
  KEY `in_stock` (`in_stock`),
  KEY `photo1` (`photo1`),
  KEY `slug_lang_id` (`slug_lang_id`)
) ENGINE=MyISAM DEFAULT CHARSET=utf8;

-- Dumping data for table ci-0352.books: 2 rows
/*!40000 ALTER TABLE `books` DISABLE KEYS */;
INSERT INTO `books` (`data_key`, `pub_date`, `ISBN`, `name_lang_id`, `slug_lang_id`, `price`, `old_price`, `author_lang_id`, `language`, `year`, `manufacturer_id`, `number_of_pages`, `cover`, `photo1`, `more_images`, `photo2`, `photo3`, `photo4`, `photo5`, `description_lang_id`, `featured`, `in_stock`, `views`) VALUES
	('9BE5581C26CFEE74', '2012-11-15 11:49:57', '12346', 1146, 1149, 83.96, 0.00, 1147, 'a_175', 2000, 0, 200, 'a_178', 'd6593ee01e063c44fec380c703d932bd.JPG', 0, '', '', '', '', 1148, 0, 1, 0),
	('968E936A97AC4D56', '2012-12-11 12:23:05', '978-966-2720-03-7', 1150, 1153, 61.69, 0.00, 1151, 'a_175', 2012, 0, 240, 'a_177', '9604ce00867bf14702f00cf3d2c5f38d.jpg', 0, '', '', '', '', 1152, 0, 1, 1);
/*!40000 ALTER TABLE `books` ENABLE KEYS */;


-- Dumping structure for таблиця ci-0352.captcha
CREATE TABLE IF NOT EXISTS `captcha` (
  `captcha_id` bigint(13) unsigned NOT NULL AUTO_INCREMENT,
  `captcha_time` int(10) unsigned NOT NULL,
  `ip_address` varchar(16) NOT NULL DEFAULT '0',
  `word` varchar(20) NOT NULL,
  PRIMARY KEY (`captcha_id`),
  KEY `word` (`word`)
) ENGINE=MyISAM AUTO_INCREMENT=1347 DEFAULT CHARSET=utf8;

-- Dumping data for table ci-0352.captcha: 0 rows
/*!40000 ALTER TABLE `captcha` DISABLE KEYS */;
/*!40000 ALTER TABLE `captcha` ENABLE KEYS */;


-- Dumping structure for таблиця ci-0352.carriers
CREATE TABLE IF NOT EXISTS `carriers` (
  `data_key` char(16) NOT NULL,
  `customer_id` int(11) unsigned NOT NULL DEFAULT '0',
  `pub_date` timestamp NOT NULL DEFAULT CURRENT_TIMESTAMP,
  `ownership_of_carrier` varchar(150) NOT NULL,
  `vehicle_model` varchar(150) NOT NULL,
  `number_of_sitting_places` int(5) unsigned NOT NULL DEFAULT '0',
  `presence_of_folding_seats` char(3) NOT NULL,
  `ability_to_view_video` char(3) NOT NULL,
  `photo1` varchar(40) NOT NULL,
  `schedule_of_days` text NOT NULL,
  `schedule_of_hours` text NOT NULL,
  `route_name` varchar(150) NOT NULL,
  `stops_along_route` text NOT NULL,
  `price` decimal(7,2) NOT NULL DEFAULT '0.00',
  `presence_of_luggage` char(3) NOT NULL,
  `additional_info` text NOT NULL,
  PRIMARY KEY (`data_key`),
  KEY `pub_date` (`pub_date`),
  KEY `customer_id` (`customer_id`)
) ENGINE=MyISAM DEFAULT CHARSET=utf8;

-- Dumping data for table ci-0352.carriers: 1 rows
/*!40000 ALTER TABLE `carriers` DISABLE KEYS */;
INSERT INTO `carriers` (`data_key`, `customer_id`, `pub_date`, `ownership_of_carrier`, `vehicle_model`, `number_of_sitting_places`, `presence_of_folding_seats`, `ability_to_view_video`, `photo1`, `schedule_of_days`, `schedule_of_hours`, `route_name`, `stops_along_route`, `price`, `presence_of_luggage`, `additional_info`) VALUES
	('544B7074FAD3793A', 7, '2012-10-30 18:00:17', 'Some Company', 'Mercedes', 10, 'yes', 'no', '4a6fc1a9d2049a6004fefdee20598cb2.jpg', 'Mon 10-20\r\nTue 10-20\r\nWed - 9-19', '', 'Ternopil - Lviv', '', 55.00, 'yes', 'test info');
/*!40000 ALTER TABLE `carriers` ENABLE KEYS */;


-- Dumping structure for таблиця ci-0352.categories_list
CREATE TABLE IF NOT EXISTS `categories_list` (
  `id` int(10) unsigned NOT NULL AUTO_INCREMENT,
  `category_lang_id` int(11) unsigned NOT NULL DEFAULT '0',
  `parent_id` int(10) unsigned NOT NULL DEFAULT '0',
  `sort` int(5) unsigned NOT NULL DEFAULT '0',
  PRIMARY KEY (`id`),
  KEY `parent_id` (`parent_id`),
  KEY `sort` (`sort`)
) ENGINE=MyISAM AUTO_INCREMENT=92 DEFAULT CHARSET=utf8;

-- Dumping data for table ci-0352.categories_list: 26 rows
/*!40000 ALTER TABLE `categories_list` DISABLE KEYS */;
INSERT INTO `categories_list` (`id`, `category_lang_id`, `parent_id`, `sort`) VALUES
	(34, 177, 0, 0),
	(35, 178, 0, 1),
	(36, 179, 0, 2),
	(37, 180, 0, 3),
	(38, 181, 0, 4),
	(39, 182, 0, 5),
	(40, 183, 35, 0),
	(41, 184, 35, 1),
	(42, 185, 35, 2),
	(43, 186, 37, 0),
	(44, 187, 37, 1),
	(45, 188, 37, 2),
	(46, 189, 37, 3),
	(47, 190, 37, 4),
	(48, 191, 39, 1),
	(49, 192, 39, 2),
	(50, 193, 39, 3),
	(51, 194, 39, 4),
	(52, 195, 39, 5),
	(53, 196, 39, 6),
	(54, 197, 39, 7),
	(55, 198, 39, 8),
	(56, 199, 39, 9),
	(57, 200, 39, 11),
	(58, 201, 39, 10),
	(59, 202, 39, 0);
/*!40000 ALTER TABLE `categories_list` ENABLE KEYS */;


-- Dumping structure for таблиця ci-0352.comments
CREATE TABLE IF NOT EXISTS `comments` (
  `id` bigint(20) unsigned NOT NULL AUTO_INCREMENT,
  `post_id` bigint(20) unsigned NOT NULL DEFAULT '0',
  `parent_id` bigint(20) unsigned NOT NULL DEFAULT '0',
  `table` varchar(100) NOT NULL,
  `customer_id` int(11) unsigned NOT NULL DEFAULT '0',
  `comment_author` varchar(150) NOT NULL,
  `comment_author_email` varchar(150) NOT NULL,
  `comment_author_url` varchar(255) NOT NULL,
  `comment_author_ip` varchar(15) NOT NULL,
  `comment_date` timestamp NOT NULL DEFAULT CURRENT_TIMESTAMP,
  `comment_content` text NOT NULL,
  `comment_approved` tinyint(1) NOT NULL DEFAULT '1',
  PRIMARY KEY (`id`),
  KEY `comment_approved` (`comment_approved`),
  KEY `post_id` (`post_id`),
  KEY `parent_id` (`parent_id`)
) ENGINE=MyISAM AUTO_INCREMENT=34 DEFAULT CHARSET=utf8;

-- Dumping data for table ci-0352.comments: 1 rows
/*!40000 ALTER TABLE `comments` DISABLE KEYS */;
INSERT INTO `comments` (`id`, `post_id`, `parent_id`, `table`, `customer_id`, `comment_author`, `comment_author_email`, `comment_author_url`, `comment_author_ip`, `comment_date`, `comment_content`, `comment_approved`) VALUES
	(11, 13, 0, 'news', 21, 'Tester', 'tester@test.com', '', '127.0.0.1', '2011-09-07 22:24:01', 'test', 1);
/*!40000 ALTER TABLE `comments` ENABLE KEYS */;


-- Dumping structure for таблиця ci-0352.companies
CREATE TABLE IF NOT EXISTS `companies` (
  `id` int(10) unsigned NOT NULL AUTO_INCREMENT,
  `name` varchar(255) NOT NULL,
  `email` varchar(255) NOT NULL,
  `phone` varchar(20) NOT NULL,
  `phone2` varchar(20) NOT NULL,
  `fax` varchar(20) NOT NULL,
  `website` varchar(255) NOT NULL,
  `city` varchar(100) NOT NULL,
  `region` varchar(100) NOT NULL,
  `address` varchar(255) NOT NULL,
  `work_time` varchar(100) NOT NULL,
  `short_description` text,
  `services` text,
  `long_description` text,
  `image` varchar(255) NOT NULL,
  `pub_date` datetime NOT NULL,
  `views` int(11) unsigned NOT NULL DEFAULT '0',
  PRIMARY KEY (`id`),
  UNIQUE KEY `name` (`name`)
) ENGINE=MyISAM AUTO_INCREMENT=18 DEFAULT CHARSET=utf8;

-- Dumping data for table ci-0352.companies: 9 rows
/*!40000 ALTER TABLE `companies` DISABLE KEYS */;
INSERT INTO `companies` (`id`, `name`, `email`, `phone`, `phone2`, `fax`, `website`, `city`, `region`, `address`, `work_time`, `short_description`, `services`, `long_description`, `image`, `pub_date`, `views`) VALUES
	(2, 'Company Name', 'test@test.com', '55-55-55', '66-66-66', '44-44-44', 'http://test.com', 'Тернопіль', 'Новий Світ', 'вул. Котляревського, 29', '9-18, об. 13-14, Вих.: Сб., Нд.', 'test short', 'services', 'test long ///', '0.69091900 1311025079.jpg', '2008-05-09 02:46:16', 1),
	(3, 'Millenium 1', 'customer@test.com', '', '', '', '', 'New York', '', '5712 north 93rd', '', '', '', '', '0.09491600 1311456317.png', '2008-05-09 02:53:48', 2),
	(4, 'Millenium 2', 'woomer@test.com', '', '', '', '', 'New York', '', '5712 north 93rd', '', '', '', '', '', '2008-05-09 02:56:31', 0),
	(5, 'Company Name 2', 'zoomer@test.com', '', '', '', '', 'ternopil', '', 'address', '', '', '', '', '', '2008-05-11 02:28:14', 1),
	(6, 'Millenium 3', '', '', '', '', '', 'Bronx', '', '5712 north 93rd', '', '', '', '', '', '2008-05-19 01:04:10', 0),
	(14, 'Авіатранспорт', 'zzz@test.com', '55-55-55', '', '44-44-44', '', 'Ternopil', '', 'Address', '', '', '', '', '', '2010-11-07 15:01:10', 2),
	(15, 'Автотранспортні перевезення, послуги', 'www@test.com', '55-55-55', '', '44-44-44', 'http://test.com', 'Тернопіль', '', 'Zluki St.', '', '', '', '', '', '2010-11-13 15:53:50', 0),
	(16, 'Millenium 6', 'millenium6@test.com', '', '', '', '', 'Ternopil', '', '', '', '', '', '', '', '1970-01-01 02:00:00', 0),
	(17, 'Millenium 7', '', '', '', '', '', 'Ternopil', '', '', '', '', '', '', '', '2011-01-15 17:35:50', 1);
/*!40000 ALTER TABLE `companies` ENABLE KEYS */;


-- Dumping structure for таблиця ci-0352.currency
CREATE TABLE IF NOT EXISTS `currency` (
  `id` tinyint(3) unsigned NOT NULL AUTO_INCREMENT,
  `code` char(3) NOT NULL DEFAULT '',
  `title` varchar(20) NOT NULL DEFAULT '',
  `exchange_rate` float(5,2) unsigned NOT NULL DEFAULT '1.00',
  `symbol` char(10) NOT NULL,
  `symbol_location` enum('before','after') NOT NULL DEFAULT 'before',
  `default` tinyint(1) unsigned NOT NULL DEFAULT '0',
  `enabled` tinyint(1) unsigned NOT NULL DEFAULT '0',
  PRIMARY KEY (`id`)
) ENGINE=MyISAM AUTO_INCREMENT=4 DEFAULT CHARSET=utf8;

-- Dumping data for table ci-0352.currency: 3 rows
/*!40000 ALTER TABLE `currency` DISABLE KEYS */;
INSERT INTO `currency` (`id`, `code`, `title`, `exchange_rate`, `symbol`, `symbol_location`, `default`, `enabled`) VALUES
	(1, 'USD', 'US Dollar', 1.00, '$', 'before', 0, 1),
	(2, 'EUR', 'EURO', 0.74, '&euro;', 'before', 0, 1),
	(3, 'UAH', 'Гривня', 8.00, 'грн.', 'after', 1, 1);
/*!40000 ALTER TABLE `currency` ENABLE KEYS */;


-- Dumping structure for таблиця ci-0352.customers
CREATE TABLE IF NOT EXISTS `customers` (
  `id` int(11) unsigned NOT NULL AUTO_INCREMENT,
  `group_id` tinyint(1) unsigned NOT NULL DEFAULT '1',
  `email` varchar(255) NOT NULL,
  `password` varchar(32) NOT NULL,
  `name` varchar(100) NOT NULL DEFAULT '',
  `surname` varchar(100) NOT NULL DEFAULT '',
  `phone` varchar(20) DEFAULT NULL,
  `phone2` varchar(20) DEFAULT NULL,
  `website` varchar(255) DEFAULT NULL,
  `city` varchar(100) DEFAULT NULL,
  `address` varchar(100) DEFAULT NULL,
  `zip_code` varchar(20) DEFAULT NULL,
  `reg_date` datetime NOT NULL,
  `last_logged` datetime NOT NULL,
  PRIMARY KEY (`id`),
  UNIQUE KEY `email` (`email`),
  KEY `email_and_password` (`email`,`password`)
) ENGINE=MyISAM AUTO_INCREMENT=88 DEFAULT CHARSET=utf8;

-- Dumping data for table ci-0352.customers: 8 rows
/*!40000 ALTER TABLE `customers` DISABLE KEYS */;
INSERT INTO `customers` (`id`, `group_id`, `email`, `password`, `name`, `surname`, `phone`, `phone2`, `website`, `city`, `address`, `zip_code`, `reg_date`, `last_logged`) VALUES
	(1, 1, 'cooler@test.com', '3069d335a3c67d50a612753090692686', 'Cool', 'Guy', '', '', '', NULL, NULL, NULL, '2008-05-09 02:46:16', '0000-00-00 00:00:00'),
	(2, 1, 'david@test.com', '91ec1f9324753048c0096d036a694f86', 'David', 'Simpson', '', NULL, NULL, NULL, NULL, NULL, '2008-05-09 02:53:48', '0000-00-00 00:00:00'),
	(3, 1, 'john@test.com', '827ccb0eea8a706c4c34a16891f84e7b', 'John', 'Doe', '', NULL, NULL, NULL, NULL, NULL, '2008-05-09 02:56:31', '0000-00-00 00:00:00'),
	(4, 1, 'zoomer@test.com', '827ccb0eea8a706c4c34a16891f84e7b', 'Zoomer', 'Zoo', '', NULL, NULL, NULL, NULL, NULL, '2008-05-11 02:28:14', '0000-00-00 00:00:00'),
	(5, 1, 'jane@test.com', '827ccb0eea8a706c4c34a16891f84e7b', 'Jane', 'Summers', '', NULL, NULL, NULL, NULL, NULL, '2008-05-19 01:04:10', '0000-00-00 00:00:00'),
	(7, 2, 'admin@domain.com', '21232f297a57a5a743894a0e4a801fc3', 'Michael', 'Kovalskiy', 'Admin', '', 'password=admin', 'Ternopil', '', '46000', '2009-05-09 21:35:42', '2016-04-12 00:26:13'),
	(14, 1, 'killer-bob@test.com', '179ad45c6ce2cb97cf1029e212046e81', 'Bob', 'Killer', '', '', '', NULL, NULL, NULL, '2011-01-15 19:47:41', '0000-00-00 00:00:00'),
	(21, 3, 'tester@test.com', '179ad45c6ce2cb97cf1029e212046e81', 'Tester', 'Tester', '', '', '', '', '', '', '2011-03-02 16:19:02', '2012-08-03 16:17:12');
/*!40000 ALTER TABLE `customers` ENABLE KEYS */;


-- Dumping structure for таблиця ci-0352.discounts
CREATE TABLE IF NOT EXISTS `discounts` (
  `id` int(11) unsigned NOT NULL AUTO_INCREMENT,
  `products_count` int(4) unsigned NOT NULL DEFAULT '0',
  `order_amount` float(7,2) unsigned NOT NULL DEFAULT '0.00',
  `discount_percent` int(2) unsigned NOT NULL DEFAULT '0',
  PRIMARY KEY (`id`)
) ENGINE=MyISAM AUTO_INCREMENT=6 DEFAULT CHARSET=utf8;

-- Dumping data for table ci-0352.discounts: 5 rows
/*!40000 ALTER TABLE `discounts` DISABLE KEYS */;
INSERT INTO `discounts` (`id`, `products_count`, `order_amount`, `discount_percent`) VALUES
	(1, 0, 300.00, 3),
	(2, 0, 600.00, 6),
	(3, 5, 0.00, 5),
	(4, 10, 0.00, 10),
	(5, 10, 1000.00, 15);
/*!40000 ALTER TABLE `discounts` ENABLE KEYS */;


-- Dumping structure for таблиця ci-0352.discount_coupons
CREATE TABLE IF NOT EXISTS `discount_coupons` (
  `id` int(11) unsigned NOT NULL AUTO_INCREMENT,
  `percents` tinyint(2) unsigned NOT NULL DEFAULT '0',
  `amount` int(5) unsigned NOT NULL DEFAULT '0',
  `code` char(10) NOT NULL DEFAULT '',
  `possible_uses` int(3) unsigned NOT NULL DEFAULT '1',
  `used` int(3) unsigned NOT NULL DEFAULT '0',
  PRIMARY KEY (`id`),
  KEY `code` (`code`)
) ENGINE=MyISAM AUTO_INCREMENT=5 DEFAULT CHARSET=utf8;

-- Dumping data for table ci-0352.discount_coupons: 4 rows
/*!40000 ALTER TABLE `discount_coupons` DISABLE KEYS */;
INSERT INTO `discount_coupons` (`id`, `percents`, `amount`, `code`, `possible_uses`, `used`) VALUES
	(1, 10, 0, 'xhr0p5tNk9', 10, 5),
	(2, 0, 100, 'GsmgrVuJuP', 1, 1),
	(3, 5, 0, '8477292470', 100, 0),
	(4, 10, 0, 'vTbBlghyEr', 1, 0);
/*!40000 ALTER TABLE `discount_coupons` ENABLE KEYS */;


-- Dumping structure for таблиця ci-0352.documents
CREATE TABLE IF NOT EXISTS `documents` (
  `data_key` char(16) NOT NULL,
  `pub_date` timestamp NOT NULL DEFAULT CURRENT_TIMESTAMP,
  `name` varchar(255) NOT NULL DEFAULT '',
  `file_name` varchar(40) NOT NULL DEFAULT '',
  `category_id` int(5) NOT NULL DEFAULT '1',
  PRIMARY KEY (`data_key`),
  KEY `file` (`file_name`),
  KEY `category_id` (`category_id`)
) ENGINE=MyISAM AUTO_INCREMENT=196 DEFAULT CHARSET=utf8 ROW_FORMAT=DYNAMIC;

-- Dumping data for table ci-0352.documents: 2 rows
/*!40000 ALTER TABLE `documents` DISABLE KEYS */;
INSERT INTO `documents` (`data_key`, `pub_date`, `name`, `file_name`, `category_id`) VALUES
	('0CF5D1DB2A0E879F', '2015-10-03 22:19:24', 'Image 1', '34edc9c1283593c6a2bfb3928c44a4c4.jpg', 2),
	('AD63A72AF966D748', '2015-10-03 22:20:54', 'Image 2', '02a01cc66013698ba3dc30f0bcb24927.jpg', 2);
/*!40000 ALTER TABLE `documents` ENABLE KEYS */;


-- Dumping structure for таблиця ci-0352.documents_categories_list
CREATE TABLE IF NOT EXISTS `documents_categories_list` (
  `id` int(10) unsigned NOT NULL AUTO_INCREMENT,
  `category_lang_id` int(11) unsigned NOT NULL DEFAULT '0',
  `parent_id` int(10) unsigned NOT NULL DEFAULT '0',
  `sort` int(5) unsigned NOT NULL DEFAULT '0',
  PRIMARY KEY (`id`),
  KEY `parent_id` (`parent_id`),
  KEY `sort` (`sort`)
) ENGINE=MyISAM AUTO_INCREMENT=5 DEFAULT CHARSET=utf8 ROW_FORMAT=FIXED;

-- Dumping data for table ci-0352.documents_categories_list: 4 rows
/*!40000 ALTER TABLE `documents_categories_list` DISABLE KEYS */;
INSERT INTO `documents_categories_list` (`id`, `category_lang_id`, `parent_id`, `sort`) VALUES
	(1, 1188, 0, 0),
	(2, 1189, 0, 1),
	(3, 1190, 0, 2),
	(4, 1197, 0, 3);
/*!40000 ALTER TABLE `documents_categories_list` ENABLE KEYS */;


-- Dumping structure for таблиця ci-0352.email_tpl
CREATE TABLE IF NOT EXISTS `email_tpl` (
  `id` tinyint(3) unsigned NOT NULL AUTO_INCREMENT,
  `name` varchar(100) NOT NULL DEFAULT '',
  `content` text NOT NULL,
  PRIMARY KEY (`id`)
) ENGINE=MyISAM AUTO_INCREMENT=6 DEFAULT CHARSET=utf8;

-- Dumping data for table ci-0352.email_tpl: 2 rows
/*!40000 ALTER TABLE `email_tpl` DISABLE KEYS */;
INSERT INTO `email_tpl` (`id`, `name`, `content`) VALUES
	(1, 'Розсилка для користувачів', '<p>Шановний {name},</p>\r\n<p>&nbsp;</p>\r\n<p>&nbsp;</p>\r\n<p>&nbsp;</p>\r\n<hr />\r\n<p>&nbsp;</p>\r\n<p>Ви отримали цей лист тому що зареєстровані на&nbsp;{site_url}.</p>'),
	(2, 'Розсилка для підписчиків', '<p>&nbsp;</p>\r\n\r\n<p>&nbsp;</p>\r\n\r\n<p><span style="font-family: \'Times New Roman\';"><span style="font-size: 12px;"> </span></span></p>\r\n\r\n<hr />\r\n\r\n<p>Ви отримали цей лист тому що підписані на розсилку на&nbsp;{site_url}. Для того щоб відписатись зайдіть на {unsubscribe_link}</p>\r\n\r\n<p>&nbsp;</p>');
/*!40000 ALTER TABLE `email_tpl` ENABLE KEYS */;


-- Dumping structure for таблиця ci-0352.faq
CREATE TABLE IF NOT EXISTS `faq` (
  `id` int(10) unsigned NOT NULL AUTO_INCREMENT,
  `question_lang_id` int(11) unsigned NOT NULL DEFAULT '0',
  `answer_lang_id` int(11) unsigned NOT NULL DEFAULT '0',
  PRIMARY KEY (`id`)
) ENGINE=MyISAM AUTO_INCREMENT=16 DEFAULT CHARSET=utf8;

-- Dumping data for table ci-0352.faq: 2 rows
/*!40000 ALTER TABLE `faq` DISABLE KEYS */;
INSERT INTO `faq` (`id`, `question_lang_id`, `answer_lang_id`) VALUES
	(11, 35, 36),
	(12, 37, 38);
/*!40000 ALTER TABLE `faq` ENABLE KEYS */;


-- Dumping structure for таблиця ci-0352.filters
CREATE TABLE IF NOT EXISTS `filters` (
  `id` int(11) unsigned NOT NULL AUTO_INCREMENT,
  `filter_group_id` int(11) unsigned DEFAULT '0',
  `title_lang_id` int(11) unsigned DEFAULT '0',
  `code` varchar(100) DEFAULT '',
  `query` text,
  `active` tinyint(1) unsigned DEFAULT '1',
  `panel` enum('both','admin','front') NOT NULL DEFAULT 'both',
  `sort` int(11) unsigned NOT NULL DEFAULT '0',
  PRIMARY KEY (`id`),
  KEY `filter_group_id` (`filter_group_id`)
) ENGINE=MyISAM AUTO_INCREMENT=21 DEFAULT CHARSET=utf8;

-- Dumping data for table ci-0352.filters: 20 rows
/*!40000 ALTER TABLE `filters` DISABLE KEYS */;
INSERT INTO `filters` (`id`, `filter_group_id`, `title_lang_id`, `code`, `query`, `active`, `panel`, `sort`) VALUES
	(1, 1, 375, 'featured_products', 'featured=\'1\'', 1, 'both', 1),
	(2, 2, 377, 'admin_groups', 'admin_access=\'1\'', 1, 'admin', 0),
	(3, 2, 379, 'customers_groups', 'admin_access=\'0\'', 1, 'admin', 1),
	(4, 1, 397, 'products_in_stock', 'in_stock=\'1\'', 1, 'admin', 0),
	(5, 4, 399, 'price_10_20', 'price BETWEEN 10 AND 20', 1, 'both', 0),
	(6, 4, 400, 'price_20_50', 'price BETWEEN 20 AND 50', 1, 'both', 1),
	(7, 4, 401, 'price_50_100', 'price BETWEEN 50 AND 100', 1, 'both', 2),
	(8, 4, 402, 'price_100_200', 'price BETWEEN 100 AND 200', 1, 'both', 3),
	(9, 4, 403, 'price_200_500', 'price BETWEEN 200 AND 500', 1, 'both', 4),
	(10, 4, 404, 'price_500_1000', 'price BETWEEN 500 AND 1000', 1, 'both', 5),
	(11, 4, 405, 'price_more_1000', 'price >= 1000', 1, 'both', 6),
	(12, 1, 406, 'special_offers_products', 'old_price!=\'\'', 1, 'both', 2),
	(13, 1, 407, 'products_with_image', 'image!=\'\'', 1, 'admin', 3),
	(14, 1, 408, 'products_with_youtube_video', 'youtube_url!=\'\'', 1, 'admin', 4),
	(15, 6, 423, 'pending_orders', 'status=\'0\'', 1, 'admin', 0),
	(16, 7, 425, 'active_polls', 'active=\'1\'', 1, 'admin', 0),
	(17, 8, 427, 'active_quizes', 'active=\'1\'', 1, 'admin', 0),
	(18, 9, 429, 'comments_for_articles', '`table`=\'articles\'', 1, 'admin', 0),
	(19, 9, 430, 'comments_for_news', '`table`=\'news\'', 1, 'admin', 1),
	(20, 9, 431, 'comments_for_products', '`table`=\'products\'', 1, 'admin', 2);
/*!40000 ALTER TABLE `filters` ENABLE KEYS */;


-- Dumping structure for таблиця ci-0352.filters_groups
CREATE TABLE IF NOT EXISTS `filters_groups` (
  `id` int(10) unsigned NOT NULL AUTO_INCREMENT,
  `title_lang_id` int(10) unsigned NOT NULL DEFAULT '0',
  `section` varchar(100) NOT NULL DEFAULT '',
  `active` tinyint(1) unsigned NOT NULL DEFAULT '0',
  `connector` enum('AND','OR') NOT NULL DEFAULT 'AND',
  `sort` int(10) unsigned NOT NULL DEFAULT '0',
  PRIMARY KEY (`id`),
  KEY `section` (`section`),
  KEY `active` (`active`)
) ENGINE=MyISAM AUTO_INCREMENT=10 DEFAULT CHARSET=utf8;

-- Dumping data for table ci-0352.filters_groups: 8 rows
/*!40000 ALTER TABLE `filters_groups` DISABLE KEYS */;
INSERT INTO `filters_groups` (`id`, `title_lang_id`, `section`, `active`, `connector`, `sort`) VALUES
	(1, 374, 'products', 1, 'AND', 2),
	(2, 376, 'groups', 1, 'OR', 0),
	(3, 378, 'customers', 1, 'AND', 1),
	(4, 398, 'products', 1, 'OR', 3),
	(6, 422, 'orders', 1, 'AND', 4),
	(7, 424, 'poll', 1, 'AND', 5),
	(8, 426, 'quiz', 1, 'AND', 6),
	(9, 428, 'comments', 1, 'OR', 7);
/*!40000 ALTER TABLE `filters_groups` ENABLE KEYS */;


-- Dumping structure for таблиця ci-0352.food
CREATE TABLE IF NOT EXISTS `food` (
  `data_key` char(16) NOT NULL,
  `customer_id` int(11) unsigned NOT NULL DEFAULT '0',
  `pub_date` timestamp NOT NULL DEFAULT CURRENT_TIMESTAMP,
  `price` decimal(7,2) NOT NULL DEFAULT '0.00',
  `place` text NOT NULL,
  `map` varchar(40) NOT NULL,
  `photo1` varchar(40) NOT NULL,
  `description` text NOT NULL,
  `business_lunch` tinyint(1) unsigned NOT NULL DEFAULT '0',
  `possible_activities` varchar(255) NOT NULL,
  `cuisine` varchar(255) NOT NULL,
  `other_comments` text NOT NULL,
  PRIMARY KEY (`data_key`),
  KEY `customer_id` (`customer_id`),
  KEY `pub_date` (`pub_date`)
) ENGINE=MyISAM DEFAULT CHARSET=utf8;

-- Dumping data for table ci-0352.food: 1 rows
/*!40000 ALTER TABLE `food` DISABLE KEYS */;
INSERT INTO `food` (`data_key`, `customer_id`, `pub_date`, `price`, `place`, `map`, `photo1`, `description`, `business_lunch`, `possible_activities`, `cuisine`, `other_comments`) VALUES
	('2397DBC53A6F7E40', 7, '2012-10-22 22:26:36', 99.95, 'accessible by ski\r\ncar parking \r\nwalking distance', 'c0ce32f90e8d3cf3704671890307d9d4.jpg', 'd965fadb8646c05705d4ed4882bcc6b1.jpg', 'test\r\ntest\r\ntest\r\n', 1, 'a_118', 'a_121|a_122|a_124', 'test comments');
/*!40000 ALTER TABLE `food` ENABLE KEYS */;


-- Dumping structure for таблиця ci-0352.forms
CREATE TABLE IF NOT EXISTS `forms` (
  `id` int(11) unsigned NOT NULL AUTO_INCREMENT,
  `html_id` varchar(50) NOT NULL,
  `store_in_table` varchar(50) NOT NULL,
  `action` text NOT NULL,
  `method` enum('post','get') NOT NULL DEFAULT 'post',
  `multipart` enum('no','yes') NOT NULL DEFAULT 'no',
  `label_lang_id` int(11) unsigned NOT NULL DEFAULT '0',
  PRIMARY KEY (`id`),
  UNIQUE KEY `html_id` (`html_id`)
) ENGINE=MyISAM AUTO_INCREMENT=42 DEFAULT CHARSET=utf8;

-- Dumping data for table ci-0352.forms: 24 rows
/*!40000 ALTER TABLE `forms` DISABLE KEYS */;
INSERT INTO `forms` (`id`, `html_id`, `store_in_table`, `action`, `method`, `multipart`, `label_lang_id`) VALUES
	(2, 'contact', '', '', 'post', 'no', 437),
	(14, 'customer-satisfaction-survey', '', '', 'post', 'no', 504),
	(19, 'avatar', 'from_store_avatars', '', 'post', 'yes', 552),
	(20, 'videos', 'videos', '', 'post', 'no', 568),
	(21, 'test-multilang', 'test-multilang', '', 'post', 'no', 574),
	(22, 'tasks', 'tasks', '', 'post', 'yes', 601),
	(23, 'accommodations', 'accommodations', '', 'post', 'yes', 662),
	(24, 'shipping', 'shipping', '', 'post', 'no', 759),
	(25, 'carriers', 'carriers', '', 'post', 'yes', 766),
	(26, 'food', 'food', '', 'post', 'yes', 781),
	(27, 'instructors', 'instructors', '', 'post', 'yes', 803),
	(28, 'assortment', 'assortment', '', 'post', 'yes', 845),
	(29, 'TMP', '', '', 'post', 'no', 857),
	(30, 'slideshow', 'slideshow', '', 'post', 'yes', 869),
	(31, 'spiderweb', 'spiderweb', '', 'post', 'no', 884),
	(32, 'reports', 'reports', '', 'post', 'no', 890),
	(33, 'find_instructor', '', '', 'post', 'no', 950),
	(34, 'orders_customer_info', 'orders_customer_info', '', 'post', 'no', 963),
	(37, 'find_food', '', '', 'post', 'no', 1074),
	(36, 'find_carrier', '', '', 'post', 'no', 1063),
	(38, 'books', 'books', '', 'post', 'yes', 1085),
	(39, 'find-book', '', '', 'post', 'no', 1154),
	(40, 'agenda', 'agenda', '', 'post', 'no', 1167),
	(41, 'documents', 'documents', '', 'post', 'yes', 1191);
/*!40000 ALTER TABLE `forms` ENABLE KEYS */;


-- Dumping structure for таблиця ci-0352.form_answersets
CREATE TABLE IF NOT EXISTS `form_answersets` (
  `id` int(11) unsigned NOT NULL AUTO_INCREMENT,
  `label_lang_id` int(11) unsigned NOT NULL DEFAULT '0',
  `generic_answers` varchar(255) NOT NULL,
  PRIMARY KEY (`id`)
) ENGINE=MyISAM AUTO_INCREMENT=33 DEFAULT CHARSET=utf8;

-- Dumping data for table ci-0352.form_answersets: 29 rows
/*!40000 ALTER TABLE `form_answersets` DISABLE KEYS */;
INSERT INTO `form_answersets` (`id`, `label_lang_id`, `generic_answers`) VALUES
	(1, 494, ''),
	(2, 495, ''),
	(3, 512, ''),
	(4, 519, ''),
	(7, 609, ''),
	(9, 614, ''),
	(10, 673, ''),
	(11, 682, ''),
	(12, 695, ''),
	(13, 708, ''),
	(14, 715, ''),
	(15, 721, ''),
	(16, 732, ''),
	(17, 737, ''),
	(18, 747, ''),
	(19, 789, ''),
	(20, 793, ''),
	(21, 807, ''),
	(22, 811, ''),
	(23, 828, ''),
	(24, 836, ''),
	(25, 904, ''),
	(26, 909, ''),
	(27, 917, ''),
	(28, 944, ''),
	(29, 1109, ''),
	(30, 1112, ''),
	(31, 1115, 'products_manufacturers'),
	(32, 1196, 'documents_categories');
/*!40000 ALTER TABLE `form_answersets` ENABLE KEYS */;


-- Dumping structure for таблиця ci-0352.form_answersets_values
CREATE TABLE IF NOT EXISTS `form_answersets_values` (
  `id` int(11) unsigned NOT NULL AUTO_INCREMENT,
  `answerset_id` int(11) unsigned NOT NULL DEFAULT '0',
  `sort` int(11) unsigned NOT NULL DEFAULT '0',
  `label_lang_id` int(11) unsigned NOT NULL DEFAULT '0',
  `value` varchar(100) NOT NULL DEFAULT '',
  PRIMARY KEY (`id`),
  KEY `answerset_id` (`answerset_id`),
  KEY `sort` (`sort`)
) ENGINE=MyISAM AUTO_INCREMENT=179 DEFAULT CHARSET=utf8;

-- Dumping data for table ci-0352.form_answersets_values: 166 rows
/*!40000 ALTER TABLE `form_answersets_values` DISABLE KEYS */;
INSERT INTO `form_answersets_values` (`id`, `answerset_id`, `sort`, `label_lang_id`, `value`) VALUES
	(1, 1, 0, 496, 'yes'),
	(3, 1, 1, 498, 'no'),
	(4, 2, 0, 499, '1'),
	(5, 2, 1, 500, '2'),
	(6, 2, 2, 501, '3'),
	(7, 2, 3, 502, '4'),
	(8, 2, 4, 503, '5'),
	(9, 3, 0, 513, ''),
	(10, 3, 1, 514, ''),
	(11, 3, 2, 515, ''),
	(12, 3, 3, 516, ''),
	(13, 3, 4, 517, ''),
	(14, 3, 5, 518, ''),
	(15, 4, 0, 520, ''),
	(16, 4, 1, 521, ''),
	(17, 4, 2, 522, ''),
	(18, 4, 3, 523, ''),
	(19, 4, 4, 524, ''),
	(30, 7, 0, 610, '1'),
	(31, 7, 1, 612, '2'),
	(32, 7, 2, 613, '3'),
	(33, 9, 1, 615, '5'),
	(34, 9, 2, 616, '10'),
	(35, 9, 3, 617, '15'),
	(36, 9, 4, 618, '20'),
	(37, 9, 5, 619, '25'),
	(38, 9, 6, 620, '30'),
	(39, 9, 7, 621, '35'),
	(40, 9, 8, 622, '40'),
	(41, 9, 9, 623, '45'),
	(42, 9, 10, 624, '50'),
	(43, 9, 12, 625, '55'),
	(44, 9, 13, 626, '60'),
	(45, 9, 14, 627, '65'),
	(46, 9, 15, 628, '70'),
	(47, 9, 16, 629, '75'),
	(48, 9, 17, 630, '80'),
	(49, 9, 18, 631, '85'),
	(50, 9, 19, 632, '90'),
	(51, 9, 20, 633, '95'),
	(52, 9, 21, 634, '100'),
	(53, 9, 0, 635, '0'),
	(54, 10, 0, 674, ''),
	(55, 10, 1, 675, ''),
	(56, 10, 2, 676, ''),
	(57, 10, 3, 677, ''),
	(58, 10, 4, 678, ''),
	(59, 10, 5, 679, ''),
	(60, 10, 6, 680, ''),
	(61, 11, 0, 683, ''),
	(62, 11, 1, 684, ''),
	(63, 11, 2, 685, ''),
	(64, 11, 3, 686, ''),
	(65, 11, 4, 687, ''),
	(66, 11, 5, 688, ''),
	(67, 11, 6, 689, ''),
	(68, 11, 7, 690, ''),
	(69, 11, 8, 691, ''),
	(70, 11, 9, 692, ''),
	(71, 12, 0, 696, ''),
	(72, 12, 1, 697, ''),
	(73, 12, 2, 698, ''),
	(74, 12, 3, 699, ''),
	(75, 12, 4, 700, ''),
	(76, 12, 5, 701, ''),
	(77, 12, 6, 702, ''),
	(78, 12, 7, 703, ''),
	(79, 12, 8, 704, ''),
	(80, 12, 9, 705, ''),
	(81, 13, 0, 709, '1'),
	(82, 13, 1, 710, '2'),
	(83, 13, 2, 711, '3'),
	(84, 13, 3, 712, '4'),
	(85, 13, 4, 713, '5'),
	(86, 14, 0, 716, ''),
	(87, 14, 1, 717, ''),
	(88, 14, 2, 718, ''),
	(89, 14, 3, 719, ''),
	(90, 15, 0, 722, ''),
	(91, 15, 1, 723, ''),
	(92, 15, 2, 724, ''),
	(93, 15, 3, 725, ''),
	(94, 15, 4, 726, ''),
	(95, 15, 5, 727, ''),
	(96, 15, 6, 728, ''),
	(97, 15, 7, 730, ''),
	(98, 15, 8, 731, ''),
	(99, 16, 0, 733, ''),
	(100, 16, 1, 734, ''),
	(101, 16, 2, 736, ''),
	(102, 17, 0, 738, ''),
	(103, 17, 1, 739, ''),
	(104, 17, 2, 740, ''),
	(105, 17, 3, 741, ''),
	(106, 17, 4, 742, ''),
	(107, 14, 4, 743, ''),
	(108, 17, 5, 745, ''),
	(109, 11, 10, 746, ''),
	(110, 18, 0, 748, ''),
	(111, 18, 1, 749, ''),
	(112, 18, 2, 750, ''),
	(113, 18, 3, 751, ''),
	(114, 11, 11, 753, ''),
	(115, 11, 12, 754, ''),
	(116, 11, 13, 755, ''),
	(117, 11, 14, 756, ''),
	(118, 19, 0, 790, ''),
	(119, 19, 1, 791, ''),
	(120, 19, 2, 792, ''),
	(121, 20, 0, 794, ''),
	(122, 20, 1, 795, ''),
	(123, 20, 2, 796, ''),
	(124, 20, 3, 797, ''),
	(125, 20, 4, 798, ''),
	(126, 20, 5, 799, ''),
	(127, 21, 0, 808, ''),
	(128, 21, 1, 809, ''),
	(129, 22, 0, 812, '1'),
	(130, 22, 1, 813, '2'),
	(131, 22, 2, 814, '3'),
	(132, 22, 3, 815, '4'),
	(133, 22, 4, 816, '5'),
	(134, 22, 5, 817, '6'),
	(135, 22, 6, 818, '7'),
	(136, 22, 7, 819, '8'),
	(137, 22, 8, 820, '9'),
	(138, 22, 9, 821, '10'),
	(139, 23, 0, 829, ''),
	(140, 23, 1, 830, ''),
	(141, 23, 2, 831, ''),
	(142, 23, 3, 832, ''),
	(143, 23, 4, 833, ''),
	(144, 23, 5, 834, ''),
	(145, 24, 0, 837, ''),
	(146, 24, 1, 838, ''),
	(147, 24, 2, 839, ''),
	(148, 24, 3, 840, ''),
	(149, 24, 4, 841, ''),
	(150, 24, 5, 842, ''),
	(151, 24, 6, 843, ''),
	(152, 25, 0, 905, '2'),
	(153, 25, 1, 906, '3'),
	(154, 25, 2, 907, '4'),
	(155, 25, 3, 908, '5'),
	(156, 26, 1, 910, 'year-2012'),
	(157, 26, 2, 911, 'year-2011'),
	(158, 26, 3, 912, 'year-2010'),
	(160, 26, 6, 914, 'recent-1-month'),
	(161, 26, 5, 915, 'recent-3-months'),
	(162, 26, 4, 916, 'recent-6-months'),
	(163, 27, 2, 918, 'month'),
	(164, 27, 1, 919, 'year'),
	(165, 27, 0, 920, 'none'),
	(166, 26, 0, 921, 'all'),
	(167, 25, 4, 924, '6'),
	(168, 25, 5, 925, '7'),
	(169, 25, 6, 926, '8'),
	(170, 25, 7, 927, '9'),
	(171, 25, 8, 928, '10'),
	(172, 28, 0, 945, 'youtube'),
	(173, 28, 1, 946, 'vimeo'),
	(174, 28, 2, 947, 'embed_code'),
	(175, 29, 0, 1110, ''),
	(176, 29, 1, 1111, ''),
	(177, 30, 0, 1113, ''),
	(178, 30, 1, 1114, '');
/*!40000 ALTER TABLE `form_answersets_values` ENABLE KEYS */;


-- Dumping structure for таблиця ci-0352.form_containers
CREATE TABLE IF NOT EXISTS `form_containers` (
  `id` int(11) unsigned NOT NULL AUTO_INCREMENT,
  `form_id` int(11) unsigned NOT NULL DEFAULT '0',
  `container_id` int(11) unsigned NOT NULL DEFAULT '0',
  `sort` int(11) unsigned NOT NULL DEFAULT '0',
  `html_id` varchar(100) NOT NULL DEFAULT '',
  `type` enum('regular') NOT NULL DEFAULT 'regular',
  `template` varchar(100) NOT NULL DEFAULT '',
  `columns` tinyint(2) unsigned NOT NULL DEFAULT '1',
  `label_lang_id` int(11) unsigned NOT NULL DEFAULT '0',
  `hide_label` enum('no','yes') NOT NULL DEFAULT 'yes',
  `html_class` varchar(100) NOT NULL DEFAULT '',
  `skip_rule` varchar(100) NOT NULL DEFAULT '',
  PRIMARY KEY (`id`),
  KEY `form_id` (`form_id`),
  KEY `container_id` (`container_id`),
  KEY `sort` (`sort`)
) ENGINE=MyISAM AUTO_INCREMENT=66 DEFAULT CHARSET=utf8;

-- Dumping data for table ci-0352.form_containers: 32 rows
/*!40000 ALTER TABLE `form_containers` DISABLE KEYS */;
INSERT INTO `form_containers` (`id`, `form_id`, `container_id`, `sort`, `html_id`, `type`, `template`, `columns`, `label_lang_id`, `hide_label`, `html_class`, `skip_rule`) VALUES
	(5, 2, 4, 0, '', 'regular', 'columns', 2, 439, 'yes', '', ''),
	(4, 2, 0, 0, '', 'regular', 'list', 2, 438, 'yes', '', ''),
	(6, 2, 4, 1, '', 'regular', 'list', 2, 445, 'yes', '', ''),
	(23, 14, 0, 0, '', 'regular', 'list', 2, 508, 'yes', '', ''),
	(30, 21, 0, 0, '', 'regular', 'list', 2, 591, 'yes', '', ''),
	(31, 21, 30, 1, '', 'regular', 'list', 2, 592, 'no', '', 'FD.want!=\'yes\''),
	(32, 21, 30, 2, '', 'regular', 'answerset_table', 2, 593, 'no', '', 'FD.want!=\'yes\''),
	(33, 21, 30, 3, '', 'regular', 'list', 2, 594, 'yes', '', ''),
	(34, 21, 30, 0, '', 'regular', 'list', 2, 595, 'yes', '', ''),
	(35, 23, 0, 0, '', 'regular', 'list', 2, 663, 'yes', '', ''),
	(37, 28, 0, 0, '', 'regular', 'list', 2, 858, 'yes', '', ''),
	(38, 28, 37, 0, '', 'regular', 'list', 2, 859, 'yes', '', ''),
	(39, 28, 37, 1, '', 'regular', 'columns', 2, 860, 'yes', '', ''),
	(40, 28, 37, 2, '', 'regular', 'list', 2, 861, 'yes', '', ''),
	(41, 32, 0, 0, '', 'regular', 'list', 2, 891, 'no', '', ''),
	(42, 32, 0, 1, '', 'regular', 'list', 2, 892, 'no', '', ''),
	(43, 33, 0, 0, '', 'regular', 'list', 2, 955, 'yes', '', ''),
	(44, 33, 0, 1, '', 'regular', 'columns', 2, 956, 'yes', 'container-from-to', ''),
	(45, 33, 0, 2, '', 'regular', 'list', 2, 957, 'yes', '', ''),
	(51, 36, 0, 1, '', 'regular', 'columns', 2, 1065, 'yes', 'container-from-to', ''),
	(50, 36, 0, 0, '', 'regular', 'list', 2, 1064, 'yes', '', ''),
	(52, 36, 0, 2, '', 'regular', 'list', 2, 1066, 'yes', '', ''),
	(56, 37, 0, 0, '', 'regular', 'columns', 2, 1076, 'yes', 'container-from-to', ''),
	(57, 37, 0, 1, '', 'regular', 'list', 2, 1077, 'yes', '', ''),
	(58, 38, 0, 1, '', 'regular', 'list', 2, 1102, 'yes', '', ''),
	(59, 38, 0, 0, '', 'regular', 'inc/tpl-set-product-category', 2, 1103, 'yes', '', ''),
	(60, 39, 0, 0, '', 'regular', 'list', 2, 1155, 'yes', '', ''),
	(61, 39, 0, 1, '', 'regular', 'columns', 2, 1157, 'yes', 'container-from-to', ''),
	(62, 39, 0, 2, '', 'regular', 'list', 2, 1166, 'yes', '', ''),
	(63, 40, 0, 0, '', 'regular', 'list', 2, 1175, 'yes', '', ''),
	(64, 40, 0, 1, '', 'regular', 'columns', 2, 1176, 'yes', '', ''),
	(65, 40, 0, 2, '', 'regular', 'columns', 2, 1177, 'yes', '', '');
/*!40000 ALTER TABLE `form_containers` ENABLE KEYS */;


-- Dumping structure for таблиця ci-0352.form_inputs
CREATE TABLE IF NOT EXISTS `form_inputs` (
  `id` int(11) unsigned NOT NULL AUTO_INCREMENT,
  `form_id` int(11) unsigned NOT NULL DEFAULT '0',
  `container_id` int(11) unsigned NOT NULL DEFAULT '0',
  `answerset_id` int(11) unsigned NOT NULL DEFAULT '0',
  `sort` int(11) unsigned NOT NULL DEFAULT '0',
  `name` varchar(100) NOT NULL,
  `html_id` varchar(100) NOT NULL,
  `type` char(20) NOT NULL,
  `label_lang_id` int(11) NOT NULL,
  `value` text NOT NULL,
  `validation` varchar(255) NOT NULL,
  `show_on_list` enum('no','yes') NOT NULL DEFAULT 'yes',
  `align` enum('left','right','center') NOT NULL DEFAULT 'left',
  `hint` varchar(255) NOT NULL,
  `height` int(4) unsigned NOT NULL DEFAULT '0',
  `height_units` enum('px','%') NOT NULL,
  `width` int(4) unsigned NOT NULL DEFAULT '0',
  `width_units` enum('px','%') NOT NULL,
  `label_position` enum('left','right','top') NOT NULL DEFAULT 'left',
  `label_align` enum('left','right','center') NOT NULL DEFAULT 'left',
  `hide_label` enum('no','yes') NOT NULL DEFAULT 'no',
  `label_width` int(4) unsigned NOT NULL DEFAULT '0',
  `label_width_units` enum('px','%') NOT NULL,
  `html_class` varchar(100) NOT NULL,
  `skip_rule` varchar(100) NOT NULL,
  `valid_file_types` varchar(100) NOT NULL,
  `image_small_height` int(4) unsigned NOT NULL DEFAULT '0',
  `image_small_width` int(4) unsigned NOT NULL DEFAULT '0',
  `image_small_crop` tinyint(1) unsigned NOT NULL DEFAULT '1',
  `image_medium_height` int(4) unsigned NOT NULL DEFAULT '0',
  `image_medium_width` int(4) unsigned NOT NULL DEFAULT '0',
  `image_medium_crop` tinyint(1) unsigned NOT NULL DEFAULT '1',
  `image_big_height` int(4) unsigned NOT NULL DEFAULT '0',
  `image_big_width` int(4) unsigned NOT NULL DEFAULT '0',
  `image_big_crop` tinyint(1) unsigned NOT NULL DEFAULT '0',
  `content_lang_id` int(11) unsigned NOT NULL DEFAULT '0',
  PRIMARY KEY (`id`),
  KEY `form_id` (`form_id`),
  KEY `container_id` (`container_id`),
  KEY `sort` (`sort`),
  KEY `answerset_id` (`answerset_id`)
) ENGINE=MyISAM AUTO_INCREMENT=318 DEFAULT CHARSET=utf8;

-- Dumping data for table ci-0352.form_inputs: 231 rows
/*!40000 ALTER TABLE `form_inputs` DISABLE KEYS */;
INSERT INTO `form_inputs` (`id`, `form_id`, `container_id`, `answerset_id`, `sort`, `name`, `html_id`, `type`, `label_lang_id`, `value`, `validation`, `show_on_list`, `align`, `hint`, `height`, `height_units`, `width`, `width_units`, `label_position`, `label_align`, `hide_label`, `label_width`, `label_width_units`, `html_class`, `skip_rule`, `valid_file_types`, `image_small_height`, `image_small_width`, `image_small_crop`, `image_medium_height`, `image_medium_width`, `image_medium_crop`, `image_big_height`, `image_big_width`, `image_big_crop`, `content_lang_id`) VALUES
	(3, 2, 5, 0, 0, 'name', '', 'text', 441, '', 'trim|required|max_length[100]|xss_clean', 'yes', 'left', '', 0, 'px', 100, '%', 'top', 'left', 'no', 0, 'px', '', '', '', 0, 0, 1, 0, 0, 1, 0, 0, 0, 0),
	(4, 2, 5, 0, 1, 'surname', '', 'text', 442, '', 'trim|required|max_length[100]|xss_clean', 'yes', 'left', '', 0, 'px', 100, '%', 'top', 'left', 'no', 0, 'px', '', '', '', 0, 0, 1, 0, 0, 1, 0, 0, 0, 0),
	(5, 2, 6, 0, 0, 'email', '', 'text', 443, '', 'trim|required|max_length[255]|valid_email', 'yes', 'left', '', 0, 'px', 100, '%', 'top', 'left', 'no', 0, 'px', '', '', '', 0, 0, 1, 0, 0, 1, 0, 0, 0, 0),
	(6, 2, 6, 0, 1, 'message', '', 'textarea', 444, '', 'trim|required|xss_clean', 'yes', 'left', '', 0, 'px', 0, 'px', 'top', 'left', 'no', 0, 'px', '', '', '', 0, 0, 1, 0, 0, 1, 0, 0, 0, 0),
	(25, 14, 23, 3, 0, '', '', 'radio', 509, '', '', 'yes', 'left', '', 0, 'px', 0, 'px', 'left', 'left', 'no', 0, 'px', '', '', '', 0, 0, 1, 0, 0, 1, 0, 0, 0, 0),
	(26, 14, 23, 4, 1, '', '', 'checkbox', 510, '', '', 'yes', 'left', '', 0, 'px', 0, 'px', 'right', 'left', 'no', 0, 'px', '', '', '', 0, 0, 1, 0, 0, 1, 0, 0, 0, 0),
	(27, 14, 23, 4, 2, '', '', 'select', 511, '', '', 'yes', 'left', '', 0, 'px', 0, 'px', 'top', 'left', 'no', 0, 'px', '', '', '', 0, 0, 1, 0, 0, 1, 0, 0, 0, 0),
	(32, 14, 23, 0, 3, '', '', 'submit', 548, '', '', 'yes', 'left', '', 0, 'px', 0, 'px', 'left', 'left', 'no', 0, 'px', '', '', '', 0, 0, 1, 0, 0, 1, 0, 0, 0, 0),
	(33, 2, 6, 0, 3, '', '', 'submit', 549, '', '', 'yes', 'left', '', 0, 'px', 0, 'px', 'left', 'left', 'no', 0, 'px', '', '', '', 0, 0, 1, 0, 0, 1, 0, 0, 0, 0),
	(36, 19, 0, 0, 1, 'name', '', 'text', 553, '', 'trim|required|min_length[2]|max_length[100]xss_clean', 'yes', 'left', '', 0, 'px', 0, 'px', 'left', 'left', 'no', 0, 'px', '', 'FD.need_avatar==\'no\'', '', 0, 0, 1, 0, 0, 1, 0, 0, 0, 0),
	(37, 19, 0, 0, 2, 'avatar', '', 'file', 554, '', '', 'yes', 'left', '', 0, 'px', 0, 'px', 'left', 'left', 'no', 0, 'px', '', 'FD.need_avatar==\'no\'', '', 200, 200, 1, 300, 300, 1, 700, 700, 0, 0),
	(38, 19, 0, 0, 3, 'q_38', '', 'submit', 555, '', '', 'yes', 'left', '', 0, 'px', 0, 'px', 'left', 'left', 'no', 0, 'px', '', '', '', 0, 0, 1, 0, 0, 1, 0, 0, 0, 0),
	(39, 19, 0, 1, 0, 'need_avatar', '', 'select', 556, 'no', 'trim|required|max_length[3]', 'yes', 'left', '', 0, 'px', 0, 'px', 'left', 'left', 'no', 0, 'px', '', '', '', 0, 0, 1, 0, 0, 1, 0, 0, 0, 0),
	(40, 2, 6, 0, 2, 'captcha', '', 'captcha', 565, '', 'trim|required|callback__valid_captcha', 'yes', 'left', '', 0, 'px', 0, 'px', 'left', 'left', 'no', 0, 'px', '', '', '', 0, 0, 1, 0, 0, 1, 0, 0, 0, 0),
	(183, 20, 0, 0, 3, 'url', '', 'text', 949, '', 'trim|required|xss_clean', 'no', 'left', '', 0, 'px', 100, '%', 'left', 'left', 'no', 0, 'px', '', 'FD.type_of_embed_video==\'embed_code\'', '', 0, 0, 1, 0, 0, 1, 0, 0, 0, 0),
	(182, 20, 0, 28, 2, 'type_of_embed_video', '', 'select', 948, 'embed_code', 'required|xss_clean', 'yes', 'left', '', 0, 'px', 0, 'px', 'left', 'left', 'no', 0, 'px', '', '', '', 0, 0, 1, 0, 0, 1, 0, 0, 0, 0),
	(43, 20, 0, 0, 4, 'embed_code', '', 'textarea', 571, '', 'trim', 'no', 'left', '', 0, 'px', 100, '%', 'left', 'left', 'no', 0, 'px', '', 'FD.type_of_embed_video!=\'embed_code\'', '', 0, 0, 1, 0, 0, 1, 0, 0, 0, 0),
	(44, 20, 0, 0, 0, 'title[LANG]', '', 'text', 572, '', 'trim|required|max_length[255]|xss_clean', 'yes', 'left', '', 0, 'px', 100, '%', 'left', 'left', 'no', 0, 'px', '', '', '', 0, 0, 1, 0, 0, 1, 0, 0, 0, 0),
	(45, 20, 0, 0, 1, 'description[LANG]', '', 'textarea', 573, '', 'trim|xss_clean', 'yes', 'left', '', 0, 'px', 100, '%', 'left', 'left', 'no', 0, 'px', '', '', '', 0, 0, 1, 0, 0, 1, 0, 0, 0, 0),
	(46, 21, 31, 0, 0, 'title[LANG]', '', 'text', 575, '', '', 'yes', 'left', '', 0, 'px', 0, 'px', 'left', 'left', 'no', 0, 'px', '', '', '', 0, 0, 1, 0, 0, 1, 0, 0, 0, 0),
	(48, 21, 33, 0, 0, '', '', 'submit', 577, '', '', 'yes', 'left', '', 0, 'px', 0, 'px', 'left', 'left', 'no', 0, 'px', '', '', '', 0, 0, 1, 0, 0, 1, 0, 0, 0, 0),
	(49, 21, 31, 2, 2, 'test_checkboxes', '', 'checkbox', 579, '', '', 'yes', 'left', '', 0, 'px', 0, 'px', 'left', 'left', 'no', 0, 'px', '', '', '', 0, 0, 1, 0, 0, 1, 0, 0, 0, 0),
	(50, 20, 0, 0, 5, '', '', 'submit', 581, '', '', 'yes', 'left', '', 0, 'px', 0, 'px', 'left', 'left', 'no', 0, 'px', '', '', '', 0, 0, 1, 0, 0, 1, 0, 0, 0, 0),
	(51, 21, 34, 1, 0, 'want', '', 'radio', 586, '', '', 'yes', 'left', '', 0, 'px', 0, 'px', 'left', 'left', 'no', 0, 'px', '', '', '', 0, 0, 1, 0, 0, 1, 0, 0, 0, 0),
	(52, 21, 32, 3, 0, 'satisfaction_1', '', 'radio', 587, '', '', 'yes', 'left', '', 0, 'px', 0, 'px', 'left', 'left', 'no', 0, 'px', '', '', '', 0, 0, 1, 0, 0, 1, 0, 0, 0, 0),
	(53, 21, 31, 0, 3, 'description', '', 'richtext', 588, '', '', 'yes', 'left', '', 0, 'px', 0, 'px', 'top', 'left', 'no', 0, 'px', '', '', '', 0, 0, 1, 0, 0, 1, 0, 0, 0, 0),
	(54, 21, 31, 0, 1, 'password', '', 'password', 589, '', 'required', 'yes', 'left', '', 0, 'px', 0, 'px', 'left', 'left', 'no', 0, 'px', '', '', '', 0, 0, 1, 0, 0, 1, 0, 0, 0, 0),
	(55, 21, 32, 3, 1, 'satisfaction_2', '', 'radio', 590, '', '', 'yes', 'left', '', 0, 'px', 0, 'px', 'left', 'left', 'no', 0, 'px', '', '', '', 0, 0, 1, 0, 0, 1, 0, 0, 0, 0),
	(56, 21, 31, 9, 4, 'test_select', '', 'select', 598, '', '', 'yes', 'left', '', 0, 'px', 0, 'px', 'left', 'left', 'no', 0, 'px', '', '', '', 0, 0, 1, 0, 0, 1, 0, 0, 0, 0),
	(59, 22, 0, 0, 1, 'title', '', 'text', 602, '', 'trim|required|max_length[255]|xss_clean', 'yes', 'left', '', 0, 'px', 100, '%', 'left', 'left', 'no', 0, 'px', '', '', '', 0, 0, 1, 0, 0, 1, 0, 0, 0, 0),
	(60, 22, 0, 7, 4, 'priority', '', 'select', 603, '2', 'required|natural', 'yes', 'left', '', 0, 'px', 0, 'px', 'left', 'left', 'no', 0, 'px', '', '', '', 0, 0, 1, 0, 0, 1, 0, 0, 0, 0),
	(61, 22, 0, 0, 6, 'time_estimate', '', 'time', 604, '00:00', 'trim|required|exact_length[5]', 'yes', 'left', '', 0, 'px', 50, 'px', 'left', 'left', 'no', 0, 'px', '', '', '', 0, 0, 1, 0, 0, 1, 0, 0, 0, 0),
	(62, 22, 0, 0, 2, 'description', '', 'textarea', 605, '', 'trim|xss_clean', 'no', 'left', '', 0, 'px', 0, 'px', 'left', 'left', 'no', 0, 'px', '', '', '', 0, 0, 1, 0, 0, 1, 0, 0, 0, 0),
	(63, 22, 0, 0, 3, 'attachment', '', 'file', 606, '', '', 'yes', 'left', '', 0, 'px', 0, 'px', 'left', 'left', 'no', 0, 'px', '', '', '', 0, 0, 1, 0, 0, 1, 0, 0, 0, 0),
	(64, 22, 0, 0, 5, 'deadline', '', 'date', 607, '', 'trim|exact_length[10]|valid_date', 'yes', 'left', '', 0, 'px', 100, 'px', 'left', 'left', 'no', 0, 'px', '', '', '', 0, 0, 1, 0, 0, 1, 0, 0, 0, 0),
	(65, 22, 0, 9, 7, 'progress', '', 'select', 608, '', 'natural', 'yes', 'left', '', 0, 'px', 50, 'px', 'left', 'left', 'no', 0, 'px', '', '', '', 0, 0, 1, 0, 0, 1, 0, 0, 0, 0),
	(66, 22, 0, 0, 8, '', '', 'submit', 636, '', '', 'yes', 'left', '', 0, 'px', 0, 'px', 'left', 'left', 'no', 0, 'px', '', '', '', 0, 0, 1, 0, 0, 1, 0, 0, 0, 0),
	(67, 22, 0, 0, 0, '', '', 'content', 655, '', '', 'no', 'left', '', 0, 'px', 0, 'px', 'left', 'left', 'no', 0, 'px', '', '', '', 0, 0, 1, 0, 0, 1, 0, 0, 0, 656),
	(70, 23, 35, 0, 0, 'hotel_name', '', 'text', 665, '', 'trim|required|max_length[150]|xss_clean', 'yes', 'left', '', 0, 'px', 100, '%', 'left', 'left', 'no', 0, 'px', '', '', '', 0, 0, 1, 0, 0, 1, 0, 0, 0, 0),
	(71, 23, 35, 0, 4, 'price', '', 'text', 666, '', 'trim|required|natural', 'yes', 'left', 'грн.', 0, 'px', 50, 'px', 'left', 'left', 'no', 0, 'px', '', '', '', 0, 0, 1, 0, 0, 1, 0, 0, 0, 0),
	(72, 23, 35, 0, 5, '', '', 'content', 667, '', '', 'no', 'left', '', 0, 'px', 0, 'px', 'left', 'left', 'no', 0, 'px', '', '', '', 0, 0, 1, 0, 0, 1, 0, 0, 0, 668),
	(73, 23, 35, 0, 6, 'room_size', '', 'text', 669, '', 'trim|natural', 'no', 'left', '', 0, 'px', 50, 'px', 'left', 'left', 'no', 0, 'px', '', '', '', 0, 0, 1, 0, 0, 1, 0, 0, 0, 0),
	(74, 23, 35, 0, 7, 'distance_to_ski_lift', '', 'text', 670, '', 'trim|required|numeric', 'no', 'left', '', 0, 'px', 50, 'px', 'left', 'left', 'no', 0, 'px', '', '', '', 0, 0, 1, 0, 0, 1, 0, 0, 0, 0),
	(75, 23, 35, 0, 8, 'walk_time_to_ski_lift', '', 'text', 671, '', 'trim|required|natural', 'no', 'left', '', 0, 'px', 50, 'px', 'left', 'left', 'no', 0, 'px', '', '', '', 0, 0, 1, 0, 0, 1, 0, 0, 0, 0),
	(76, 23, 35, 0, 9, 'drive_time_to_ski_lift', '', 'text', 672, '', 'trim|required|natural', 'no', 'left', '', 0, 'px', 50, 'px', 'left', 'left', 'no', 0, 'px', '', '', '', 0, 0, 1, 0, 0, 1, 0, 0, 0, 0),
	(77, 23, 35, 10, 10, 'hotel_location', '', 'radio', 681, '', 'required|xss_clean', 'no', 'left', '', 0, 'px', 0, 'px', 'left', 'left', 'no', 0, 'px', '', '', '', 0, 0, 1, 0, 0, 1, 0, 0, 0, 0),
	(90, 24, 0, 0, 0, 'title[LANG]', '', 'text', 760, '', 'trim|required|max_length[150]|xss_clean', 'yes', 'left', '', 0, 'px', 100, '%', 'left', 'left', 'no', 0, 'px', '', '', '', 0, 0, 1, 0, 0, 1, 0, 0, 0, 0),
	(79, 23, 35, 11, 11, 'in_room', '', 'checkbox', 694, '', 'xss_clean', 'no', 'left', '', 0, 'px', 0, 'px', 'left', 'left', 'no', 0, 'px', '', '', '', 0, 0, 1, 0, 0, 1, 0, 0, 0, 0),
	(80, 23, 35, 12, 13, 'on_territory', '', 'checkbox', 706, '', 'xss_clean', 'no', 'left', '', 0, 'px', 0, 'px', 'left', 'left', 'no', 0, 'px', '', '', '', 0, 0, 1, 0, 0, 1, 0, 0, 0, 0),
	(81, 23, 35, 0, 18, 'additional_info', '', 'textarea', 707, '', 'trim|xss_clean', 'no', 'left', '', 0, 'px', 0, 'px', 'left', 'left', 'no', 0, 'px', '', '', '', 0, 0, 1, 0, 0, 1, 0, 0, 0, 0),
	(82, 23, 35, 13, 3, 'places_in_room', '', 'radio', 714, '', 'natural', 'no', 'left', '', 0, 'px', 0, 'px', 'left', 'left', 'no', 0, 'px', '', '', '', 0, 0, 1, 0, 0, 1, 0, 0, 0, 0),
	(83, 23, 35, 14, 1, 'type_of_housing', '', 'radio', 720, '', 'xss_clean', 'no', 'left', '', 0, 'px', 0, 'px', 'left', 'left', 'no', 0, 'px', '', '', '', 0, 0, 1, 0, 0, 1, 0, 0, 0, 0),
	(84, 23, 35, 15, 12, 'wc_and_bathroom', '', 'checkbox', 729, '', 'xss_clean', 'no', 'left', '', 0, 'px', 0, 'px', 'left', 'left', 'no', 0, 'px', '', '', '', 0, 0, 1, 0, 0, 1, 0, 0, 0, 0),
	(85, 23, 35, 16, 15, 'food', '', 'radio', 735, '', 'xss_clean', 'no', 'left', '', 0, 'px', 0, 'px', 'left', 'left', 'no', 0, 'px', '', '', '', 0, 0, 1, 0, 0, 1, 0, 0, 0, 0),
	(86, 23, 35, 17, 14, 'near', '', 'checkbox', 744, '', 'xss_clean', 'no', 'left', '', 0, 'px', 0, 'px', 'left', 'left', 'no', 0, 'px', '', '', '', 0, 0, 1, 0, 0, 1, 0, 0, 0, 0),
	(87, 23, 35, 18, 2, 'room_type', '', 'radio', 752, '', 'xss_clean', 'no', 'left', '', 0, 'px', 0, 'px', 'left', 'left', 'no', 0, 'px', '', '', '', 0, 0, 1, 0, 0, 1, 0, 0, 0, 0),
	(88, 23, 35, 0, 16, 'photo1', '', 'file', 757, '', '', 'no', 'left', '', 0, 'px', 0, 'px', 'left', 'left', 'no', 0, 'px', '', '', '', 0, 0, 1, 0, 0, 1, 0, 0, 0, 0),
	(89, 23, 35, 0, 17, 'driving_map', '', 'file', 758, '', '', 'no', 'left', '', 0, 'px', 0, 'px', 'left', 'left', 'no', 0, 'px', '', '', '', 0, 0, 1, 0, 0, 1, 0, 0, 0, 0),
	(91, 24, 0, 0, 1, 'cost', '', 'text', 761, '', 'trim|required|numeric', 'yes', 'left', '', 0, 'px', 50, 'px', 'left', 'left', 'no', 0, 'px', '', '', '', 0, 0, 1, 0, 0, 1, 0, 0, 0, 0),
	(92, 24, 0, 0, 2, '', '', 'submit', 762, '', '', 'no', 'left', '', 0, 'px', 0, 'px', 'left', 'left', 'no', 0, 'px', '', '', '', 0, 0, 1, 0, 0, 1, 0, 0, 0, 0),
	(93, 25, 0, 0, 0, 'ownership_of_carrier', '', 'text', 767, '', 'trim|required|max_length[150]|xss_clean', 'no', 'left', '', 0, 'px', 100, '%', 'left', 'left', 'no', 0, 'px', '', '', '', 0, 0, 1, 0, 0, 1, 0, 0, 0, 0),
	(94, 25, 0, 0, 1, 'vehicle_model', '', 'text', 768, '', 'trim|required|max_length[150]|xss_clean', 'no', 'left', '', 0, 'px', 100, '%', 'left', 'left', 'no', 0, 'px', '', '', '', 0, 0, 1, 0, 0, 1, 0, 0, 0, 0),
	(95, 25, 0, 0, 2, 'number_of_sitting_places', '', 'text', 769, '', 'trim|required|natural', 'no', 'left', '', 0, 'px', 50, 'px', 'left', 'left', 'no', 0, 'px', '', '', '', 0, 0, 1, 0, 0, 1, 0, 0, 0, 0),
	(96, 25, 0, 1, 3, 'presence_of_folding_seats', '', 'radio', 770, '', 'required|xss_clean', 'no', 'left', '', 0, 'px', 0, 'px', 'left', 'left', 'no', 0, 'px', '', '', '', 0, 0, 1, 0, 0, 1, 0, 0, 0, 0),
	(97, 25, 0, 0, 5, 'photo1', '', 'file', 771, '', 'xss_clean', 'no', 'left', '', 0, 'px', 0, 'px', 'left', 'left', 'no', 0, 'px', '', '', '', 0, 0, 1, 0, 0, 1, 0, 0, 0, 0),
	(98, 25, 0, 1, 4, 'ability_to_view_video', '', 'radio', 772, '', 'required|xss_clean', 'no', 'left', '', 0, 'px', 0, 'px', 'left', 'left', 'no', 0, 'px', '', '', '', 0, 0, 1, 0, 0, 1, 0, 0, 0, 0),
	(99, 25, 0, 0, 6, 'schedule_of_days', '', 'textarea', 773, '', 'trim|xss_clean', 'no', 'left', '', 0, 'px', 0, 'px', 'left', 'left', 'no', 0, 'px', '', '', '', 0, 0, 1, 0, 0, 1, 0, 0, 0, 0),
	(100, 25, 0, 0, 7, 'schedule_of_hours', '', 'textarea', 774, '', 'trim|xss_clean', 'no', 'left', '', 0, 'px', 0, 'px', 'left', 'left', 'no', 0, 'px', '', '', '', 0, 0, 1, 0, 0, 1, 0, 0, 0, 0),
	(101, 25, 0, 0, 8, 'route_name', '', 'text', 775, '', 'trim|required|max_length[150]|xss_clean', 'no', 'left', '', 0, 'px', 100, '%', 'left', 'left', 'no', 0, 'px', '', '', '', 0, 0, 1, 0, 0, 1, 0, 0, 0, 0),
	(102, 25, 0, 0, 9, 'stops_along_route', '', 'textarea', 776, '', 'trim|xss_clean', 'no', 'left', '', 0, 'px', 0, 'px', 'left', 'left', 'no', 0, 'px', '', '', '', 0, 0, 1, 0, 0, 1, 0, 0, 0, 0),
	(103, 25, 0, 0, 10, 'price', '', 'text', 777, '', 'trim|required|numeric', 'no', 'left', '', 0, 'px', 50, 'px', 'left', 'left', 'no', 0, 'px', '', '', '', 0, 0, 1, 0, 0, 1, 0, 0, 0, 0),
	(104, 25, 0, 1, 11, 'presence_of_luggage', '', 'radio', 778, '', 'required|xss_clean', 'no', 'left', '', 0, 'px', 0, 'px', 'left', 'left', 'no', 0, 'px', '', '', '', 0, 0, 1, 0, 0, 1, 0, 0, 0, 0),
	(105, 25, 0, 0, 12, 'additional_info', '', 'textarea', 779, '', 'trim|xss_clean', 'no', 'left', '', 0, 'px', 0, 'px', 'left', 'left', 'no', 0, 'px', '', '', '', 0, 0, 1, 0, 0, 1, 0, 0, 0, 0),
	(106, 25, 0, 0, 13, '', '', 'submit', 780, '', '', 'no', 'left', '', 0, 'px', 0, 'px', 'left', 'left', 'no', 0, 'px', '', '', '', 0, 0, 1, 0, 0, 1, 0, 0, 0, 0),
	(107, 26, 0, 0, 0, 'price', '', 'text', 782, '', 'trim|required|numeric', 'no', 'left', '', 0, 'px', 50, 'px', 'left', 'left', 'no', 0, 'px', '', '', '', 0, 0, 1, 0, 0, 1, 0, 0, 0, 0),
	(108, 26, 0, 0, 1, 'place', '', 'textarea', 783, '', 'trim|xss_clean', 'no', 'left', '', 0, 'px', 0, 'px', 'left', 'left', 'no', 0, 'px', '', '', '', 0, 0, 1, 0, 0, 1, 0, 0, 0, 0),
	(109, 26, 0, 0, 2, 'map', '', 'file', 784, '', 'xss_clean', 'no', 'left', '', 0, 'px', 0, 'px', 'left', 'left', 'no', 0, 'px', '', '', '', 0, 0, 1, 0, 0, 1, 0, 0, 0, 0),
	(110, 26, 0, 0, 3, 'photo1', '', 'file', 785, '', 'xss_clean', 'no', 'left', '', 0, 'px', 0, 'px', 'left', 'left', 'no', 0, 'px', '', '', '', 0, 0, 1, 0, 0, 1, 0, 0, 0, 0),
	(111, 26, 0, 0, 4, 'description', '', 'textarea', 786, '', 'trim|xss_clean', 'no', 'left', '', 0, 'px', 0, 'px', 'left', 'left', 'no', 0, 'px', '', '', '', 0, 0, 1, 0, 0, 1, 0, 0, 0, 0),
	(112, 26, 0, 0, 5, 'business_lunch', '', 'checkbox', 787, '', 'natural', 'no', 'left', '', 0, 'px', 0, 'px', 'left', 'left', 'no', 0, 'px', '', '', '', 0, 0, 1, 0, 0, 1, 0, 0, 0, 0),
	(113, 26, 0, 19, 6, 'possible_activities', '', 'checkbox', 788, '', '', 'no', 'left', '', 0, 'px', 0, 'px', 'left', 'left', 'no', 0, 'px', '', '', '', 0, 0, 1, 0, 0, 1, 0, 0, 0, 0),
	(114, 26, 0, 20, 7, 'cuisine', '', 'checkbox', 800, '', 'xss_clean', 'no', 'left', '', 0, 'px', 0, 'px', 'left', 'left', 'no', 0, 'px', '', '', '', 0, 0, 1, 0, 0, 1, 0, 0, 0, 0),
	(115, 26, 0, 0, 8, 'other_comments', '', 'textarea', 801, '', '', 'no', 'left', '', 0, 'px', 0, 'px', 'left', 'left', 'no', 0, 'px', '', '', '', 0, 0, 1, 0, 0, 1, 0, 0, 0, 0),
	(116, 26, 0, 0, 9, '', '', 'submit', 802, '', '', 'no', 'left', '', 0, 'px', 0, 'px', 'left', 'left', 'no', 0, 'px', '', '', '', 0, 0, 1, 0, 0, 1, 0, 0, 0, 0),
	(117, 27, 0, 0, 0, 'photo1', '', 'file', 804, '', 'xss_clean', 'no', 'left', '', 0, 'px', 0, 'px', 'left', 'left', 'no', 0, 'px', '', '', '', 0, 0, 1, 0, 0, 1, 0, 0, 0, 0),
	(118, 27, 0, 0, 1, 'youtube_video1', '', 'text', 805, '', 'xss_clean', 'no', 'left', '', 0, 'px', 100, '%', 'left', 'left', 'no', 0, 'px', '', '', '', 0, 0, 1, 0, 0, 1, 0, 0, 0, 0),
	(119, 27, 0, 21, 2, 'instructor_on', '', 'checkbox', 806, '', 'required', 'no', 'left', '', 0, 'px', 0, 'px', 'left', 'left', 'no', 0, 'px', '', '', '', 0, 0, 1, 0, 0, 1, 0, 0, 0, 0),
	(120, 27, 0, 22, 3, 'experience_skiing', '', 'select', 810, '', 'trim|alpha_numeric', 'no', 'left', '', 0, 'px', 0, 'px', 'left', 'left', 'no', 0, 'px', '', '', '', 0, 0, 1, 0, 0, 1, 0, 0, 0, 0),
	(121, 27, 0, 22, 4, 'experience_instructor', '', 'select', 822, '', 'trim|alpha_numeric', 'no', 'left', '', 0, 'px', 0, 'px', 'left', 'left', 'no', 0, 'px', '', '', '', 0, 0, 1, 0, 0, 1, 0, 0, 0, 0),
	(122, 27, 0, 22, 5, 'experience_bukovel', '', 'select', 823, '', 'trim|alpha_numeric', 'no', 'left', '', 0, 'px', 0, 'px', 'left', 'left', 'no', 0, 'px', '', '', '', 0, 0, 1, 0, 0, 1, 0, 0, 0, 0),
	(123, 27, 0, 0, 6, 'titles_and_certificates', '', 'textarea', 824, '', 'xss_clean', 'no', 'left', '', 0, 'px', 0, 'px', 'left', 'left', 'no', 0, 'px', '', '', '', 0, 0, 1, 0, 0, 1, 0, 0, 0, 0),
	(124, 27, 0, 0, 7, 'specialization', '', 'text', 825, '', 'xss_clean', 'no', 'left', '', 0, 'px', 100, '%', 'left', 'left', 'no', 0, 'px', '', '', '', 0, 0, 1, 0, 0, 1, 0, 0, 0, 0),
	(125, 27, 0, 0, 10, 'additional_info', '', 'textarea', 826, '', 'xss_clean', 'no', 'left', '', 0, 'px', 0, 'px', 'left', 'left', 'no', 0, 'px', '', '', '', 0, 0, 1, 0, 0, 1, 0, 0, 0, 0),
	(126, 27, 0, 23, 9, 'fluency_in_languages', '', 'checkbox', 827, '', 'xss_clean', 'no', 'left', '', 0, 'px', 0, 'px', 'left', 'left', 'no', 0, 'px', '', '', '', 0, 0, 1, 0, 0, 1, 0, 0, 0, 0),
	(127, 27, 0, 24, 8, 'teaching_skiing', '', 'checkbox', 835, '', 'xss_clean', 'no', 'left', '', 0, 'px', 0, 'px', 'left', 'left', 'no', 0, 'px', '', '', '', 0, 0, 1, 0, 0, 1, 0, 0, 0, 0),
	(128, 27, 0, 0, 11, '', '', 'submit', 844, '', '', 'no', 'left', '', 0, 'px', 0, 'px', 'left', 'left', 'no', 0, 'px', '', '', '', 0, 0, 1, 0, 0, 1, 0, 0, 0, 0),
	(129, 28, 38, 0, 0, 'name', '', 'text', 846, '', 'trim|required|max_length[150]|xss_clean', 'yes', 'left', '', 0, 'px', 100, '%', 'left', 'left', 'no', 0, 'px', '', '', '', 0, 0, 1, 0, 0, 1, 0, 0, 0, 0),
	(131, 28, 38, 0, 1, 'img', '', 'file', 848, '', 'xss_clean', 'yes', 'left', '', 0, 'px', 0, 'px', 'left', 'left', 'no', 0, 'px', '', '', '', 100, 130, 1, 160, 210, 1, 1, 1, 0, 0),
	(132, 28, 38, 0, 2, 'country', '', 'text', 849, '', 'trim|max_length[50]|xss_clean', 'yes', 'left', '', 0, 'px', 0, 'px', 'left', 'left', 'no', 0, 'px', '', '', '', 0, 0, 1, 0, 0, 1, 0, 0, 0, 0),
	(133, 28, 38, 0, 3, 'warranty', '', 'text', 850, '', 'natural', 'no', 'left', 'років', 0, 'px', 50, 'px', 'left', 'left', 'no', 0, 'px', '', '', '', 0, 0, 1, 0, 0, 1, 0, 0, 0, 0),
	(134, 28, 39, 0, 0, 'type1', '', 'text', 851, '', 'trim|max_length[100]|xss_cean', 'no', 'left', '', 0, 'px', 100, '%', 'left', 'left', 'no', 0, 'px', '', '', '', 0, 0, 1, 0, 0, 1, 0, 0, 0, 0),
	(135, 28, 39, 0, 2, 'type2', '', 'text', 852, '', 'trim|max_length[100]|xss_cean', 'no', 'left', '', 0, 'px', 100, '%', 'left', 'left', 'no', 0, 'px', '', '', '', 0, 0, 1, 0, 0, 1, 0, 0, 0, 0),
	(136, 28, 39, 0, 4, 'type3', '', 'text', 853, '', 'trim|max_length[100]|xss_cean', 'no', 'left', '', 0, 'px', 100, '%', 'left', 'left', 'no', 0, 'px', '', '', '', 0, 0, 1, 0, 0, 1, 0, 0, 0, 0),
	(137, 28, 39, 0, 1, 'price1', '', 'text', 854, '', 'trim|natural', 'no', 'left', 'грн/м2', 0, 'px', 50, 'px', 'left', 'left', 'no', 0, 'px', '', '', '', 0, 0, 1, 0, 0, 1, 0, 0, 0, 0),
	(138, 28, 39, 0, 3, 'price2', '', 'text', 855, '', 'trim|natural', 'no', 'left', 'грн/м2', 0, 'px', 50, 'px', 'left', 'left', 'no', 0, 'px', '', '', '', 0, 0, 1, 0, 0, 1, 0, 0, 0, 0),
	(139, 28, 39, 0, 5, 'price3', '', 'text', 856, '', 'trim|natural', 'no', 'left', 'грн/м2', 0, 'px', 50, 'px', 'left', 'left', 'no', 0, 'px', '', '', '', 0, 0, 1, 0, 0, 1, 0, 0, 0, 0),
	(140, 28, 40, 0, 0, 'description', '', 'richtext', 862, '', '', 'no', 'left', '', 0, 'px', 0, 'px', 'top', 'left', 'no', 0, 'px', '', '', '', 0, 0, 1, 0, 0, 1, 0, 0, 0, 0),
	(141, 28, 40, 0, 1, 'characteristics', '', 'richtext', 863, '', '', 'no', 'left', '', 0, 'px', 0, 'px', 'top', 'left', 'no', 0, 'px', '', '', '', 0, 0, 1, 0, 0, 1, 0, 0, 0, 0),
	(142, 28, 40, 0, 2, 'assortment', '', 'richtext', 864, '', '', 'no', 'left', '', 0, 'px', 0, 'px', 'top', 'left', 'no', 0, 'px', '', '', '', 0, 0, 1, 0, 0, 1, 0, 0, 0, 0),
	(143, 28, 40, 0, 3, 'accessories', '', 'richtext', 865, '', '', 'no', 'left', '', 0, 'px', 0, 'px', 'top', 'left', 'no', 0, 'px', '', '', '', 0, 0, 1, 0, 0, 1, 0, 0, 0, 0),
	(144, 30, 0, 0, 0, 'image', '', 'file', 870, '', '', 'yes', 'left', '', 0, 'px', 0, 'px', 'left', 'left', 'no', 0, 'px', '', '', '', 70, 210, 1, 310, 940, 1, 310, 940, 0, 0),
	(145, 30, 0, 0, 1, 'title[LANG]', '', 'text', 871, '', 'trim|xss_clean', 'yes', 'left', '', 0, 'px', 100, '%', 'left', 'left', 'no', 0, 'px', '', '', '', 0, 0, 1, 0, 0, 1, 0, 0, 0, 0),
	(146, 30, 0, 0, 2, 'link', '', 'text', 872, '', 'trim|xss_clean', 'yes', 'left', '', 0, 'px', 100, '%', 'left', 'left', 'no', 0, 'px', '', '', '', 0, 0, 1, 0, 0, 1, 0, 0, 0, 0),
	(147, 30, 0, 0, 3, 'description[LANG]', '', 'text', 873, '', 'trim|xss_clean', 'no', 'left', '', 0, 'px', 100, '%', 'left', 'left', 'no', 0, 'px', '', '', '', 0, 0, 1, 0, 0, 1, 0, 0, 0, 0),
	(148, 30, 0, 0, 4, '', '', 'submit', 874, '', '', 'no', 'left', '', 0, 'px', 0, 'px', 'left', 'left', 'no', 0, 'px', '', '', '', 0, 0, 1, 0, 0, 1, 0, 0, 0, 0),
	(149, 28, 40, 0, 4, '', '', 'submit', 883, '', '', 'no', 'left', '', 0, 'px', 0, 'px', 'left', 'left', 'no', 0, 'px', '', '', '', 0, 0, 1, 0, 0, 1, 0, 0, 0, 0),
	(150, 31, 0, 0, 1, 'link', '', 'text', 885, '', 'trim|required|xss_clean', 'yes', 'left', '', 0, 'px', 100, '%', 'left', 'left', 'no', 0, 'px', '', '', '', 0, 0, 1, 0, 0, 1, 0, 0, 0, 0),
	(151, 31, 0, 0, 2, 'title', '', 'text', 886, '', 'trim|required|xss_clean', 'yes', 'left', '', 0, 'px', 100, '%', 'left', 'left', 'no', 0, 'px', '', '', '', 0, 0, 1, 0, 0, 1, 0, 0, 0, 0),
	(152, 31, 0, 0, 3, 'httpstatus', '', 'display', 887, '', '', 'yes', 'left', '', 0, 'px', 0, 'px', 'left', 'left', 'no', 0, 'px', '', '', '', 0, 0, 1, 0, 0, 1, 0, 0, 0, 0),
	(153, 31, 0, 0, 0, 'table', '', 'display', 888, '', '', 'yes', 'left', '', 0, 'px', 0, 'px', 'left', 'left', 'no', 0, 'px', '', '', '', 0, 0, 1, 0, 0, 1, 0, 0, 0, 0),
	(154, 31, 0, 0, 4, '', '', 'submit', 889, '', '', 'no', 'left', '', 0, 'px', 0, 'px', 'left', 'left', 'no', 0, 'px', '', '', '', 0, 0, 1, 0, 0, 1, 0, 0, 0, 0),
	(155, 32, 41, 0, 0, 'title', '', 'text', 893, '', 'trim|required|max_length[100]|xss_clean', 'yes', 'left', '', 0, 'px', 100, '%', 'left', 'left', 'no', 0, 'px', '', '', '', 0, 0, 1, 0, 0, 1, 0, 0, 0, 0),
	(156, 32, 41, 26, 2, 'period', '', 'select', 894, '', 'trim|required|xss_clean', 'yes', 'left', '', 0, 'px', 0, 'px', 'left', 'left', 'no', 0, 'px', '', '', '', 0, 0, 1, 0, 0, 1, 0, 0, 0, 0),
	(157, 32, 41, 27, 3, 'group_by', '', 'select', 895, '', 'trim|required|xss_clean', 'yes', 'left', '', 0, 'px', 0, 'px', 'left', 'left', 'no', 0, 'px', '', '', '', 0, 0, 1, 0, 0, 1, 0, 0, 0, 0),
	(158, 32, 42, 0, 1, 'item_name_1', '', 'text', 896, '', 'trim|required|xss_clean', 'no', 'left', '', 0, 'px', 100, '%', 'left', 'left', 'no', 0, 'px', '', '', '', 0, 0, 1, 0, 0, 1, 0, 0, 0, 0),
	(159, 32, 42, 0, 2, 'item_sql_1', '', 'text', 897, '', 'trim|required|xss_clean', 'no', 'left', '', 0, 'px', 100, '%', 'left', 'left', 'no', 0, 'px', '', '', '', 0, 0, 1, 0, 0, 1, 0, 0, 0, 0),
	(160, 32, 42, 0, 3, 'item_name_2', '', 'text', 898, '', 'trim|required|xss_clean', 'no', 'left', '', 0, 'px', 100, '%', 'left', 'left', 'no', 0, 'px', '', '', '', 0, 0, 1, 0, 0, 1, 0, 0, 0, 0),
	(161, 32, 42, 0, 4, 'item_sql_2', '', 'text', 899, '', 'trim|required|xss_clean', 'no', 'left', '', 0, 'px', 100, '%', 'left', 'left', 'no', 0, 'px', '', '', '', 0, 0, 1, 0, 0, 1, 0, 0, 0, 0),
	(162, 32, 42, 0, 5, 'item_name_3', '', 'text', 900, '', 'trim|required|xss_clean', 'no', 'left', '', 0, 'px', 100, '%', 'left', 'left', 'no', 0, 'px', '', 'FD.items_count<3', '', 0, 0, 1, 0, 0, 1, 0, 0, 0, 0),
	(163, 32, 42, 0, 6, 'item_sql_3', '', 'text', 901, '', 'trim|required|xss_clean', 'no', 'left', '', 0, 'px', 100, '%', 'left', 'left', 'no', 0, 'px', '', 'FD.items_count<3', '', 0, 0, 1, 0, 0, 1, 0, 0, 0, 0),
	(164, 32, 42, 25, 0, 'items_count', '', 'select', 902, '', 'required|numeric', 'yes', 'left', '', 0, 'px', 0, 'px', 'left', 'left', 'no', 0, 'px', '', '', '', 0, 0, 1, 0, 0, 1, 0, 0, 0, 0),
	(165, 32, 42, 0, 21, '', '', 'submit', 903, '', '', 'no', 'left', '', 0, 'px', 0, 'px', 'left', 'left', 'no', 0, 'px', '', '', '', 0, 0, 1, 0, 0, 1, 0, 0, 0, 0),
	(166, 32, 41, 0, 1, 'subtitle', '', 'text', 923, '', 'trim|required|max_length[100]|xss_clean', 'no', 'left', '', 0, 'px', 100, '%', 'left', 'left', 'no', 0, 'px', '', '', '', 0, 0, 1, 0, 0, 1, 0, 0, 0, 0),
	(167, 32, 42, 0, 7, 'item_name_4', '', 'text', 929, '', 'trim|required|xss_clean', 'no', 'left', '', 0, 'px', 100, '%', 'left', 'left', 'no', 0, 'px', '', 'FD.items_count<4', '', 0, 0, 1, 0, 0, 1, 0, 0, 0, 0),
	(168, 32, 42, 0, 9, 'item_name_5', '', 'text', 930, '', 'trim|required|xss_clean', 'no', 'left', '', 0, 'px', 100, '%', 'left', 'left', 'no', 0, 'px', '', 'FD.items_count<5', '', 0, 0, 1, 0, 0, 1, 0, 0, 0, 0),
	(169, 32, 42, 0, 11, 'item_name_6', '', 'text', 931, '', 'trim|required|xss_clean', 'no', 'left', '', 0, 'px', 100, '%', 'left', 'left', 'no', 0, 'px', '', 'FD.items_count<6', '', 0, 0, 1, 0, 0, 1, 0, 0, 0, 0),
	(170, 32, 42, 0, 13, 'item_name_7', '', 'text', 932, '', 'trim|required|xss_clean', 'no', 'left', '', 0, 'px', 100, '%', 'left', 'left', 'no', 0, 'px', '', 'FD.items_count<7', '', 0, 0, 1, 0, 0, 1, 0, 0, 0, 0),
	(171, 32, 42, 0, 15, 'item_name_8', '', 'text', 933, '', 'trim|required|xss_clean', 'no', 'left', '', 0, 'px', 100, '%', 'left', 'left', 'no', 0, 'px', '', 'FD.items_count<8', '', 0, 0, 1, 0, 0, 1, 0, 0, 0, 0),
	(172, 32, 42, 0, 17, 'item_name_9', '', 'text', 934, '', 'trim|required|xss_clean', 'no', 'left', '', 0, 'px', 100, '%', 'left', 'left', 'no', 0, 'px', '', 'FD.items_count<9', '', 0, 0, 1, 0, 0, 1, 0, 0, 0, 0),
	(173, 32, 42, 0, 19, 'item_name_10', '', 'text', 935, '', 'trim|required|xss_clean', 'no', 'left', '', 0, 'px', 100, '%', 'left', 'left', 'no', 0, 'px', '', 'FD.items_count<10', '', 0, 0, 1, 0, 0, 1, 0, 0, 0, 0),
	(174, 32, 42, 0, 8, 'item_sql_4', '', 'text', 936, '', 'trim|required|xss_clean', 'no', 'left', '', 0, 'px', 100, '%', 'left', 'left', 'no', 0, 'px', '', 'FD.items_count<4', '', 0, 0, 1, 0, 0, 1, 0, 0, 0, 0),
	(175, 32, 42, 0, 10, 'item_sql_5', '', 'text', 937, '', 'trim|required|xss_clean', 'no', 'left', '', 0, 'px', 100, '%', 'left', 'left', 'no', 0, 'px', '', 'FD.items_count<5', '', 0, 0, 1, 0, 0, 1, 0, 0, 0, 0),
	(176, 32, 42, 0, 12, 'item_sql_6', '', 'text', 938, '', 'trim|required|xss_clean', 'no', 'left', '', 0, 'px', 100, '%', 'left', 'left', 'no', 0, 'px', '', 'FD.items_count<6', '', 0, 0, 1, 0, 0, 1, 0, 0, 0, 0),
	(177, 32, 42, 0, 14, 'item_sql_7', '', 'text', 939, '', 'trim|required|xss_clean', 'no', 'left', '', 0, 'px', 100, '%', 'left', 'left', 'no', 0, 'px', '', 'FD.items_count<7', '', 0, 0, 1, 0, 0, 1, 0, 0, 0, 0),
	(178, 32, 42, 0, 16, 'item_sql_8', '', 'text', 940, '', 'trim|required|xss_clean', 'no', 'left', '', 0, 'px', 100, '%', 'left', 'left', 'no', 0, 'px', '', 'FD.items_count<8', '', 0, 0, 1, 0, 0, 1, 0, 0, 0, 0),
	(179, 32, 42, 0, 18, 'item_sql_9', '', 'text', 941, '', 'trim|required|xss_clean', 'no', 'left', '', 0, 'px', 100, '%', 'left', 'left', 'no', 0, 'px', '', 'FD.items_count<9', '', 0, 0, 1, 0, 0, 1, 0, 0, 0, 0),
	(180, 32, 42, 0, 20, 'item_sql_10', '', 'text', 942, '', 'trim|required|xss_clean', 'no', 'left', '', 0, 'px', 100, '%', 'left', 'left', 'no', 0, 'px', '', 'FD.items_count<10', '', 0, 0, 1, 0, 0, 1, 0, 0, 0, 0),
	(181, 32, 41, 0, 4, 'date_field', '', 'text', 943, 'pub_date', 'trim|required|alpha_numeric|max_length[20]', 'no', 'left', '', 0, 'px', 0, 'px', 'left', 'left', 'no', 0, 'px', '', '', '', 0, 0, 1, 0, 0, 1, 0, 0, 0, 0),
	(184, 33, 43, 21, 0, 'instructor_on', '', 'radio', 951, '', 'required|xss_clean', 'no', 'left', '', 0, 'px', 0, 'px', 'left', 'left', 'no', 0, 'px', '', '', '', 0, 0, 1, 0, 0, 1, 0, 0, 0, 0),
	(185, 33, 44, 22, 0, 'experience_skiing_1', '', 'select', 952, '1', 'alpha_numeric', 'no', 'right', '', 0, 'px', 0, 'px', 'left', 'left', 'no', 0, 'px', '', '', '', 0, 0, 1, 0, 0, 1, 0, 0, 0, 0),
	(186, 33, 45, 0, 4, '', '', 'submit', 953, '', '', 'no', 'left', '', 0, 'px', 0, 'px', 'left', 'left', 'no', 0, 'px', '', '', '', 0, 0, 1, 0, 0, 1, 0, 0, 0, 0),
	(187, 33, 44, 22, 1, 'experience_skiing_2', '', 'select', 954, '10', 'alpha_numeric', 'no', 'left', '', 0, 'px', 0, 'px', 'right', 'left', 'yes', 0, 'px', '', '', '', 0, 0, 1, 0, 0, 1, 0, 0, 0, 0),
	(188, 34, 0, 0, 0, 'name', '', 'text', 964, '', 'trim|required|max_length[100]|xss_clean', 'yes', 'left', '', 0, 'px', 0, 'px', 'left', 'left', 'no', 0, 'px', '', '', '', 0, 0, 1, 0, 0, 1, 0, 0, 0, 0),
	(189, 34, 0, 0, 1, 'surname', '', 'text', 965, '', 'trim|required|max_length[100]|xss_clean', 'yes', 'left', '', 0, 'px', 0, 'px', 'left', 'left', 'no', 0, 'px', '', '', '', 0, 0, 1, 0, 0, 1, 0, 0, 0, 0),
	(190, 34, 0, 0, 3, 'phone', '', 'text', 966, '', 'trim|required|max_length[20]|xss_clean', 'yes', 'left', '', 0, 'px', 0, 'px', 'left', 'left', 'no', 0, 'px', '', '', '', 0, 0, 1, 0, 0, 1, 0, 0, 0, 0),
	(191, 34, 0, 0, 4, 'city', '', 'text', 967, '', 'trim|required|max_length[100]|xss_clean', 'yes', 'left', '', 0, 'px', 0, 'px', 'left', 'left', 'no', 0, 'px', '', '', '', 0, 0, 1, 0, 0, 1, 0, 0, 0, 0),
	(192, 34, 0, 0, 5, 'address', '', 'text', 968, '', 'trim|required|max_length[100]|xss_clean', 'yes', 'left', '', 0, 'px', 0, 'px', 'left', 'left', 'no', 0, 'px', '', '', '', 0, 0, 1, 0, 0, 1, 0, 0, 0, 0),
	(193, 34, 0, 0, 6, 'zipcode', '', 'text', 969, '', 'trim|required|max_length[20]|xss_clean', 'yes', 'left', '', 0, 'px', 0, 'px', 'left', 'left', 'no', 0, 'px', '', '', '', 0, 0, 1, 0, 0, 1, 0, 0, 0, 0),
	(194, 34, 0, 0, 2, 'email', '', 'text', 970, '', 'trim|required|valid_email', 'yes', 'left', '', 0, 'px', 0, 'px', 'left', 'left', 'no', 0, 'px', '', '', '', 0, 0, 1, 0, 0, 1, 0, 0, 0, 0),
	(195, 34, 0, 0, 7, '', '', 'submit', 971, '', '', 'no', 'left', '', 0, 'px', 0, 'px', 'left', 'left', 'no', 0, 'px', '', '', '', 0, 0, 1, 0, 0, 1, 0, 0, 0, 0),
	(196, 33, 44, 22, 2, 'experience_instructor_1', '', 'select', 995, '1', 'alpha_numeric', 'no', 'right', '', 0, 'px', 0, 'px', 'left', 'left', 'no', 0, 'px', '', '', '', 0, 0, 1, 0, 0, 1, 0, 0, 0, 0),
	(197, 33, 44, 22, 3, 'experience_instructor_2', '', 'select', 996, '10', 'alpha_numeric', 'no', 'left', '', 0, 'px', 0, 'px', 'right', 'left', 'yes', 0, 'px', '', '', '', 0, 0, 1, 0, 0, 1, 0, 0, 0, 0),
	(201, 33, 44, 22, 5, 'experience_bukovel_2', '', 'select', 1002, '10', 'alpha_numeric', 'no', 'left', '', 0, 'px', 0, 'px', 'right', 'left', 'yes', 0, 'px', '', '', '', 0, 0, 1, 0, 0, 1, 0, 0, 0, 0),
	(200, 33, 44, 22, 4, 'experience_bukovel_1', '', 'select', 1001, '1', 'alpha_numeric', 'no', 'right', '', 0, 'px', 0, 'px', 'left', 'left', 'no', 0, 'px', '', '', '', 0, 0, 1, 0, 0, 1, 0, 0, 0, 0),
	(202, 33, 45, 0, 0, 'specialization', '', 'text', 1003, '', 'xss_clean', 'no', 'left', '', 0, 'px', 0, 'px', 'left', 'left', 'no', 0, 'px', '', '', '', 0, 0, 1, 0, 0, 1, 0, 0, 0, 0),
	(203, 33, 45, 0, 1, 'with_video', '', 'checkbox', 1004, '', 'alpha_numeric', 'no', 'left', '', 0, 'px', 0, 'px', 'left', 'left', 'no', 0, 'px', '', '', '', 0, 0, 1, 0, 0, 1, 0, 0, 0, 0),
	(204, 33, 45, 24, 2, 'teaching_skiing', '', 'checkbox', 1005, '', 'xss_clean', 'no', 'left', '', 0, 'px', 0, 'px', 'left', 'left', 'no', 0, 'px', '', '', '', 0, 0, 1, 0, 0, 1, 0, 0, 0, 0),
	(205, 33, 45, 23, 3, 'fluency_in_languages', '', 'checkbox', 1006, '', 'xss_clean', 'no', 'left', '', 0, 'px', 0, 'px', 'left', 'left', 'no', 0, 'px', '', '', '', 0, 0, 1, 0, 0, 1, 0, 0, 0, 0),
	(206, 33, 43, 0, 1, 'customer_name', '', 'text', 1008, '', 'xss_clean', 'no', 'left', '', 0, 'px', 0, 'px', 'left', 'left', 'no', 0, 'px', '', '', '', 0, 0, 1, 0, 0, 1, 0, 0, 0, 0),
	(207, 33, 43, 0, 2, 'customer_surname', '', 'text', 1009, '', 'xss_clean', 'no', 'left', '', 0, 'px', 0, 'px', 'left', 'left', 'no', 0, 'px', '', '', '', 0, 0, 1, 0, 0, 1, 0, 0, 0, 0),
	(213, 36, 50, 1, 1, 'presence_of_folding_seats', '', 'radio', 1012, '', 'required|xss_clean', 'no', 'left', '', 0, 'px', 0, 'px', 'left', 'left', 'no', 0, 'px', '', '', '', 0, 0, 1, 0, 0, 1, 0, 0, 0, 0),
	(263, 36, 51, 0, 3, 'price_2', '', 'text', 1071, '500', 'trim|numeric', 'no', 'left', '', 0, 'px', 50, 'px', 'left', 'left', 'yes', 0, 'px', '', '', '', 0, 0, 1, 0, 0, 1, 0, 0, 0, 0),
	(261, 36, 51, 0, 1, 'number_of_sitting_places_2', '', 'text', 1067, '60', 'trim|natural', 'no', 'left', '', 0, 'px', 50, 'px', 'left', 'left', 'yes', 0, 'px', '', '', '', 0, 0, 1, 0, 0, 1, 0, 0, 0, 0),
	(250, 36, 50, 1, 2, 'ability_to_view_video', '', 'radio', 1050, '', 'required|xss_clean', 'no', 'left', '', 0, 'px', 0, 'px', 'left', 'left', 'no', 0, 'px', '', '', '', 0, 0, 1, 0, 0, 1, 0, 0, 0, 0),
	(251, 36, 50, 1, 3, 'presence_of_luggage', '', 'radio', 1051, '', 'required|xss_clean', 'no', 'left', '', 0, 'px', 0, 'px', 'left', 'left', 'no', 0, 'px', '', '', '', 0, 0, 1, 0, 0, 1, 0, 0, 0, 0),
	(252, 36, 52, 0, 0, 'with_photo', '', 'checkbox', 1052, '', 'xss_clean', 'no', 'left', '', 0, 'px', 0, 'px', 'left', 'left', 'no', 0, 'px', '', '', '', 0, 0, 1, 0, 0, 1, 0, 0, 0, 0),
	(259, 36, 51, 0, 2, 'price_1', '', 'text', 1059, '50', 'trim|numeric', 'no', 'right', '', 0, 'px', 50, 'px', 'left', 'left', 'no', 0, 'px', '', '', '', 0, 0, 1, 0, 0, 1, 0, 0, 0, 0),
	(260, 36, 51, 0, 0, 'number_of_sitting_places_1', '', 'text', 1060, '6', 'trim|natural', 'no', 'right', '', 0, 'px', 50, 'px', 'left', 'left', 'no', 0, 'px', '', '', '', 0, 0, 1, 0, 0, 1, 0, 0, 0, 0),
	(264, 36, 52, 0, 1, '', '', 'submit', 1072, '', '', 'no', 'left', '', 0, 'px', 0, 'px', 'left', 'left', 'no', 0, 'px', '', '', '', 0, 0, 1, 0, 0, 1, 0, 0, 0, 0),
	(265, 36, 50, 0, 0, 'route_name', '', 'text', 1073, '', 'trim|max_length[150]|xss_clean', 'no', 'left', '', 0, 'px', 100, '%', 'left', 'left', 'no', 0, 'px', '', '', '', 0, 0, 1, 0, 0, 1, 0, 0, 0, 0),
	(266, 37, 56, 0, 0, 'price_1', '', 'text', 1078, '', 'trim|numeric', 'no', 'right', '', 0, 'px', 50, 'px', 'left', 'left', 'no', 0, 'px', '', '', '', 0, 0, 1, 0, 0, 1, 0, 0, 0, 0),
	(267, 37, 57, 0, 0, 'business_lunch', '', 'checkbox', 1079, '', 'natural', 'no', 'left', '', 0, 'px', 0, 'px', 'left', 'left', 'no', 0, 'px', '', '', '', 0, 0, 1, 0, 0, 1, 0, 0, 0, 0),
	(268, 37, 57, 19, 1, 'possible_activities', '', 'checkbox', 1080, '', 'xss_clean', 'no', 'left', '', 0, 'px', 0, 'px', 'left', 'left', 'no', 0, 'px', '', '', '', 0, 0, 1, 0, 0, 1, 0, 0, 0, 0),
	(269, 37, 57, 20, 2, 'cuisine', '', 'checkbox', 1081, '', 'xss_clean', 'no', 'left', '', 0, 'px', 0, 'px', 'left', 'left', 'no', 0, 'px', '', '', '', 0, 0, 1, 0, 0, 1, 0, 0, 0, 0),
	(270, 37, 57, 0, 3, 'with_photo', '', 'checkbox', 1082, '', 'natural', 'no', 'left', '', 0, 'px', 0, 'px', 'left', 'left', 'no', 0, 'px', '', '', '', 0, 0, 1, 0, 0, 1, 0, 0, 0, 0),
	(271, 37, 57, 0, 4, '', '', 'submit', 1083, '', '', 'no', 'left', '', 0, 'px', 0, 'px', 'left', 'left', 'no', 0, 'px', '', '', '', 0, 0, 1, 0, 0, 1, 0, 0, 0, 0),
	(272, 37, 56, 0, 1, 'price_2', '', 'text', 1084, '', 'trim|numeric', 'no', 'left', '', 0, 'px', 50, 'px', 'right', 'left', 'yes', 0, 'px', '', '', '', 0, 0, 1, 0, 0, 1, 0, 0, 0, 0),
	(273, 38, 58, 0, 1, 'ISBN', '', 'text', 1086, '', 'trim|required|max_length[25]|xss_clean', 'yes', 'left', '', 0, 'px', 0, 'px', 'left', 'left', 'no', 0, 'px', '', '', '', 0, 0, 1, 0, 0, 1, 0, 0, 0, 0),
	(274, 38, 58, 0, 5, 'author[LANG]', '', 'text', 1087, '', 'trim|max_length[100]|xss_clean', 'yes', 'left', '', 0, 'px', 0, 'px', 'left', 'left', 'no', 0, 'px', '', '', '', 0, 0, 1, 0, 0, 1, 0, 0, 0, 0),
	(275, 38, 58, 29, 6, 'language', '', 'select', 1088, '', 'required|max_length[6]|xss_clean', 'yes', 'left', '', 0, 'px', 0, 'px', 'left', 'left', 'no', 0, 'px', '', '', '', 0, 0, 1, 0, 0, 1, 0, 0, 0, 0),
	(276, 38, 58, 0, 7, 'year', '', 'text', 1089, '', 'trim|max_length[4]|is_natural', 'yes', 'left', '', 0, 'px', 50, 'px', 'left', 'left', 'no', 0, 'px', '', '', '', 0, 0, 1, 0, 0, 1, 0, 0, 0, 0),
	(277, 38, 58, 31, 8, 'manufacturer_id', '', 'select', 1090, '', 'required|is_natural', 'no', 'left', '', 0, 'px', 0, 'px', 'left', 'left', 'no', 0, 'px', '', '', '', 0, 0, 1, 0, 0, 1, 0, 0, 0, 0),
	(278, 38, 58, 0, 9, 'number_of_pages', '', 'text', 1091, '', 'trim|is_natural', 'yes', 'left', '', 0, 'px', 50, 'px', 'left', 'left', 'no', 0, 'px', '', '', '', 0, 0, 1, 0, 0, 1, 0, 0, 0, 0),
	(279, 38, 58, 30, 10, 'cover', '', 'select', 1092, '', 'required|max_length[6]|xss_clean', 'yes', 'left', '', 0, 'px', 0, 'px', 'left', 'left', 'no', 0, 'px', '', '', '', 0, 0, 1, 0, 0, 1, 0, 0, 0, 0),
	(280, 38, 58, 0, 21, '', '', 'submit', 1093, '', '', 'no', 'left', '', 0, 'px', 0, 'px', 'left', 'left', 'no', 0, 'px', '', '', '', 0, 0, 1, 0, 0, 1, 0, 0, 0, 0),
	(281, 38, 58, 0, 2, 'name[LANG]', '', 'text', 1094, '', 'trim|required|max_length[150]|xss_clean', 'yes', 'left', '', 0, 'px', 0, 'px', 'left', 'left', 'no', 0, 'px', '', '', '', 0, 0, 1, 0, 0, 1, 0, 0, 0, 0),
	(282, 38, 58, 0, 3, 'price', '', 'text', 1095, '', 'trim|required|numeric', 'yes', 'left', '', 0, 'px', 0, 'px', 'left', 'left', 'no', 0, 'px', '', '', '', 0, 0, 1, 0, 0, 1, 0, 0, 0, 0),
	(283, 38, 58, 0, 4, 'old_price', '', 'text', 1096, '', 'trim|numeric', 'yes', 'left', '', 0, 'px', 0, 'px', 'left', 'left', 'no', 0, 'px', '', '', '', 0, 0, 1, 0, 0, 1, 0, 0, 0, 0),
	(284, 38, 58, 0, 11, 'photo1', '', 'file', 1097, '', 'xss_clean', 'yes', 'left', '', 0, 'px', 0, 'px', 'left', 'left', 'no', 0, 'px', '', '', '', 100, 70, 0, 160, 110, 0, 500, 500, 0, 0),
	(285, 38, 58, 0, 17, 'description[LANG]', '', 'textarea', 1098, '', '', 'no', 'left', '', 0, 'px', 0, 'px', 'left', 'left', 'no', 0, 'px', '', '', '', 0, 0, 1, 0, 0, 1, 0, 0, 0, 0),
	(286, 38, 58, 0, 18, 'featured', '', 'checkbox', 1099, '', 'is_natural', 'yes', 'left', '', 0, 'px', 0, 'px', 'left', 'left', 'no', 0, 'px', '', '', '', 0, 0, 1, 0, 0, 1, 0, 0, 0, 0),
	(287, 38, 58, 0, 19, 'in_stock', '', 'checkbox', 1100, '', 'is_natural', 'yes', 'left', '', 0, 'px', 0, 'px', 'left', 'left', 'no', 0, 'px', '', '', '', 0, 0, 1, 0, 0, 1, 0, 0, 0, 0),
	(288, 38, 58, 0, 20, 'views', '', 'display', 1101, '', '', 'no', 'left', '', 0, 'px', 0, 'px', 'left', 'left', 'no', 0, 'px', '', '', '', 0, 0, 1, 0, 0, 1, 0, 0, 0, 0),
	(289, 38, 58, 0, 12, 'more_images', '', 'checkbox', 1104, '', '', 'no', 'left', '', 0, 'px', 0, 'px', 'left', 'left', 'no', 0, 'px', '', '', '', 0, 0, 1, 0, 0, 1, 0, 0, 0, 0),
	(290, 38, 58, 0, 13, 'photo2', '', 'file', 1105, '', 'xss_clean', 'no', 'left', '', 0, 'px', 0, 'px', 'left', 'left', 'no', 0, 'px', '', 'FD.more_images==\'\'', '', 100, 100, 0, 140, 140, 0, 500, 500, 0, 0),
	(291, 38, 58, 0, 14, 'photo3', '', 'file', 1106, '', 'xss_clean', 'no', 'left', '', 0, 'px', 0, 'px', 'left', 'left', 'no', 0, 'px', '', 'FD.more_images==\'\'', '', 100, 100, 0, 140, 140, 0, 500, 500, 0, 0),
	(292, 38, 58, 0, 15, 'photo4', '', 'file', 1107, '', 'xss_clean', 'no', 'left', '', 0, 'px', 0, 'px', 'left', 'left', 'no', 0, 'px', '', 'FD.more_images==\'\'', '', 100, 100, 0, 140, 140, 0, 500, 500, 0, 0),
	(293, 38, 58, 0, 16, 'photo5', '', 'file', 1108, '', 'xss_clean', 'no', 'left', '', 0, 'px', 0, 'px', 'left', 'left', 'no', 0, 'px', '', 'FD.more_images==\'\'', '', 100, 100, 0, 140, 140, 0, 500, 500, 0, 0),
	(294, 38, 58, 0, 0, 'slug_from', '', 'hidden', 1120, 'name', '', 'no', 'left', '', 0, 'px', 0, 'px', 'left', 'left', 'no', 0, 'px', '', '', '', 0, 0, 1, 0, 0, 1, 0, 0, 0, 0),
	(295, 39, 60, 0, 0, 'name', '', 'text', 1156, '', 'trim|max_length[150]|xss_clean', 'yes', 'left', '', 0, 'px', 0, 'px', 'left', 'left', 'no', 0, 'px', '', '', '', 0, 0, 1, 0, 0, 1, 0, 0, 0, 0),
	(296, 39, 61, 0, 0, 'price_1', '', 'text', 1158, '', 'trim|numeric', 'no', 'right', '', 0, 'px', 50, 'px', 'left', 'left', 'no', 0, 'px', '', '', '', 0, 0, 1, 0, 0, 1, 0, 0, 0, 0),
	(297, 39, 61, 0, 1, 'price_2', '', 'text', 1159, '', 'trim|numeric', 'no', 'left', '', 0, 'px', 50, 'px', 'right', 'left', 'yes', 0, 'px', '', '', '', 0, 0, 1, 0, 0, 1, 0, 0, 0, 0),
	(298, 39, 60, 0, 1, 'author', '', 'text', 1160, '', 'trim|max_length[100]|xss_clean', 'yes', 'left', '', 0, 'px', 0, 'px', 'left', 'left', 'no', 0, 'px', '', '', '', 0, 0, 1, 0, 0, 1, 0, 0, 0, 0),
	(299, 39, 60, 29, 2, 'language', '', 'checkbox', 1161, '', 'xss_clean', 'yes', 'left', '', 0, 'px', 0, 'px', 'left', 'left', 'no', 0, 'px', '', '', '', 0, 0, 1, 0, 0, 1, 0, 0, 0, 0),
	(300, 39, 61, 0, 2, 'year_1', '', 'text', 1162, '', 'trim|max_length[4]|is_natural', 'yes', 'right', '', 0, 'px', 50, 'px', 'left', 'left', 'no', 0, 'px', '', '', '', 0, 0, 1, 0, 0, 1, 0, 0, 0, 0),
	(301, 39, 60, 31, 3, 'manufacturer_id', '', 'select', 1163, '', 'is_natural', 'no', 'left', '', 0, 'px', 0, 'px', 'left', 'left', 'no', 0, 'px', '', '', '', 0, 0, 1, 0, 0, 1, 0, 0, 0, 0),
	(302, 39, 61, 0, 3, 'year_2', '', 'text', 1164, '', 'trim|max_length[4]|is_natural', 'yes', 'left', '', 0, 'px', 50, 'px', 'right', 'left', 'yes', 0, 'px', '', '', '', 0, 0, 1, 0, 0, 1, 0, 0, 0, 0),
	(303, 39, 62, 0, 0, '', '', 'submit', 1165, '', '', 'no', 'left', '', 0, 'px', 0, 'px', 'left', 'left', 'no', 0, 'px', '', '', '', 0, 0, 1, 0, 0, 1, 0, 0, 0, 0),
	(304, 40, 63, 0, 0, 'title', '', 'text', 1168, '', 'trim|required|max_length[150]', 'yes', 'left', '', 0, 'px', 260, 'px', 'left', 'left', 'no', 26, '%', '', '', '', 0, 0, 0, 0, 0, 0, 0, 0, 0, 0),
	(305, 40, 64, 0, 0, 'start_date', '', 'date', 1169, '', 'required', 'yes', 'right', '', 0, 'px', 80, 'px', 'left', 'left', 'no', 0, 'px', '', '', '', 0, 0, 0, 0, 0, 0, 0, 0, 0, 0),
	(306, 40, 64, 0, 2, 'end_date', '', 'date', 1170, '', '', 'yes', 'right', '', 0, 'px', 80, 'px', 'left', 'left', 'no', 0, 'px', '', '', '', 0, 0, 0, 0, 0, 0, 0, 0, 0, 0),
	(307, 40, 64, 0, 1, 'start_time', '', 'time', 1171, '', '', 'yes', 'left', '', 0, 'px', 40, 'px', 'right', 'left', 'yes', 0, 'px', '', '', '', 0, 0, 0, 0, 0, 0, 0, 0, 0, 0),
	(308, 40, 64, 0, 3, 'end_time', '', 'time', 1172, '', '', 'yes', 'left', '', 0, 'px', 40, 'px', 'right', 'left', 'yes', 0, 'px', '', '', '', 0, 0, 0, 0, 0, 0, 0, 0, 0, 0),
	(309, 40, 64, 0, 4, 'allDay', '', 'checkbox', 1173, '', 'natural', 'yes', 'left', '', 0, 'px', 0, 'px', 'right', 'left', 'no', 82, '%', '', '', '', 0, 0, 0, 0, 0, 0, 0, 0, 0, 0),
	(310, 40, 65, 0, 0, '', '', 'submit', 1174, '', '', 'no', 'right', '', 0, 'px', 0, 'px', 'left', 'left', 'no', 0, 'px', '', '', '', 0, 0, 0, 0, 0, 0, 0, 0, 0, 0),
	(312, 40, 64, 0, 5, '', '', 'display', 1179, '&nbsp;', '', 'no', 'left', '', 0, 'px', 0, 'px', 'left', 'left', 'yes', 0, 'px', '', '', '', 0, 0, 0, 0, 0, 0, 0, 0, 0, 0),
	(311, 40, 65, 0, 1, '', 'btn_delete_event', 'button', 1178, '', '', 'no', 'left', '', 0, 'px', 0, 'px', 'left', 'left', 'no', 0, 'px', '', 'FD.dataKey==\'\'', '', 0, 0, 0, 0, 0, 0, 0, 0, 0, 0),
	(314, 41, 0, 0, 0, 'name', '', 'text', 1192, '', 'trim|required|max_length[255]|xss_clean', 'yes', 'left', '', 0, 'px', 300, 'px', 'left', 'left', 'no', 0, 'px', '', '', '', 0, 0, 0, 0, 0, 0, 0, 0, 0, 0),
	(315, 41, 0, 0, 1, 'file_name', '', 'file', 1193, '', 'xss_clean', 'yes', 'left', '', 0, 'px', 0, 'px', 'left', 'left', 'no', 0, 'px', '', '', '', 0, 0, 0, 0, 0, 0, 0, 0, 0, 0),
	(316, 41, 0, 32, 2, 'category_id', '', 'select', 1194, '', 'required|natural', 'yes', 'left', '', 0, 'px', 300, 'px', 'left', 'left', 'no', 0, 'px', '', '', '', 0, 0, 0, 0, 0, 0, 0, 0, 0, 0),
	(317, 41, 0, 0, 3, '', '', 'submit', 1195, '', '', 'no', 'left', '', 0, 'px', 0, 'px', 'left', 'left', 'no', 0, 'px', '', '', '', 0, 0, 0, 0, 0, 0, 0, 0, 0, 0);
/*!40000 ALTER TABLE `form_inputs` ENABLE KEYS */;


-- Dumping structure for таблиця ci-0352.form_store
CREATE TABLE IF NOT EXISTS `form_store` (
  `id` int(11) unsigned NOT NULL AUTO_INCREMENT,
  `customer_id` int(11) unsigned NOT NULL DEFAULT '0',
  `form_id` int(11) unsigned NOT NULL DEFAULT '0',
  `data_key` char(16) NOT NULL DEFAULT '0',
  `field` varchar(100) NOT NULL DEFAULT '0',
  `value` text NOT NULL,
  PRIMARY KEY (`id`),
  KEY `form_id` (`form_id`),
  KEY `data_key` (`data_key`),
  KEY `customer_id` (`customer_id`)
) ENGINE=MyISAM AUTO_INCREMENT=132 DEFAULT CHARSET=utf8;

-- Dumping data for table ci-0352.form_store: 25 rows
/*!40000 ALTER TABLE `form_store` DISABLE KEYS */;
INSERT INTO `form_store` (`id`, `customer_id`, `form_id`, `data_key`, `field`, `value`) VALUES
	(3, 0, 3, '1AA157BB0EF94E10', 'name', 'Tester'),
	(4, 0, 3, '1AA157BB0EF94E10', 'email', 'test@test.com'),
	(5, 0, 14, 'B9DE634D9DCD426C', 'q_25', 'a_10'),
	(6, 0, 14, 'B9DE634D9DCD426C', 'q_26', 'a_16'),
	(7, 0, 14, 'B9DE634D9DCD426C', 'q_27', 'a_18'),
	(60, 0, 14, '2F8312D42B95E4C2', 'q_27', 'a_17'),
	(59, 0, 14, '2F8312D42B95E4C2', 'q_26', 'a_16|a_18|a_19'),
	(58, 0, 14, '2F8312D42B95E4C2', 'q_25', 'a_13'),
	(32, 0, 3, 'C64C6799D444B555', 'name', 'Tester'),
	(33, 0, 3, 'C64C6799D444B555', 'email', 'test@test.com'),
	(37, 0, 3, 'BC01746F773B4D4C', 'email', 'zzzz@test.com'),
	(36, 0, 3, 'BC01746F773B4D4C', 'name', 'ZZZZ'),
	(38, 0, 3, 'EDC36C065A287E90', 'name', 'ZZZZ'),
	(39, 0, 3, 'EDC36C065A287E90', 'email', 'zzzzz@test.com'),
	(44, 0, 19, 'ED643F7D2391196D', 'name', 'Michael'),
	(45, 0, 19, 'ED643F7D2391196D', 'q_37', '14857288c3e5de03f004162cb5950706.jpg'),
	(92, 0, 19, '9A29B26C7BB86AE2', 'avatar', ''),
	(91, 0, 19, '9A29B26C7BB86AE2', 'need_avatar', 'yes'),
	(90, 0, 19, '9A29B26C7BB86AE2', 'name', 'Michael'),
	(119, 0, 14, '71D40BFEF3B17054', 'q_27', 'a_17'),
	(118, 0, 14, '71D40BFEF3B17054', 'q_26', 'a_16|a_17|a_18'),
	(117, 0, 14, '71D40BFEF3B17054', 'q_25', 'a_10'),
	(131, 0, 14, 'FF5911819E05DD4E', 'q_27', 'a_19'),
	(130, 0, 14, 'FF5911819E05DD4E', 'q_26', 'a_15|a_16'),
	(129, 0, 14, 'FF5911819E05DD4E', 'q_25', 'a_12');
/*!40000 ALTER TABLE `form_store` ENABLE KEYS */;


-- Dumping structure for таблиця ci-0352.form_store_subscribtion
CREATE TABLE IF NOT EXISTS `form_store_subscribtion` (
  `data_key` char(16) NOT NULL,
  `name` varchar(100) NOT NULL,
  `email` varchar(150) NOT NULL,
  PRIMARY KEY (`data_key`)
) ENGINE=MyISAM DEFAULT CHARSET=utf8;

-- Dumping data for table ci-0352.form_store_subscribtion: 1 rows
/*!40000 ALTER TABLE `form_store_subscribtion` DISABLE KEYS */;
INSERT INTO `form_store_subscribtion` (`data_key`, `name`, `email`) VALUES
	('E39F6DAB3A18CC10', 'Tester', 'test@test.com');
/*!40000 ALTER TABLE `form_store_subscribtion` ENABLE KEYS */;


-- Dumping structure for таблиця ci-0352.from_store_avatars
CREATE TABLE IF NOT EXISTS `from_store_avatars` (
  `data_key` char(16) NOT NULL,
  `name` varchar(255) NOT NULL,
  `need_avatar` varchar(255) NOT NULL,
  `avatar` varchar(255) NOT NULL,
  PRIMARY KEY (`data_key`)
) ENGINE=MyISAM DEFAULT CHARSET=utf8;

-- Dumping data for table ci-0352.from_store_avatars: 1 rows
/*!40000 ALTER TABLE `from_store_avatars` DISABLE KEYS */;
INSERT INTO `from_store_avatars` (`data_key`, `name`, `need_avatar`, `avatar`) VALUES
	('AC2D6887869BD99B', 'Michael Smith', 'yes', 'b2c16a08696f32c6b994847c2d9841fc.png');
/*!40000 ALTER TABLE `from_store_avatars` ENABLE KEYS */;


-- Dumping structure for таблиця ci-0352.groups
CREATE TABLE IF NOT EXISTS `groups` (
  `id` int(11) unsigned NOT NULL AUTO_INCREMENT,
  `name` varchar(50) DEFAULT '',
  `admin_access` tinyint(1) unsigned DEFAULT '0',
  PRIMARY KEY (`id`)
) ENGINE=MyISAM AUTO_INCREMENT=7 DEFAULT CHARSET=utf8;

-- Dumping data for table ci-0352.groups: 6 rows
/*!40000 ALTER TABLE `groups` DISABLE KEYS */;
INSERT INTO `groups` (`id`, `name`, `admin_access`) VALUES
	(1, 'Default', 0),
	(2, 'Administrators', 1),
	(3, 'Managers', 1),
	(4, 'Users', 0),
	(5, 'Clients', 0),
	(6, 'Writers', 1);
/*!40000 ALTER TABLE `groups` ENABLE KEYS */;


-- Dumping structure for таблиця ci-0352.groups_rights
CREATE TABLE IF NOT EXISTS `groups_rights` (
  `id` int(11) NOT NULL AUTO_INCREMENT,
  `group_id` int(11) DEFAULT '0',
  `section` varchar(50) DEFAULT '',
  `right` varchar(50) NOT NULL DEFAULT 'view',
  `panel` enum('admin','front') NOT NULL DEFAULT 'admin',
  PRIMARY KEY (`id`),
  KEY `group_id` (`group_id`)
) ENGINE=MyISAM AUTO_INCREMENT=11996 DEFAULT CHARSET=utf8;

-- Dumping data for table ci-0352.groups_rights: 191 rows
/*!40000 ALTER TABLE `groups_rights` DISABLE KEYS */;
INSERT INTO `groups_rights` (`id`, `group_id`, `section`, `right`, `panel`) VALUES
	(11986, 2, 'reports', 'delete', 'admin'),
	(11985, 2, 'reports', 'add', 'admin'),
	(11984, 2, 'reports', 'edit', 'admin'),
	(11983, 2, 'reports', 'view', 'admin'),
	(11982, 2, 'spiderweb', 'delete', 'admin'),
	(6226, 3, 'orders', 'view', 'admin'),
	(6227, 3, 'orders', 'edit', 'admin'),
	(11981, 2, 'spiderweb', 'add', 'admin'),
	(11980, 2, 'spiderweb', 'edit', 'admin'),
	(11979, 2, 'spiderweb', 'view', 'admin'),
	(11978, 2, 'assortment', 'delete', 'admin'),
	(11977, 2, 'assortment', 'add', 'admin'),
	(11976, 2, 'assortment', 'edit', 'admin'),
	(11975, 2, 'assortment', 'view', 'admin'),
	(11974, 2, 'slideshow', 'delete', 'admin'),
	(11973, 2, 'slideshow', 'add', 'admin'),
	(11972, 2, 'slideshow', 'edit', 'admin'),
	(11971, 2, 'slideshow', 'view', 'admin'),
	(11970, 2, 'shipping', 'delete', 'admin'),
	(11969, 2, 'shipping', 'add', 'admin'),
	(11968, 2, 'shipping', 'edit', 'admin'),
	(11967, 2, 'shipping', 'view', 'admin'),
	(11966, 2, 'tasks', 'delete', 'admin'),
	(11965, 2, 'tasks', 'add', 'admin'),
	(11964, 2, 'tasks', 'edit', 'admin'),
	(11963, 2, 'tasks', 'view', 'admin'),
	(11962, 2, 'videos', 'delete', 'admin'),
	(11961, 2, 'videos', 'add', 'admin'),
	(11960, 2, 'videos', 'edit', 'admin'),
	(11959, 2, 'videos', 'view', 'admin'),
	(11958, 2, 'formbuilder', 'delete', 'admin'),
	(11957, 2, 'formbuilder', 'add', 'admin'),
	(11956, 2, 'formbuilder', 'edit', 'admin'),
	(11955, 2, 'formbuilder', 'view', 'admin'),
	(11954, 2, 'site_partners', 'config', 'admin'),
	(11953, 2, 'filters', 'delete', 'admin'),
	(11952, 2, 'filters', 'add', 'admin'),
	(11951, 2, 'filters', 'edit', 'admin'),
	(11950, 2, 'filters', 'view', 'admin'),
	(11949, 2, 'tags', 'delete', 'admin'),
	(11948, 2, 'tags', 'edit', 'admin'),
	(11947, 2, 'tags', 'view', 'admin'),
	(11946, 2, 'site_phones', 'config', 'admin'),
	(11945, 2, 'subscribers', 'send', 'admin'),
	(11944, 2, 'subscribers', 'delete', 'admin'),
	(11943, 2, 'subscribers', 'add', 'admin'),
	(11942, 2, 'subscribers', 'edit', 'admin'),
	(11941, 2, 'subscribers', 'view', 'admin'),
	(11940, 2, 'ratings', 'config', 'admin'),
	(11939, 2, 'themes', 'config', 'admin'),
	(11938, 2, 'testimonials', 'delete', 'admin'),
	(11937, 2, 'testimonials', 'add', 'admin'),
	(11936, 2, 'testimonials', 'edit', 'admin'),
	(11935, 2, 'testimonials', 'view', 'admin'),
	(11934, 2, 'comments', 'config', 'admin'),
	(11933, 2, 'comments', 'delete', 'admin'),
	(11931, 2, 'comments', 'view', 'admin'),
	(11932, 2, 'comments', 'edit', 'admin'),
	(11930, 2, 'poll', 'config', 'admin'),
	(11929, 2, 'poll', 'delete', 'admin'),
	(11928, 2, 'poll', 'add', 'admin'),
	(11927, 2, 'poll', 'edit', 'admin'),
	(11926, 2, 'poll', 'view', 'admin'),
	(11925, 2, 'lang', 'delete', 'admin'),
	(11924, 2, 'lang', 'add', 'admin'),
	(11923, 2, 'lang', 'edit', 'admin'),
	(11922, 2, 'lang', 'view', 'admin'),
	(11921, 2, 'quiz_categories', 'delete', 'admin'),
	(11920, 2, 'quiz_categories', 'add', 'admin'),
	(11919, 2, 'quiz_categories', 'edit', 'admin'),
	(11918, 2, 'quiz_categories', 'view', 'admin'),
	(11917, 2, 'quiz', 'delete', 'admin'),
	(11916, 2, 'quiz', 'add', 'admin'),
	(11915, 2, 'quiz', 'edit', 'admin'),
	(11914, 2, 'quiz', 'view', 'admin'),
	(11913, 2, 'photos_categories', 'delete', 'admin'),
	(11912, 2, 'photos_categories', 'add', 'admin'),
	(11911, 2, 'photos_categories', 'edit', 'admin'),
	(11910, 2, 'photos_categories', 'view', 'admin'),
	(11909, 2, 'photos', 'config', 'admin'),
	(11908, 2, 'photos', 'delete', 'admin'),
	(11907, 2, 'photos', 'add', 'admin'),
	(11906, 2, 'photos', 'edit', 'admin'),
	(11905, 2, 'photos', 'view', 'admin'),
	(11904, 2, 'faq', 'delete', 'admin'),
	(11903, 2, 'faq', 'add', 'admin'),
	(11902, 2, 'faq', 'edit', 'admin'),
	(11901, 2, 'faq', 'view', 'admin'),
	(11900, 2, 'news', 'config', 'admin'),
	(11899, 2, 'news', 'delete', 'admin'),
	(11898, 2, 'news', 'add', 'admin'),
	(11897, 2, 'news', 'edit', 'admin'),
	(11896, 2, 'news', 'view', 'admin'),
	(11895, 2, 'articles_categories', 'delete', 'admin'),
	(11894, 2, 'articles_categories', 'add', 'admin'),
	(11893, 2, 'articles_categories', 'edit', 'admin'),
	(11892, 2, 'articles_categories', 'view', 'admin'),
	(11891, 2, 'articles', 'config', 'admin'),
	(11890, 2, 'articles', 'delete', 'admin'),
	(11889, 2, 'articles', 'add', 'admin'),
	(11888, 2, 'articles', 'edit', 'admin'),
	(11887, 2, 'articles', 'view', 'admin'),
	(11886, 2, 'links', 'delete', 'admin'),
	(11885, 2, 'links', 'add', 'admin'),
	(11884, 2, 'links', 'edit', 'admin'),
	(11883, 2, 'links', 'view', 'admin'),
	(11882, 2, 'companies', 'config', 'admin'),
	(11881, 2, 'companies', 'delete', 'admin'),
	(11880, 2, 'companies', 'add', 'admin'),
	(11879, 2, 'companies', 'edit', 'admin'),
	(11878, 2, 'companies', 'view', 'admin'),
	(11877, 2, 'categories', 'delete', 'admin'),
	(11876, 2, 'categories', 'add', 'admin'),
	(11875, 2, 'categories', 'edit', 'admin'),
	(11874, 2, 'categories', 'view', 'admin'),
	(11873, 2, 'pages', 'delete', 'admin'),
	(11872, 2, 'pages', 'add', 'admin'),
	(11871, 2, 'pages', 'edit', 'admin'),
	(11870, 2, 'pages', 'view', 'admin'),
	(11869, 2, 'auto_responders', 'edit', 'admin'),
	(11868, 2, 'auto_responders', 'view', 'admin'),
	(11867, 2, 'email_tpls', 'delete', 'admin'),
	(11866, 2, 'email_tpls', 'add', 'admin'),
	(11865, 2, 'email_tpls', 'edit', 'admin'),
	(11864, 2, 'email_tpls', 'view', 'admin'),
	(11863, 2, 'newsletters', 'send', 'admin'),
	(11862, 2, 'newsletters', 'config', 'admin'),
	(11861, 2, 'newsletters', 'delete', 'admin'),
	(11860, 2, 'discount_coupons', 'delete', 'admin'),
	(11859, 2, 'discount_coupons', 'add', 'admin'),
	(11858, 2, 'discount_coupons', 'edit', 'admin'),
	(11857, 2, 'discount_coupons', 'view', 'admin'),
	(11856, 2, 'discounts', 'delete', 'admin'),
	(11855, 2, 'discounts', 'add', 'admin'),
	(11854, 2, 'discounts', 'edit', 'admin'),
	(11853, 2, 'discounts', 'view', 'admin'),
	(11852, 2, 'currency', 'delete', 'admin'),
	(11851, 2, 'currency', 'add', 'admin'),
	(11850, 2, 'currency', 'edit', 'admin'),
	(11849, 2, 'currency', 'view', 'admin'),
	(11848, 2, 'orders', 'delete', 'admin'),
	(11847, 2, 'orders', 'edit', 'admin'),
	(11846, 2, 'orders', 'view', 'admin'),
	(11845, 2, 'products_attributes', 'delete', 'admin'),
	(11844, 2, 'products_attributes', 'add', 'admin'),
	(11843, 2, 'products_attributes', 'edit', 'admin'),
	(11842, 2, 'products_attributes', 'view', 'admin'),
	(11841, 2, 'products_manufacturers', 'delete', 'admin'),
	(11840, 2, 'products_manufacturers', 'add', 'admin'),
	(11839, 2, 'products_manufacturers', 'edit', 'admin'),
	(11838, 2, 'products_manufacturers', 'view', 'admin'),
	(11837, 2, 'products_categories', 'delete', 'admin'),
	(11836, 2, 'products_categories', 'add', 'admin'),
	(11835, 2, 'products_categories', 'edit', 'admin'),
	(11834, 2, 'products_categories', 'view', 'admin'),
	(11833, 2, 'products', 'config', 'admin'),
	(11832, 2, 'products', 'delete', 'admin'),
	(11830, 2, 'products', 'edit', 'admin'),
	(11831, 2, 'products', 'add', 'admin'),
	(11829, 2, 'products', 'view', 'admin'),
	(11828, 2, 'documents_categories', 'delete', 'admin'),
	(11827, 2, 'documents_categories', 'add', 'admin'),
	(11826, 2, 'documents_categories', 'edit', 'admin'),
	(11825, 2, 'documents_categories', 'view', 'admin'),
	(11824, 2, 'documents', 'delete', 'admin'),
	(11823, 2, 'documents', 'add', 'admin'),
	(11822, 2, 'documents', 'edit', 'admin'),
	(11821, 2, 'documents', 'view', 'admin'),
	(11820, 2, 'groups', 'delete', 'admin'),
	(11819, 2, 'groups', 'add', 'admin'),
	(11818, 2, 'groups', 'edit', 'admin'),
	(11817, 2, 'groups', 'view', 'admin'),
	(11816, 2, 'customers', 'delete', 'admin'),
	(11815, 2, 'customers', 'add', 'admin'),
	(11814, 2, 'customers', 'edit', 'admin'),
	(11813, 2, 'customers', 'view', 'admin'),
	(11812, 2, 'menu', 'delete', 'admin'),
	(11811, 2, 'menu', 'add', 'admin'),
	(11810, 2, 'menu', 'edit', 'admin'),
	(11809, 2, 'menu', 'view', 'admin'),
	(11808, 2, 'settings', 'edit', 'admin'),
	(11807, 2, 'comments', 'edit', 'front'),
	(11987, 2, 'books', 'view', 'admin'),
	(11988, 2, 'books', 'edit', 'admin'),
	(11989, 2, 'books', 'add', 'admin'),
	(11990, 2, 'books', 'delete', 'admin'),
	(11991, 2, 'agenda', 'view', 'admin'),
	(11992, 2, 'agenda', 'edit', 'admin'),
	(11993, 2, 'agenda', 'add', 'admin'),
	(11994, 2, 'agenda', 'delete', 'admin'),
	(11995, 2, 'tools', 'view', 'admin');
/*!40000 ALTER TABLE `groups_rights` ENABLE KEYS */;


-- Dumping structure for таблиця ci-0352.im
CREATE TABLE IF NOT EXISTS `im` (
  `id` int(11) unsigned NOT NULL AUTO_INCREMENT,
  `from_id` int(11) unsigned NOT NULL,
  `to_id` int(11) unsigned NOT NULL,
  `message` text NOT NULL,
  `read` tinyint(1) unsigned NOT NULL DEFAULT '0',
  `date` timestamp NOT NULL DEFAULT CURRENT_TIMESTAMP ON UPDATE CURRENT_TIMESTAMP,
  PRIMARY KEY (`id`),
  KEY `from_id` (`from_id`,`to_id`,`read`)
) ENGINE=MyISAM AUTO_INCREMENT=111 DEFAULT CHARSET=utf8;

-- Dumping data for table ci-0352.im: 5 rows
/*!40000 ALTER TABLE `im` DISABLE KEYS */;
INSERT INTO `im` (`id`, `from_id`, `to_id`, `message`, `read`, `date`) VALUES
	(96, 21, 7, 'test', 1, '2011-08-12 21:56:19'),
	(97, 21, 7, 'test message', 1, '2011-08-12 21:56:19'),
	(98, 21, 7, 'svfgbghb', 1, '2011-08-12 21:56:19'),
	(99, 7, 21, 'testdf t gttbt', 1, '2011-08-12 21:56:33'),
	(110, 21, 7, 'dfvrfgv rtrgtr', 0, '2011-09-07 22:17:03');
/*!40000 ALTER TABLE `im` ENABLE KEYS */;


-- Dumping structure for таблиця ci-0352.instructors
CREATE TABLE IF NOT EXISTS `instructors` (
  `data_key` char(16) NOT NULL,
  `customer_id` int(11) unsigned NOT NULL DEFAULT '0',
  `pub_date` timestamp NOT NULL DEFAULT CURRENT_TIMESTAMP,
  `photo1` varchar(40) NOT NULL,
  `youtube_video1` varchar(255) NOT NULL,
  `instructor_on` varchar(50) NOT NULL,
  `experience_skiing` tinyint(2) unsigned NOT NULL,
  `experience_instructor` tinyint(2) unsigned NOT NULL,
  `experience_bukovel` tinyint(2) unsigned NOT NULL,
  `titles_and_certificates` text NOT NULL,
  `specialization` varchar(255) NOT NULL,
  `teaching_skiing` varchar(50) NOT NULL,
  `fluency_in_languages` varchar(50) NOT NULL,
  `additional_info` text NOT NULL,
  PRIMARY KEY (`data_key`),
  KEY `customer_id` (`customer_id`),
  KEY `pub_date` (`pub_date`)
) ENGINE=MyISAM DEFAULT CHARSET=utf8;

-- Dumping data for table ci-0352.instructors: 2 rows
/*!40000 ALTER TABLE `instructors` DISABLE KEYS */;
INSERT INTO `instructors` (`data_key`, `customer_id`, `pub_date`, `photo1`, `youtube_video1`, `instructor_on`, `experience_skiing`, `experience_instructor`, `experience_bukovel`, `titles_and_certificates`, `specialization`, `teaching_skiing`, `fluency_in_languages`, `additional_info`) VALUES
	('A1AA6AD4C7CB739B', 7, '2012-08-01 12:37:37', 'd7a04e8131bb60675f6ac836ed3df171.jpg', '', 'a_127|a_128', 7, 5, 4, 'testing\r\n', 'test', 'a_145|a_146|a_150', 'a_139|a_140|a_141', ''),
	('136E2E666F61704C', 21, '2012-08-03 16:18:37', '5baeda6956b5003a411426413bb08761.jpg', '', 'a_128', 5, 3, 2, 'testing\r\n', '', 'a_150|a_151', 'a_140|a_141', '');
/*!40000 ALTER TABLE `instructors` ENABLE KEYS */;


-- Dumping structure for таблиця ci-0352.jobs
CREATE TABLE IF NOT EXISTS `jobs` (
  `id` int(11) NOT NULL AUTO_INCREMENT,
  `type` enum('vacancy','resume') NOT NULL,
  `title` varchar(255) NOT NULL,
  `text` text NOT NULL,
  `position` varchar(150) NOT NULL DEFAULT '',
  `experience` tinyint(2) NOT NULL DEFAULT '0',
  `salary` int(6) NOT NULL DEFAULT '0',
  `image` varchar(50) NOT NULL DEFAULT '0',
  `period` int(3) NOT NULL,
  `pub_date` datetime NOT NULL,
  `customer_id` int(11) NOT NULL,
  `views` tinyint(5) unsigned NOT NULL DEFAULT '0',
  PRIMARY KEY (`id`),
  KEY `type` (`type`)
) ENGINE=MyISAM AUTO_INCREMENT=7 DEFAULT CHARSET=utf8;

-- Dumping data for table ci-0352.jobs: 0 rows
/*!40000 ALTER TABLE `jobs` DISABLE KEYS */;
/*!40000 ALTER TABLE `jobs` ENABLE KEYS */;


-- Dumping structure for таблиця ci-0352.lang
CREATE TABLE IF NOT EXISTS `lang` (
  `id` int(11) unsigned NOT NULL AUTO_INCREMENT,
  `sections` char(255) NOT NULL DEFAULT 'label',
  `code` char(255) NOT NULL,
  `EN` text NOT NULL,
  `UA` text NOT NULL,
  `RU` text NOT NULL,
  `NL` text NOT NULL,
  `PL` text NOT NULL,
  PRIMARY KEY (`id`),
  UNIQUE KEY `code` (`code`)
) ENGINE=MyISAM AUTO_INCREMENT=593 DEFAULT CHARSET=utf8;

-- Dumping data for table ci-0352.lang: 542 rows
/*!40000 ALTER TABLE `lang` DISABLE KEYS */;
INSERT INTO `lang` (`id`, `sections`, `code`, `EN`, `UA`, `RU`, `NL`, `PL`) VALUES
	(1, '|label|', 'your_name', 'Your name', 'Ваше ім\'я', 'Ваше имя', 'Uw naam', 'Imię i nazwisko'),
	(2, '|label|', 'your_email', 'Your E-Mail', 'Ваш E-mail', 'Ваш E-Mail', 'Uw e-mail', 'Wiadomości E-Mail'),
	(3, '|label|', 'friend_email', 'Friend\'s E-Mail', 'E-Mail друга', 'E-Mail друга', 'Vriend\'s E-Mail', 'E-Mail znajomego'),
	(4, '|label|', 'message', 'Message', 'Повідомлення', 'Сообщение', 'Bericht', 'Komunikat'),
	(5, '|label|', 'captcha', 'Verification code', 'Код верифікації', 'Проверочный код', 'Verificatiecode', 'Kod weryfikacji'),
	(6, '|label|', 'title', 'Title', 'Заголовок', 'Название', 'Titel', 'Tytuł'),
	(7, '|label|', 'poster_text', 'Content', 'Текст оголошення', 'Содержание', 'Inhoud', 'Zawartość'),
	(8, '|label|', 'valid_period', 'Valid Period', 'Дійсне протягом', 'Срок действия', 'Geldige Periode', 'Prawidłowego okresu'),
	(9, '|label|', 'job_position', 'Appointment', 'Посада', 'Должность', 'Afspraak', 'Mianowanie'),
	(10, '|label|', 'job_experience', 'Experience', 'Досвід', 'Опыт', 'Ervaring', 'Doświadczenie'),
	(11, '|label|', 'salary', 'Salary', 'Зарплата', 'Зарплата', 'Salaris', 'Wynagrodzenia'),
	(12, '|label|', 'name', 'Name', 'Ім\'я', 'Имя', 'Naam', 'Nazwa'),
	(13, '|label|', 'email', 'E-Mail', 'E-Mail', 'E-Mail', 'E-Mail', 'E-Mail'),
	(14, '|label|', 'password', 'Password', 'Пароль', 'Пароль', 'Wachtwoord', 'Hasło'),
	(15, '|label|', 'repassword', 'Re-Password', 'Повторити пароль', 'Повторить пароль', 'Wachtwoord opnieuw', 'Re hasło'),
	(16, '|label|', 'phone', 'Phone', 'Телефон', 'Телефон', 'Telefoon', 'Telefon'),
	(17, '|label|', 'phone2', 'Phone (Additional)', 'Телефон (додатково)', 'Телефон (Дополнительный)', 'Telefoon (Aanvullende)', 'Telefon (dodatkowe)'),
	(18, '|label|', 'website', 'Website', 'Веб-сайт', 'Веб-сайт', 'Website', 'Witryny sieci Web'),
	(19, '|label|', 'reg_date', 'Date of registration', 'Дата реєстрації', 'Дата регистрации', 'Datum van de registratie', 'Data rejestracji'),
	(20, '|label|', 'company_name', 'Company Name', 'Назва підприємства', 'Название компании', 'Bedrijfsnaam', 'Nazwa firmy'),
	(21, '|label|', 'fax', 'Fax', 'Факс', 'Факс', 'Fax', 'Faks'),
	(22, '|label|', 'city', 'City', 'Місто', 'Город', 'City', 'City'),
	(23, '|label|', 'city_region', 'Region of city', 'мкр-н', 'Регион города', 'Regio van de stad', 'Region miasta'),
	(24, '|label|', 'address', 'Address', 'Адреса', 'Адрес', 'Adres', 'Adres'),
	(25, '|label|', 'company_work_time', 'Work Time', 'Робочий час', 'Рабочее время', 'Werktijd', 'Czas pracy'),
	(26, '|label|', 'short_description', 'Short Description', 'Короткий опис', 'Краткое описание', 'Korte beschrijving', 'Krótki opis'),
	(27, '|label|', 'company_services', 'Services', 'Перелік товарів / послуг', 'Услуги', 'Services', 'Usługi'),
	(28, '|label|', 'detailed_description', 'Detailed Description', 'Розширений опис', 'Подробное описание', 'Gedetailleerde beschrijving', 'Szczegółowy opis'),
	(29, '|label|', 'added_date', 'Added', 'Дата додання', 'Добавленный', 'Toegevoegd op', 'Dodaje'),
	(30, '|label|', 'subject', 'Subject', 'Тема', 'Тема', 'Onderwerp', 'Temat'),
	(31, '|label|', 'category', 'Category', 'Категорія', 'Категория', 'Categorie', 'Kategoria'),
	(32, '|label|', 'parent_id', 'Parent ID', 'Parent ID', 'Parent ID', 'Parent ID', 'Parent ID'),
	(33, '|label|', 'sort', 'Sort', 'Sort', 'Sort', 'Sorteren', 'Sortowanie'),
	(34, '|label|', 'thing_name', 'Name', 'Назва', 'Название', 'Naam', 'Nazwa'),
	(35, '|label|', 'question', 'Question', 'Запитання', 'Вопрос', 'Vraag', 'Pytanie'),
	(36, '|label|', 'answer', 'Answer', 'Відповідь', 'Ответ', 'Antwoord', 'Odpowiedź'),
	(37, '|label|', 'link', 'Link', 'Лінк', 'Ссылка', 'Link', 'Łącze'),
	(38, '|label|', 'description', 'Description', 'Опис', 'Описание', 'Beschrijving', 'Opis'),
	(39, '|label|', 'username', 'Username', 'Логін', 'Логин', 'Gebruikersnaam', 'Nazwa_użytkownika'),
	(40, '|label|', 'menu', 'Menu', 'Меню', 'Меню', 'Menu', 'Menu'),
	(41, '|label|', 'text', 'Text', 'Текст', 'Текст', 'Tekst', 'Tekst'),
	(42, '|label|', 'date', 'Date', 'Дата', 'Дата', 'Datum', 'Data'),
	(43, '|label|', 'send_from', 'Send From', 'Надіслани від', 'Отправить от', 'Verzenden uit', 'Wyślij Z'),
	(44, '|label|', 'send_to', 'Send To', 'Надіслати до', 'Отправить кому', 'Verzenden naar', 'Wyślij do'),
	(45, '|label|', 'page_slug', 'Slug', 'Slug', 'Slug', 'Slug', 'Slug'),
	(46, '|label|', 'meta_keywords', 'Meta Keywords', 'Ключові слова (Meta)', 'Ключевие слова (Meta)', 'Meta Keywords', 'Meta słowa kluczowe'),
	(47, '|label|', 'meta_description', 'Meta Description', 'Опис (Meta)', 'Описание (Meta)', 'Meta Description', 'Metaopis'),
	(48, '|label|', 'page', 'Page', 'Сторінка', 'Страница', 'Pagina', 'Strona'),
	(49, '|label|', 'page_content', 'Page Content', 'Вміст сторінки', 'Содержимое страницы', 'Pagina-inhoud', 'Zawartość strony'),
	(50, '|label|', 'site_title', 'Site Title', 'Назва сайту', 'Название сайта', 'Site Title', 'Tytuł witryny'),
	(51, '|label|', 'site_email', 'Site E-Mail', 'E-Mail сайту', 'E-Mail сайта', 'Site E-Mail', 'Witryny E-Mail'),
	(65, '|quiz|', 'quiz', 'Quiz', 'Тест', 'Тест', 'Quiz', 'Quizu'),
	(63, '|quiz|admin|', 'quiz_list', 'Quiz List', 'Список тестів', 'Список тестов', 'Quiz Lijst', 'Lista quizu'),
	(64, '|quiz|front|', 'my_quiz_results', 'My Quiz Results', 'Мої результати тестування', 'Мои результаты тестов', 'My Quiz resultaten', 'Moje wyników quizu'),
	(66, '|quiz|', 'quiz_result', 'Quiz Result', 'Результат тесту', 'Результат теста', 'Quiz Resultaat', 'Wynik quizu'),
	(67, '|label|quiz|', 'correct', 'Correct', 'Правильний', 'Правильное', 'Correct', 'Poprawianie'),
	(68, '|label|quiz|', 'active', 'Active', 'Активний', 'Активный', 'Actief', 'Aktywne'),
	(69, '|quiz|', 'questions_count', 'Questions Count', 'Кількість питань', 'Количество вопросов', 'Vragen Count', 'Liczba pytań'),
	(70, '|quiz|', 'correct_answered_count', 'Correct answered count', 'Кількість правильних відповідей', 'Количество правильных ответов', 'De juiste antwoorden tellen', 'Poprawna liczba odpowiedzi'),
	(71, '|quiz|', 'add_question', 'Add Question', 'Додати питання', 'Добавить вопрос', 'Vraag toevoegen', 'Dodać pytanie'),
	(72, '|quiz|', 'edit_question', 'Edit Question', 'Змінити Питання', 'Изменить Вопрос', 'Vraag bewerken', 'Edytuj pytanie'),
	(73, '|quiz|poll|', 'answers_list', 'Answers List', 'Список Відповідей', 'Список Ответов', 'Antwoorden Lijst', 'Lista odpowiedzi'),
	(74, '|admin|', 'add_answer', 'Add Answer', 'Додати відповідь', 'Добавить Ответ', 'Voeg Antwoord', 'Dodać odpowiedzi'),
	(75, '|admin|', 'edit_answer', 'Edit Answer', 'Змінити відповідь', 'Редактировать Ответ', 'Bewerken Antwoord', 'Edytowanie odpowiedzi'),
	(76, '|label|quiz|', 'add', 'Add', 'Додати', 'Добавить', 'Toevoegen', 'Dodaj'),
	(77, '|label|quiz|', 'edit', 'Edit', 'Змінити', 'Редактировать', 'Bewerken', 'Edycja'),
	(78, '|quiz|', 'questions_list', 'Questions List', 'Список Питань', 'Список Вопросов ', 'Vragen Lijst', 'Lista pytań'),
	(79, '|label|', 'delete_selected', 'Delete selected', 'Видалити відмічені', 'Удалить выбранные', 'Verwijder geselecteerde', 'Usuń zaznaczone'),
	(80, '|label|', 'delete', 'Delete', 'Видалити', 'Удалить', 'Verwijderen', 'Usuń'),
	(81, '|label|', 'delete_image', 'Delete Image', 'Видалити Зображення', 'Удалить изображение', 'Afbeelding verwijderen', 'Usuń obraz'),
	(82, '|label|', 'save', 'Save', 'Зберегти', 'Сохранить', 'Besparen', 'Zapisz'),
	(83, '|label|', 'submit', 'Submit', 'Надіслати', 'Отправить', 'Voorleggen', 'Prześlij'),
	(84, '|label|', 'show_list', 'Show List', 'Показати Список', 'Показать список', 'Weergeven Lijst', 'Pokaż listę'),
	(85, '|label|', 'section', 'Section', 'Розділ', 'Раздел', 'Sectie', 'Sekcja'),
	(86, '|label|', 'are_you_sure', 'Are you sure?', 'Ви впевнені?', 'Вы уверены?', 'Weet je het zeker?', 'Czy na pewno?'),
	(87, '|label|', 'code', 'Code', 'Код', 'Код', 'Code', 'Kod'),
	(88, '|label|', 'english', 'English', 'Англійська', 'Английский', 'Engels', 'Angielski'),
	(89, '|label|', 'ukrainian', 'Ukrainian', 'Українська', 'Украинский', 'Oekraïens', 'Ukraiński'),
	(90, '|label|', 'logout', 'Logout', 'Вийти', 'Выйти', 'Afmelden', 'Logout'),
	(91, '|admin|', 'settings', 'Settings', 'Установки', 'Установки', 'Instellingen', 'Ustawienia'),
	(92, '|admin|', 'mass_mail', 'Mass Mail', 'Розсилка', 'Рассылка', 'Mass Mail', 'Korespondencja seryjna'),
	(93, '|admin|', 'auto_responders', 'Auto Responders', 'Автовідповідачі', 'Автоответчики', 'Autoresponders', 'Autoodpowiedzi'),
	(94, '|admin|', 'pages', 'Pages', 'Сторінки', 'Страницы', 'Pagina\'s', 'Strony'),
	(95, '|admin|front|', 'categories', 'Categories', 'Категорії', 'Категории', 'Categorieën', 'Kategorie'),
	(96, '|admin|front|', 'companies', 'Companies', 'Компанії', 'Компании', 'Bedrijven', 'Przedsiębiorstwa'),
	(97, '|admin|', 'administrators', 'Administrators', 'Адміністратори', 'Администраторы', 'Beheerders', 'Administratorzy'),
	(98, '|admin|', 'customers', 'Customers', 'Клієнти', 'Клиенты', 'Klanten', 'Klienci'),
	(99, '|admin|', 'links', 'Links', 'Посилання', 'Ссылки', 'Links', 'Łącza'),
	(100, '|admin|front|', 'news', 'News', 'Новини', 'Новости', 'Nieuws', 'Aktualności'),
	(101, '|admin|', 'faq', 'F.A.Q.', 'F.A.Q.', 'F.A.Q.', 'F.A.Q.', 'F.A.Q.'),
	(102, '|admin|', 'logged_as', 'Logged as', 'Ввійшов як', 'Вошел как', 'Ingelogd als', 'Zalogowany jako'),
	(103, '|admin|', 'vars_for_templates', 'Vars for templates', 'Змінні для шаблонів', 'Переменные для шаблонов', 'Vars voor sjablonen', 'Vars szablonów'),
	(104, '|label|', 'required_fields', 'required fields', 'поля обрв\'язкові для заповнення', 'поля обязатьльные для заполнения', 'verplichte velden', 'pola wymagane'),
	(105, '|admin|', 'general_settings', 'General Settings', 'Загальні установки', 'Общие параметры', 'Algemene instellingen', 'Ustawienia ogólne'),
	(106, '|admin|', 'menu_settings', 'Menu Settings', 'Настройки Меню', 'Настройки Меню', 'Menu-instellingen', 'Ustawienia menu'),
	(107, '|admin|', 'meta_data', 'Meta Data', 'Мета дані', 'Цель данные', 'Metagegevens', 'Dane meta'),
	(108, '|admin|', 'left_menu', 'Left Menu', 'Ліве меню', 'Левое меню', 'Linker Menu', 'Lewe Menu'),
	(109, '|admin|', 'bottom_menu', 'Bottom Menu', 'Нижнє меню', 'Нижнее меню', 'Bottom Menu', 'U dołu Menu'),
	(111, '|admin|', 'save_sorting', 'Save sorting', 'Зберегти сортування', 'Сохранить сортировку', 'Op te slaan sorteren', 'Zapisz, sortowanie'),
	(112, '|admin|', 'queue', 'Queue', 'Черга', 'Очередь', 'Rij', 'Kolejka'),
	(113, '|admin|', 'templates', 'Templates', 'Шаблони', 'Шаблоны', 'Sjablonen', 'Szablony'),
	(114, '|admin|', 'add_template', 'Add Template', 'Додати шаблон', 'Добавить шаблон', 'Add Template', 'Dodawanie szablonu'),
	(115, '|admin|', 'subscribers', 'Subscribers', 'Підписчики', 'Подписчики', 'Abonnees', 'Abonentów'),
	(117, '|admin|', 'email_template', 'Email Template', 'E-Mail Шаблон', 'E-Mail Шаблон', 'E-mail sjabloon', 'Szablon wiadomości email'),
	(118, '|label|', 'load', 'Load', 'Завантажити', 'Скачать', 'Belasting', 'Obciążenia'),
	(119, '|admin|', 'template', 'Template', 'Шаблон', 'Шаблон', 'Sjabloon', 'Szablon'),
	(120, '|admin|', 'choose_template', 'Choose template', 'Виберіть шаблон', 'Выберите шаблон', 'Kies een template', 'Wybierz szablon'),
	(121, '|label|', 'customer', 'Customer', 'Клієнт', 'Клиент', 'Klant', 'Klient'),
	(122, '|label|', 'other', 'Other', 'Інші', 'Другие', 'Andere', 'Inne'),
	(123, '|label|', 'users', 'Users', 'Користувачі', 'Пользователи', 'Gebruikers', 'Użytkownicy'),
	(124, '|label|', 'user', 'User', 'Користувач', 'Пользователь', 'Gebruiker', 'Użytkownik'),
	(125, '|label|', 'site_url', 'Site URL', 'URL сайту', 'URL сайта', 'URL van de site', 'Adres URL witryny'),
	(126, '|label|', 'unsubscribe', 'Unsubscribe', 'Відмовитися від підписки', 'Отказаться от подписки', 'Uitschrijven', 'Anuluj subskrypcję'),
	(127, '|admin|', 'download_list_in_csv_format', 'Download list in CSV format', 'Скачати список в CSV форматі', 'Скачать список в CSV формате', 'Download lijst in CSV-formaat', 'Pobrać listę w formacie CSV'),
	(128, '|label|', 'search', 'Search', 'Пошук', 'Поиск', 'Zoeken', 'Wyszukiwanie'),
	(129, '|label|', 'reset', 'Reset', 'Очистити', 'Очистить', 'Reset', 'Resetowanie'),
	(130, '|label|', 'search_by', 'Search by', 'Пошук по', 'Поиск по', 'Zoek op', 'Szukaj według'),
	(132, '|admin|', 'add_page', 'Add Page', 'Додати сторінку', 'Добавить страницу', 'Pagina toevoegen', 'Dodaj stronę'),
	(133, '|admin|', 'edit_page', 'Edit Page', 'Редагувати сторінку', 'Редактировать страницу', 'Pagina bewerken', 'Edytowanie strony'),
	(134, '|admin|', 'content_page_short', 'Content', 'Проста', 'Простая', 'Inhoud', 'Zawartość'),
	(135, '|admin|', 'companies_list', 'Companies List', 'Список підприємств', 'Список предприятий', 'Bedrijven Lijst', 'Wykaz przedsiębiorstw'),
	(136, '|admin|', 'add_company', 'Add Company', 'Додати підприємство', 'Добавить предприятие', 'Voeg Company', 'Dodać firmy'),
	(137, '|admin|', 'edit_company', 'Edit Company', 'Редагувати підприємство', 'Редактировать предприятие', 'Edit Company', 'Edycja firmy'),
	(138, '|label|', 'change', 'Change', 'Змінити', 'Изменить', 'Veranderen', 'Zmiany'),
	(139, '|label|', 'image', 'Image', 'Зображення', 'Изображение', 'Image', 'Obraz'),
	(140, '|label|', 'file_in_jpg_or_png_format', 'file of JPG or PNG type', 'файл в форматі JPG,PNG', 'файл в формате JPG, PNG', 'bestand van JPG of PNG het type', 'plik typu JPG lub PNG'),
	(141, '|label|', 'filesize_2mb_max', 'filesize 2MB max', 'розмір максимум 2MB', 'размер максимум 2MB', 'bestandsgrootte 2 MB max', 'FileSize 2 MB maks'),
	(142, '|label|', 'choose', 'Choose', 'Вибрати', 'Выбрать', 'Kiezen', 'Wybierz'),
	(143, '|admin|', 'sign_in_admin_panel', 'Sign in Admin Panel', 'Вхід в адмін-панель', 'Вход в админ-панель', 'Meld je aan Admin Panel', 'Zaloguj się Panel administratora'),
	(144, '|users|', 'used_to_enter_the_account', 'Used to enter the account', 'Використовується для входу в аккаунт', 'Используется для входа в аккаунт', 'Wordt gebruikt om de account in te voeren', 'Służy do wprowadzania konta'),
	(145, '|admin|', 'edit_template', 'Edit Template', 'Змінити шаблон', 'Изменить шаблон', 'Sjabloon bewerken', 'Edytuj szablon'),
	(146, '|label|', 'list', 'List', 'Список', 'Список', 'Lijst', 'Lista'),
	(147, '|newsletters|', 'newsletters_in_queue', 'Newsletters in queue', 'Розсилку поставлено в чергу', 'Рассылку поставлено в очередь', 'Nieuwsbrieven in de wachtrij', 'Biuletyny w kolejce'),
	(148, '|quiz|', 'edit_quiz_info', 'Edit Quiz Info', 'Редагувати Інформацію про тест', 'Изменить Информацию о тесте', 'Bewerk Quiz Info', 'Edytuj informacje quizu'),
	(149, '|front|', 'home_page', 'Home', 'Головна', 'Главная', 'Naar huis', 'Strona główna'),
	(150, '|front|', 'my_account', 'My Account', 'Мої дані', 'Мои данные', 'Mijn account', 'Moje konto'),
	(151, '|front|', 'edit_my_info', 'Edit information', 'Змінити інформацію', 'Изменить информацию', 'Informatie bewerken', 'Edytowanie informacji'),
	(152, '|admin|', 'add_language_code', 'Add language code', 'Додати код мови', 'Добавить код языка', 'Voeg taalcode', 'Dodaj kod języka'),
	(153, '|job|', 'job', 'Job', 'Робота', 'Работа', 'Job', 'Zadanie'),
	(154, '|job|', 'search_job', 'Search job', 'Пошук роботи', 'Поиск работы', 'Zoeken functie', 'Zadanie wyszukiwania'),
	(155, '|front|', 'vacancies', 'Vacancies', 'Вакансії', 'Вакансии', 'Vacatures', 'Wakaty'),
	(156, '|front|', 'add_vacancy', 'Add vacancy', 'Додати вакансію', 'Добавить вакансию', 'Toe te voegen vacature', 'Dodać wakat'),
	(157, '|front|', 'edit_vacancy', 'Edit vacancy', 'Змінити вакансію', 'Изменить вакансию', 'Edit vacature', 'Edytuj wakat'),
	(158, '|front|', 'my_vacancies', 'My vacancies', 'Мої вакансії', 'Мои вакансии', 'Mijn vacatures', 'Moje miejsca'),
	(159, '|front|', 'posters', 'Posters', 'Оголошення', 'Объявления', 'Posters', 'Plakaty'),
	(160, '|front|', 'add_poster', 'Add Poster', 'Додати оголошення', 'Добавить объявление', 'Voeg Poster', 'Dodać plakatu'),
	(161, '|front|', 'edit_poster', 'Edit Poster', 'Змінити оголошення', 'Изменить объявление', 'Edit Poster', 'Edytuj plakatu'),
	(162, '|front|', 'my_posters', 'My posters', 'Мої оголошення', 'Мои  Объявление', 'Mijn posters', 'Moje plakaty'),
	(163, '|front|', 'search_posters', 'Search Posters', 'Пошук Оголошень', 'Поиск Объявлений', 'Zoek Posters', 'Plakaty wyszukiwania'),
	(164, '|front|', 'change_search_criterias', 'Change search criterias', 'Змінити критерії пошуку', 'Изменить критерии поиска', 'Verandering zoekcriteria', 'Zmiana wyszukiwania subjektywny'),
	(165, '|front|', 'views_count', 'Views count', 'Кількість переглядів', 'Количество просмотров', 'Bekeken tellen', 'Hrabia opinie'),
	(166, '|front|', 'products_and_services', 'Products and Services', 'Перелік товарів / послуг', 'Перечень товаров / услуг', 'Producten en Diensten', 'Produkty i usługi'),
	(167, '|front|', 'your_message_sent', 'Your message sent', 'Ваше повідомлення було надіслано', 'Ваше сообщение передано', 'Uw bericht is verzonden', 'Wiadomości wysłane'),
	(168, '|users|', 'password_sent_on_your_email', 'Your password was sent by E-mail you provided at registration.', 'Ваш пароль був посланий на E-mail який ви вказали при реєстрації.', 'Пароль был послан на E-mail который вы указали при регистрации.', 'Uw wachtwoord is verzonden per e-mail die u hebt opgegeven bij de inschrijving.', 'Hasło został wysłany pocztą E-mail dostarczone podczas rejestracji.'),
	(169, '|front|', 'subscribe', 'Subscribe', 'Підписатись на розсилку', 'Подписаться на рассылку', 'Abonneren', 'Subskrybuj'),
	(170, '|front|', 'register', 'Register', 'Реєстрація', 'Регистрация', 'Registreren', 'Rejestr'),
	(171, '|front|', 'register1', 'Register', 'Зареєструватись', 'Регистрация', 'Registreren', 'Rejestr'),
	(172, '|front|', 'login', 'Login', 'Увійти', 'Войти', 'Login', 'Zaloguj się'),
	(173, '|front|', 'forgot_password', 'Forgot password?', 'Забули пароль?', 'Забыли пароль?', 'Wachtwoord vergeten?', 'Nie pamiętasz hasła?'),
	(174, '|subscribe|', 'your_email_address_removed_from_mailing_list', 'Your E-Mail address removed from mailing list', 'Ваш E-Mail адрес видалено із списку розсилки', 'Ваш E-Mail удален из списка рассылки', 'Uw e-mailadres verwijderd uit mailinglijst', 'Twój adres E-Mail usunięte z listy mailingowej'),
	(175, '|subscribe|', 'your_email_address_added_in_mailing_list', 'Your E-Mail address added in mailing list', 'Ваш E-Mail адрес додано', 'Ваш E-Mail адрес добавлен в список рассылки', 'Uw e-mailadres toegevoegd aan mailinglijst', 'Twój adres E-Mail w li╢cie dodaje'),
	(176, '|front|', 'advertise', 'Advertise', 'Реклама', 'Реклама', 'Adverteren', 'Anonsowanie'),
	(177, '|front|', 'newsletters', 'Newsletters', 'Розсилка', 'Рассылка', 'Nieuwsbrieven', 'Biuletyny'),
	(178, '|label|', 'example', 'Example', 'Наприклад', 'Пример', 'Voorbeeld', 'Przykład'),
	(179, '|label|', 'choose_category', 'Choose category', 'Виберіть категорію', 'Выберите категорию', 'Kies een categorie', 'Wybierz kategorię'),
	(185, '|label|', 'sort_direction', 'Sort direction', 'Напрям сортування', 'Направление сортировки', 'Sorteerrichting', 'Kierunek sortowania'),
	(184, '|label|', 'sort_by', 'Sort by', 'Сортувати за', 'Сортировать по', 'Sorteren op', 'Sortuj według'),
	(180, '|front|', 'max_255_chars', 'max 255 chars', 'максимум 255 символів', 'максимум 255 знаков', 'max 255 tekens', 'maksymalnie 255 znaków'),
	(181, '|label|', 'month', 'Month', 'Місяць', 'Месяц', 'Maand', 'Miesiąc'),
	(182, '|label|', 'months', 'Months', 'Місяці', 'Месяца', 'Maanden', 'Miesięcy'),
	(183, '|label|', 'months1', 'Months', 'Місяців', 'Месяцев', 'Maanden', 'Miesięcy'),
	(186, '|label|', 'publish_date', 'Publish Date', 'Дата публікації', 'Дата публикации', 'Publicatiedatum', 'Datą publikacji'),
	(187, '|label|', 'ascending', 'Ascending', 'Зростанням', 'Восходящий', 'Oplopend', 'Rosnąco'),
	(188, '|label|', 'descending', 'Descending', 'Спаданням', 'Нисходящий', 'Aflopend', 'Malejąco'),
	(189, '|label|', 'data_updated', 'Data updated', 'Дані оновлено', 'Данные обновлены', 'Gegevens geactualiseerd', 'Dane zaktualizowane'),
	(190, '|job|', 'job_title', 'Job Title', 'Посада', 'Профессия', 'Functie', 'Stanowisko'),
	(191, '|job|', 'experience', 'Experience', 'Досвід', 'Опыт', 'Ervaring', 'Doświadczenie'),
	(192, '|job|', 'salary1', 'Salary', 'Зарплата', 'Зарплата', 'Salaris', 'Wynagrodzenia'),
	(193, '|label|', 'wrong_character', 'Wrong character', 'Невірний символ', 'Неправильний знак', 'Verkeerd teken', 'Nieprawidłowy znak'),
	(194, '|label|', 'loading', 'Loading', 'Завантаження', 'Погрузка', 'Het laden', 'Ładowanie'),
	(195, '|front|', 'contact_information', 'Contact Information', 'Контактна інформація', 'Контактная информация', 'Contact Informatie', 'Informacje o kontakcie'),
	(196, '|front|', 'uah', 'UAH', 'грн.', 'грн.', 'UAH', 'UAH'),
	(197, '|front|', 'statistic', 'Statistic', 'Статистика', 'Статистика', 'Statistisch', 'Statystyka'),
	(198, '|front|', 'city_letter', '', 'м.', 'г.', '', ''),
	(199, '|front|', 'region_letters', '', 'мкр-н', 'мкр-н', '', ''),
	(200, '|label|', 'email_available', 'E-Mail available', 'E-Mail доступний', 'E-Mail доступный', 'E-Mail beschikbaar', 'E-Mail dostępne'),
	(201, '|users|', 'authorization', 'Authorization', 'Авторизація', 'Авторизация', 'Autorisatie', 'Autoryzacja'),
	(202, '|label|', 'no_matter', 'No matter', 'Немає значення', 'Неважно', 'Het maakt niet uit', 'Nieważne'),
	(203, '|label|', 'year', 'Year', 'Рік', 'Год', 'Jaar', 'Rok'),
	(204, '|label|', 'years', 'Years', 'Роки', 'Лет', 'Jaar', 'Lata'),
	(205, '|label|', 'years1', 'Years', 'Років', 'Лет', 'Jaar', 'Lata'),
	(206, '|news|articles|', 'read_more', 'Read more', 'Читати докладніше', 'Подробнее', 'Lees meer', 'Dowiedz się więcej'),
	(207, '|tell_friend|', 'recommend_site', 'Recommend site', 'Рекомендую сайт', 'Рекомендовать сайт', 'Site aanbevelen', 'Poleć stronę'),
	(208, '|quiz|', 'progress', 'Progress', 'Прогрес', 'Прогресс', 'Vooruitgang', 'Postęp'),
	(209, '|quiz|', 'next', 'Next', 'Далі', 'Дальше', 'Volgende', 'Następny'),
	(210, '|quiz|', 'require_correct_answers', 'Require correct answers', 'Потрібно правильних відровідей', 'Нужно правильных ответов', 'Moeten de juiste antwoorden', 'Wymaga poprawnych odpowiedzi'),
	(211, '|label|', 'result', 'Result', 'Результат', 'Результат', 'Resultaat', 'Wynik'),
	(212, '|quiz|', 'quiz_successfully_finished', 'Quiz successfully finished', 'Тест успішно завершений', 'Тест успешно завершен', 'Quiz succesvol afgerond', 'Kwiz pomyślnie zakończone'),
	(213, '|quiz|', 'quiz_failed', 'Quiz failed', 'Тест не пройдено', 'Тест не пройден', 'Quiz is mislukt', 'Kwiz na temat nie powiodło się'),
	(214, '|quiz|', 'your_result', 'Your result', 'Ваш результат', 'Ваш результат', 'Uw resultaat', 'Twój wynik'),
	(215, '|front|', 'details', 'Details', 'Детальна інформація', 'Детали', 'Details', 'Szczegóły'),
	(216, '|quiz|', 'your_answer', 'Your Answer', 'Ваша відповідь', 'Ваш ответ', 'Uw antwoord', 'Odpowiedź'),
	(217, '|quiz|', 'correct_answer', 'Correct Answer', 'Правильна відповідь', 'Правильный ответ', 'Juiste antwoord', 'Prawidłowa odpowiedź'),
	(218, '|admin|', 'photos_list', 'Photos List', 'Список Фотографій', 'Список Фотографий', 'Foto\'s List', 'Fotografie Lista'),
	(219, '|admin|', 'add_photo', 'Add Photo', 'Додати фото', 'Добавить фото', 'Foto toevoegen', 'Dodawanie zdjęć'),
	(220, '|admin|', 'edit_photo', 'Edit Photo', 'Змінити фото', 'Изменить фото', 'Foto bewerken', 'Edycja zdjęć'),
	(221, '|admin|', 'delete_photo', 'Delete Photo', 'Видалити фотографію', 'Удалить фотографию', 'Foto verwijderen', 'Usuń zdjęcia'),
	(222, '|label|', 'photo_name', 'Photo name', 'Назва фото', 'Название фото', 'Foto naam', 'Nazwa fotografii'),
	(223, '|admin|', 'change_category', 'Change category', 'Змінити категорію', 'Изменить категорию', 'Verandering categorie', 'Zmiana kategorii'),
	(224, '|label|', 'file', 'File', 'Файл', 'Файл', 'Bestand', 'Plik'),
	(225, '|label|', 'photo', 'Photo', 'Фото', 'Фото', 'Foto', 'Zdjęcie'),
	(226, '|label|', 'upload', 'Upload', 'Завантажити', 'Загрузить', 'Uploaden', 'Przekaż'),
	(227, '|admin|', 'edit_tags', 'Edit tags', 'Змінити теги', 'Редактировать теги', 'Bewerk labels', 'Edycja znaczników'),
	(228, '|label|', 'tags', 'Tags', 'Теги', 'Теги', 'Tags', 'Znaczniki'),
	(229, '|admin|', 'lang_codes', 'Language codes', 'Коди мов', 'Коды языков', 'Taalcodes', 'Kody języków'),
	(230, '|label|', 'photo_categories', 'Photo Categories', 'Категорії фотографій', 'Категории фото', 'Foto Categorieën', 'Kategorie fotografii'),
	(231, '|label|', 'photos', 'Photos', 'Фотографії', 'Фото', 'Foto\'s', 'Fotografie'),
	(232, '|front|', 'tags_cloud', 'Tags Cloud', 'Хмара Тегів', 'Облако тегов', 'Tags Cloud', 'Chmura znaczników'),
	(233, '|label|', 'pagination_first', 'First', 'Першa', 'Первая', 'Eerste', 'Pierwszy'),
	(234, '|label|', 'pagination_last', 'Last', 'Остання', 'Последняя', 'Laatste', 'Ostatni'),
	(235, '|quiz|', 'not_finished', 'Not finished', 'Не закінчeний', 'Не закончен', 'Nog niet klaar', 'Niezakończone'),
	(236, '|quiz|', 'continue', 'Continue', 'Продовжити', 'Продолжать', 'Voortzetten', 'W dalszym ciągu'),
	(237, '|quiz|', 'added_questions', 'Added questions', 'Додано питаннь', 'Добавлено вопросов', 'Toegevoegd vragen', 'Pytania dodano'),
	(238, '|photos|', 'scroll_up', 'Scroll up', 'Прокрутити вниз', 'Прокрутка вверх', 'Scroll naar boven', 'Przewiń w górę'),
	(239, '|photos|', 'scroll_down', 'Scroll down', 'Прокрутити вверх', 'Прокрутите', 'Scroll naar beneden', 'Przewiń w dół'),
	(240, '|quiz|', 'quiz_rating', 'Rating', 'Рейтинг', 'Рейтинг', 'Waardering', 'Klasyfikacja'),
	(241, '|quiz|', 'time', 'Time', 'Час', 'Время', 'Tijd', 'Czas'),
	(242, '|quiz|', 'minutes', 'Minutes', 'Хвилин', 'Минут', 'Notulen', 'Minut'),
	(243, '|admin|', 'edit_poll_info', 'Edit poll info', 'Змінити інформацію про опитування ', 'Изменить информацию о опросе', 'Edit poll info', 'Edytuj informacje sondowania'),
	(244, '|poll|admin|', 'poll_list', 'Poll List', 'Список Опитуваннь', 'Список Опросов', 'Poll Lijst', 'Lista sondowania'),
	(245, '|label|', 'vote', 'Vote', 'Голосувати', 'Голосовать', 'Stemmen', 'Głosowania'),
	(246, '|label|', 'send_message', 'Send message', 'Надіслати повідомлення', 'Отправить сообщение', 'Verstuur bericht', 'Wyślij wiadomość'),
	(247, '|im|', 'instant_messenger', 'Instant Messenger', 'Instant Messenger', 'Instant Messenger', 'Instant Messenger', 'Komunikator'),
	(248, '|im|', 'show_history', 'Show history', 'Показати історію', 'Показать историю', 'Tonen de geschiedenis', 'Pokaż historię'),
	(249, '|im|', 'history', 'History', 'Історія', 'История', 'Geschiedenis', 'Historia'),
	(250, '|comments|', 'comment', 'Comment', 'Коментар', 'Комментарий', 'Commentaar', 'Komentarz'),
	(251, '|comments|', 'comment_added', 'Comment added', 'Коментар доданий', 'Комментарий добавлен', 'Reactie toegevoegd', 'Komentarz dodany'),
	(252, '|comments|admin|', 'comments', 'Comments', 'Коментарі', 'Комментарии', 'Reacties', 'Komentarze'),
	(253, '|comments|', 'no_comments', 'No comments', 'Немає коментарів', 'Комментариев нет', 'Geen reacties', 'Żadne uwagi'),
	(254, '|comments|', 'comment_is_awaiting_validation', 'Comment is awaiting validation.', 'Коментар очікує перевірки.', 'Комментарий ожидает проверки.', 'Opmerking is in afwachting van de validatie.', 'Komentarz oczekuje na zatwierdzenie.'),
	(255, '|comments|', 'comment_this', 'Comment', 'Коментувати', 'Комментировать', 'Commentaar', 'Komentarz'),
	(256, '|label|', 'url', 'URL', 'URL', 'URL', 'URL', 'URL'),
	(257, '|admin|', 'ip_address', 'IP Address', 'IP-адреса', 'IP-адрес', 'IP-adres', 'Adres IP'),
	(258, '|admin|orders|', 'approved', 'Approved', 'Затверджений', 'Утвержденный', 'Goedgekeurd', 'Zatwierdzone'),
	(259, '|admin|', 'view', 'View', 'Переглянути', 'Посмотреть', 'Zicht', 'Widok'),
	(266, '|admin|articles|front|', 'articles', 'Articles', 'Статті', 'Статьи', 'Artikelen', 'Artykuły'),
	(267, '|admin|articles|', 'article', 'Article', 'Стаття', 'Статья', 'Artikel', 'Artykuł'),
	(268, '|admin|articles|', 'source', 'Source', 'Джерело', 'Источник', 'Bron', 'Źródła'),
	(269, '|admin|articles|', 'author', 'Author', 'Автор', 'Автор', 'Auteur', 'Autor'),
	(270, '|comments|', 'leave_a_comment', 'Leave a comment', 'Написати коментар', 'Оставить комментарий', 'Plaats een reactie', 'Pozostaw komentarz'),
	(272, '|front|', 'archives', 'Archives', 'Архіви', 'Архив', 'Archief', 'Archiwa'),
	(274, '|label|', 'search_did_not_give_any_results', 'Search did not give any results', 'Пошук не дав ніяких результатів', 'Поиск не дал никаких результатов', 'Zoekopdracht heeft geeft geen resultaten', 'Wyszukiwanie nie przyniosły żadnych rezultatów'),
	(275, '|label|', 'articles_categories', 'Articles categories', 'Категорії статей', 'Категории статей', 'Artikelen categorieën', 'Kategorie artykułów'),
	(276, '|front|', 'you_already_rated_this', 'You already rated this', 'Ви вже оцінили це', 'Вы уже оценивали это', 'Je hebt al dit beoordeeld', 'Można już oceniły tę'),
	(277, '|label|', 'rating', 'Rating', 'Рейтинг', 'Рейтинг', 'Waardering', 'Klasyfikacja'),
	(279, '|label|', 'products', 'Products', 'Продукти', 'Продукты', 'Producten', 'Produkty'),
	(280, '|label|', 'price', 'Price', 'Ціна', 'Цена', 'Prijs', 'Cena'),
	(281, '|label|', 'quantity', 'Quantity', 'Кількість', 'Количество', 'Hoeveelheid', 'Ilość'),
	(282, '|label|', 'add_to_cart', 'Add to cart', 'Додати в кошик', 'Добавить в корзину', 'Voeg toe aan winkelwagen', 'Dodaj do koszyka'),
	(283, '|front|', 'shopping_cart', 'Shopping cart', 'Кошик', 'Корзина', 'Winkelwagen', 'Koszyk'),
	(284, '|label|', 'remove', 'Remove', 'Видалити', 'Удалить', 'Verwijderen', 'Usuń'),
	(285, '|cart|', 'items_in_cart', 'items in cart', 'товарів у кошику', 'товаров в корзине', 'artikelen in de winkelwagen', 'pozycje w koszyku'),
	(286, '|cart|', '1_item_in_cart', 'item in cart', 'товар у кошику', 'товар в корзине', 'item in winkelwagen', 'Pozycja w koszyku'),
	(287, '|cart|products|', 'total', 'Total', 'Всього', 'Всего', 'Totaal', 'Ogółem'),
	(288, '|label|', 'show', 'Show', 'Показати', 'Показать', 'Tonen', 'Pokaż'),
	(289, '|cart|', 'subtotal', 'Subtotal', 'Проміжний підсумок', 'Промежуточный итог', 'Subtotaal', 'Suma częściowa'),
	(290, '|cart|', 'update_cart', 'Update cart', 'Оновлення кошика', 'Обновление корзины', 'Update winkelkarretje', 'Aktualizuj koszyk'),
	(291, '|cart|', 'make_order', 'Make order', 'Зробити замовлення', 'Сделать заказ', 'Maak bestellen', 'Sprawdź kolejność'),
	(292, '|cart|', 'confirm_order', 'Confirm order', 'Підтвердити замовлення', 'Подтвердить заказ', 'Bevestig order', 'Potwierdzenie zamówienia'),
	(293, '|cart|', 'order_placed', 'Order placed', 'Замовлення оформлено', 'Заказ', 'Geplaatste bestelling', 'Aby umieścić'),
	(294, '|orders|', 'order', 'Order', 'Замовлення', 'Заказ', 'Bestellen', 'Kolejność'),
	(295, '|orders|admin|', 'orders', 'Orders', 'Замовлення', 'Заказы', 'Bestellingen', 'Zamówienia'),
	(296, '|orders|', 'status', 'Status', 'Статус', 'Статус', 'Staat', 'Stan'),
	(297, '|orders|', 'pending', 'Pending', 'В очікуванні', 'В ожидании', 'In afwachting van', 'Oczekujące'),
	(389, '|label|', 'pages_amount', 'Pages amount', 'Кількість сторінок', 'Количество страниц', 'Pagina\'s amount', 'Ilość stron'),
	(299, '|orders|', 'declined', 'Declined', 'Відхилений', 'Отклоненный', 'Afgewezen', 'Odrzucone'),
	(300, '|orders|', 'shipped', 'Shipped', 'Доставлений', 'Доставлен', 'Verzonden', 'Wysłane'),
	(302, '|admin|', 'poll_settings', 'Poll Settings', 'Настройки Опитування', 'Настройки Опросов', 'Poll-instellingen', 'Ustawienia sondowania'),
	(303, '|admin|', 'check_by_cookie', 'Check by cookie', 'Перевірка по cookie', 'Проверка по cookie', 'Controle door de cookie', 'Sprawdź w pliku cookie'),
	(304, '|admin|', 'check_by_ip', 'Check by IP', 'Перевірка по IP', 'Проверка по IP', 'Controle door IP', 'Sprawdzanie przez protokół IP'),
	(305, '|admin|', 'check_by_id', 'Check by ID', 'Перевірка за номером', 'Проверка по номеру', 'Controleren door ID', 'Sprawdź identyfikator'),
	(306, '|admin|', 'ratings_settings', 'Ratings Settings', 'Настройки Рейтингу', 'Установки Рейтинга', 'Instellingen beoordelingen', 'Ustawienia o klasyfikacjach'),
	(307, '|admin|', 'gallery_settings', 'Gallery Settings', 'Настройки Галереї', 'Настройки Галереи', 'Galerie-instellingen', 'Galeria ustawienia'),
	(308, '|admin|', 'photos_settings', 'Photos Settings', 'Настройки Фотографій', 'Настройки Фотографий', 'Foto\'s Instellingen', 'Ustawienia zdjęć'),
	(309, '|label|', 'amount_per_page', 'Amount per page', 'Кількість на сторінку', 'Количество на страницу', 'Bedrag per pagina', 'Kwota na stronę'),
	(310, '|admin|', 'amount_table_cols', 'Amount table cols', 'Кількість стовпців в таблиці', 'Количество столбцов в таблице', 'Bedrag tafel cols', 'Wysokość tabeli kolumn'),
	(311, '|label|', 'no', 'No', 'Ні', 'Нет', 'Geen', 'Nr'),
	(312, '|label|', 'yes', 'Yes', 'Так', 'Да', 'Ja', 'Tak'),
	(313, '|admin|', 'folder_for_big', 'Folder for big', 'Папка для великих', 'Папка для больших', 'Folder voor grote', 'Folder duży'),
	(314, '|admin|', 'folder_for_small', 'Folder for small', 'Папка для малих', 'Папка для малых', 'Folder voor kleine', 'Folder dla małych'),
	(315, '|admin|', 'width_of_big', 'Width of big', 'Ширина великих', 'Ширина больших', 'Breedte van de grote', 'Szerokość duży'),
	(316, '|admin|', 'height_of_big', 'Height of big', 'Висота великих', 'Высота больших', 'Hoogte van de grote', 'Wysokość Wielki'),
	(317, '|admin|', 'width_of_small', 'Width of small', 'Ширина малих', 'Ширина малых', 'Breedte van de kleine', 'Szerokość małe'),
	(318, '|admin|', 'height_of_small', 'Height of small', 'Висота малих', 'Высота малых', 'Hoogte van de kleine', 'Wysokość małe'),
	(319, '|admin|', 'crop_small', 'Crop small', 'Обрізати малі', 'Обрезать малые', 'Gewas kleine', 'Uprawa małe'),
	(320, '|admin|', 'theme', 'Theme', 'Тема', 'Тема', 'Thema', 'Motyw'),
	(321, '|admin|', 'frontend', 'Frontend', 'Frontend', 'Frontend', 'Frontend', 'Nakładka'),
	(322, '|admin|', 'backend', 'Backend', 'Backend', 'Backend', 'Backend', 'Wewnętrznej bazy danych'),
	(323, '|users|', 'your_new_password', 'Your new password', 'Ваш новий пароль', 'Ваш новый пароль', 'Uw nieuwe wachtwoord', 'Nowe hasło'),
	(324, '|admin|', 'images', 'Images', 'Зображення', 'Изображения', 'Afbeeldingen', 'Obrazy'),
	(325, '|admin|', 'more_images', 'More images', 'Більше зображень', 'Больше изображений', 'Meer beelden', 'Obrazki'),
	(326, '|admin|', 'update_prices', 'Update prices', 'Оновлення цін', 'Обновление цен', 'Update-prijzen', 'Aktualizowanie cen'),
	(327, '|label|', 'add_to_wishlist', 'Add to wishlist', 'Додати до списку бажань', 'Добавить в лист желаний', 'Voeg toe aan wenslijst', 'Dodaj do Lista życzeń'),
	(328, '|front|', 'my_wishlist', 'My wishlist', 'Мій лист бажань', 'Мой лист желаний', 'Mijn verlanglijst', 'Moja lista życzeń'),
	(329, '|label|testimonials|', 'testimonials', 'Testimonials', 'Відгуки', 'Отзывы', 'Testimonials', 'Referencje'),
	(330, '|admin|testimonias|', 'testimonial', 'Testimonial', 'Відгук', 'Отзыв', 'Getuigenis', 'Wyróżnienie'),
	(331, '|orders|front|', 'my_orders_history', 'My orders history', 'Історія моїх замовлень', 'История моих заказов', 'Mijn bestellingen geschiedenis', 'Moja historia zamówień'),
	(332, '|cart|', 'added_to_cart', 'Added to cart', 'Додано в кошик', 'Добавлено в корзину', 'Toegevoegd aan winkelwagen', 'Dodaje do koszyka'),
	(333, '|wishlist|', 'added_to_wishlist', 'Added to wishlist', 'Додано в лист бажань', 'Добавлено в лист желаний', 'Toegevoegd aan verlanglijst', 'Dodaje się lista życzeń'),
	(334, '|cart|', 'could_not_add_to_cart', 'Could not add to cart', 'Не вдається додати до кошика', 'Не удается добавить в корзину', 'Kon niet toevoegen aan winkelwagen', 'Nie można dodać do koszyka'),
	(335, '|wishlist|', 'could_not_add_to_wishlist', 'Could not add to wishlist', 'Не вдається додати в лист бажань', 'Не удается добавить в лист желаний', 'Kon het niet voeg toe aan wenslijst', 'Nie można dodać do Lista życzeń'),
	(336, '|label|', 'error', 'Error', 'Помилка', 'Ошибка', 'Fout', 'Błąd'),
	(337, '|label|', 'please_login', 'Please login', 'Будь ласка авторизуйтесь', 'Пожалуйста авторизуйтесь', 'U in te loggen', 'Zaloguj się'),
	(341, '|label|', 'language', 'Language', 'Мова', 'Язык', 'Taal', 'Język'),
	(342, '|admin|', 'default_language', 'Default language', 'Мова за замовчуванням', 'Язык по умолчанию', 'Standaard taal', 'Domyślny język'),
	(343, '|label|', 'russian', 'Russian', 'Російська', 'Русский', 'Russisch', 'Rosyjski'),
	(344, '|cart|', 'your_cart_is_empty', 'Your cart is empty', 'Ваш кошик порожній', 'Ваша корзина пуста', 'Uw winkelwagen is leeg', 'Twój koszyk jest pusty'),
	(345, '|cart|', 'back_to_catalog', 'Back to catalog', 'Повернутися до каталогу', 'Вернуться в каталог', 'Terug naar catalogus', 'Wróć do katalogu'),
	(346, '|admin|', 'products_categories', 'Products categories', 'Категорії продуктів', 'Категории продуктов', 'Producten categorieën', 'Kategorie wyrobów'),
	(347, '|admin|', 'translate', 'Translate', 'Перекласти', 'Перевести', 'Vertalen', 'Przetłumacz'),
	(348, '|admin|', 'copy', 'Copy', 'Копіювати', 'Копировать', 'Kopiëren', 'Kopia'),
	(349, '|admin|', 'order_total', 'Order total', 'Сума замовлення', 'Сума заказа', 'Om het totaal', 'Zamawiam'),
	(350, '|admin|', 'order_content', 'Order content', 'Зміст замовлення', 'Содержание заказа', 'Om de inhoud', 'Kolejność zawartości'),
	(351, '|admin|products|cart|', 'featured_products', 'Featured products', 'Рекомендовані продукти', 'Рекомендуемые продукты', 'Aanbevolen producten', 'Polecamy'),
	(352, '|label|', 'popularity', 'Popularity', 'Популярність', 'Популярность', 'Populariteit', 'Popularność'),
	(353, '|label|', 'none', 'None', 'Жоден', 'Ни один', 'Geen', 'Brak'),
	(354, '|label|', 'poll_results', 'Poll results', 'Результати опитування', 'Результаты опроса', 'Poll resultaten', 'Wyniki wyborów'),
	(356, '|label|', 'you_already_voted', 'You already voted', 'Ви вже голосували', 'Вы уже голосовали', 'Je hebt al gestemd', 'Można już głosowało'),
	(357, '|label|', 'thank_you_for_your_vote', 'Thank you for your vote', 'Дякуємо за ваш голос', 'Спасибо за ваш голос', 'Bedankt voor uw stem', 'Dziękujemy za Twój głos'),
	(358, '|label|', 'validation_error', 'Validation error', 'Помилка валідації', 'Ошибка валидации', 'Validatiefout', 'Błąd sprawdzania poprawności'),
	(359, '|front|', 'community_poll', 'Community poll', 'Опитування', 'Опрос', 'Gemeenschap poll', 'Wspólnota sondowania'),
	(360, '|front|', 'please_select_answer', 'Please select answer', 'Будь ласка, виберіть відповідь', 'Пожалуйста, выберите ответ', 'Selecteer antwoord', 'Wybierz odpowiedź'),
	(361, '|front|', 'sign_up_for_our_newsletter', 'Sign Up for Our Newsletter', 'Підписатись на розсилку', 'Подписаться на рассылку', 'Aanmelden voor onze nieuwsbrief', 'Znak dla naszego biuletynu'),
	(363, '|label|', 'items_count', 'Items count', 'Кількість елементів', 'Количество элеменов', 'Artikelen tellen', 'Liczba elementów'),
	(364, '|admin|', 'is_admin', 'Is Admin', 'Адміністратор', 'Администратор', 'Is Admin', 'Jest Admin'),
	(365, '|label|', 'dutch', 'Dutch', 'Голландська', 'Голландский', 'Nederlands', 'Holenderski'),
	(366, '|cart|', 'proceed_to_checkout', 'Proceed to checkout', 'Оформити замовлення', 'Оформить заказ', 'Ga naar de kassa', 'Przejdź do wyewidencjonowania'),
	(367, '|cart|', 'continue_shopping', 'Continue shopping', 'Продовжити покупки', 'Продолжить покупки', 'Doorgaan met winkelen', 'Kontynuować zakupy'),
	(368, '|cart|', 'grand_total', 'Grand Total', 'Загальний підсумок', 'Общий итог', 'Algemeen totaal', 'Suma końcowa'),
	(369, '|wishlist|', 'your_wishlist_is_empty', 'Your wishlist is empty', 'Ваш списку бажань порожній', 'Ваш лист желаний пуст', 'Uw wenslijst is leeg', 'Twój Lista życzeń jest pusty'),
	(370, '|admin|products|cart|', 'in_stock', 'In stock', 'В наявності', 'В наличии', 'Op voorraad', 'W magazynie'),
	(371, '|label|', 'not_in_stock', 'Not in stock', 'Немає на складі', 'Нет на складе', 'Niet op voorraad', 'Nie w magazynie'),
	(372, '|label|', 'most_popular', 'Most popular', 'Найпопулярніші', 'Самые популярные', 'Meest populair', 'Najbardziej popularne'),
	(374, '|label|', 'surname', 'Surname', 'Прізвище', 'Фамилия', 'Achternaam', 'Nazwisko'),
	(376, '|users|', 'change_password', 'Change password', 'Змінити пароль', 'Сменить пароль', 'Wachtwoord wijzigen', 'Zmiana hasła'),
	(377, '|label|', 'zip_code', 'Zip code', 'Поштовий індекс', 'Почтовый индекс', 'Postcode', 'Kod pocztowy'),
	(378, '|label|', 'featured', 'Featured', 'Рекомендовані', 'Рекомендуемые', 'Aanbevolen', 'Funkcjonalny'),
	(379, '|admin|', 'remove_from_featured', 'Remove from featured', 'Видалити з рекомендованих', 'Удалить из рекомендуемых', 'Verwijderen uit featured', 'Usuń z funkcjonalny'),
	(380, '|front|', 'login_form', 'Login Form', 'Форма входу', 'Форма входа', 'Login Form', 'Formularz Logowanie'),
	(382, '|front|', 'novelty', 'Novelty', 'Новинки', 'Новинки', 'Nieuwigheid', 'Nowości'),
	(383, '|label|', 'special_price', 'Special price', 'Спеціальна ціна', 'Специальная цена', 'Speciale prijs', 'Specjalna cena'),
	(384, '|label|', 'old_price', 'Old price', 'Стара ціна', 'Старая цена', 'Oude prijs', 'Stare ceny'),
	(385, '|label|', 'special_proposition', 'Specials', 'Спецпропозиції', 'Спецпредложения', 'Specials', 'Odcinki specjalne'),
	(386, '|orders|', 'your_orders_list_is_empty', 'Your orders list is empty', 'Ваш список замовлень порожній', 'Ваш список заказов пуст', 'Uw orders lijst is leeg', 'Lista zamówień jest pusty'),
	(387, '|label|', 'catalog', 'Catalog', 'Каталог', 'Каталог', 'Catalogus', 'Katalog'),
	(390, '|label|', 'products_amount', 'Products amount', 'Кількість продуктів', 'Количество продуктов', 'Producten amount', 'Ilość produktów'),
	(391, '|cart|', '2_items_in_cart', 'items in cart', 'товари в кошику', 'товара в корзине', 'artikelen in de winkelwagen', 'pozycje w koszyku'),
	(392, '|cart|', '3_items_in_cart', 'items in cart', 'товари в кошику', 'товара в корзине', 'artikelen in de winkelwagen', 'pozycje w koszyku'),
	(393, '|cart|', '4_items_in_cart', 'items in cart', 'товари в кошику', 'товара в корзине', 'items in winkelwagen', 'pozycje w koszyku'),
	(394, '|label|', 'all_testimonials', 'All testimonials', 'Усі відгуки', 'Все отзывы', 'Alle getuigschriften', 'Wszystkie opinie'),
	(395, '|label|', 'search_results_for', 'Search results for', 'Результати пошуку', 'Результаты поиска', 'Zoek resultaten voor', 'Wyniki wyszukiwania dla'),
	(396, '|label|', 'products_with_tag', 'Products with tag', 'Продукти з тегом', 'Продукты с тегом', 'Producten met tag', 'Produkty z tagu'),
	(397, '|front|', 'request_a_call', 'Request a call', 'Замовити дзвінок', 'Заказать звонок', 'Verzoek een gesprek', 'Żądanie wywołania'),
	(398, '|request_call|', 'call_back', 'Call back', 'Зворотній дзвінок', 'Обратный звонок', 'Terugbellen', 'Wywołania zwrotnego'),
	(399, '|label|', 'your_request_sent', 'Your request sent', 'Ваш запит відправлений', 'Ваш запрос отправлен', 'Uw verzoek heeft', 'Żądanie wysłane'),
	(400, '|label|', 'about_us', 'About us', 'Про компанію', 'О компании', 'Wie zijn wij?', 'O nas'),
	(403, '|admin|', 'site_phones', 'Site phones', 'Контактні телефони', 'Контактные телефоны', 'Site-telefoons', 'Telefony witryny'),
	(404, '|users|', 'already_registered', 'Already registered', 'Вже зареєстровані', 'Уже зарегистрированы', 'Al geregistreerd', 'Zarejestrowani'),
	(405, '|admin|', 'send_count_of_emails', 'Send count of emails', 'Надіслати кількість email повідомлень', 'Отправить количество email сообщений', 'Stuur telling van e-mails', 'Wyślij liczba wiadomości e-mail'),
	(406, '|admin|', 'send_interval', 'Send interval', 'Інтервал відправлення', 'Интервал отправки', 'Stuur interval', 'Wyślij interwał'),
	(407, '|newsletters|', 'me', 'Me', 'Мені', 'Мне', 'Me', 'Me'),
	(408, '|newsletters|', 'empty_queue', 'Empty queue', 'Порожня черга', 'Пустая очередь', 'Lege wachtrij', 'Pustej kolejki'),
	(409, '|admin|', 'seconds', 'Seconds', 'Секунди', 'Секунды', 'Seconden', 'Sekund'),
	(410, '|newsletters|', 'stop_massmail', 'Stop mass-mail', 'Зупинити розсилку', 'Остановить рассылку', 'Stop de massa-mail', 'Zatrzymaj masy poczta'),
	(411, '|settings|', 'ratings_for_articles_allowed', 'Ratings for articles allowed', 'Рейтинг статей дозволено', 'Рейтинг статей разрешено', 'Waardering voor toegestane artikelen', 'Klasyfikacje dla artykułów dozwolone'),
	(412, '|settings|', 'ratings_for_news_allowed', 'Ratings for news allowed', 'Рейтинг новин дозволено', 'Рейтинг новостей разрешено', 'Waardering voor nieuws toegestaan', 'Klasyfikacje News dozwolone'),
	(413, '|settings|', 'ratings_for_comments_allowed', 'Ratings for comments allowed', 'Рейтинг коментарів дозволено', 'Рейтинг комментариев разрешено', 'Waardering voor reacties toegestaan', 'Klasyfikacje komentarzy dozwolone'),
	(414, '|settings|', 'ratings_for_products_allowed', 'Ratings for products allowed', 'Рейтинг продукції дозволено', 'Рейтинг продукции разрешено', 'Waardering voor toegelaten producten', 'Klasyfikacje produktów dozwolone'),
	(415, '|settings|', 'ratings_for_photos_allowed', 'Ratings for photos allowed', 'Рейтинг фотографій дозволено', 'Рейтинг фотографий разрешено', 'Waardering voor toegestaan ​​foto\'s', 'Rankingi zdjęcia dozwolone'),
	(416, '|settings|', 'ratings_for_companies_allowed', 'Ratings for companies allowed', 'Рейтинг компаній дозволено', 'Рейтинг компаний разрешено', 'Waardering voor bedrijven toegestaan', 'Klasyfikacje przedsiębiorstw dozwolone'),
	(417, '|settings|', 'ratings_for_customers_allowed', 'Ratings for customers allowed', 'Рейтинги для клієнтів дозволено', 'Рейтинги для клиентов разрешено', 'Waardering voor mogen klanten', 'Klasyfikacje dla klientów dozwolone'),
	(418, '|settings|', 'comments_settings', 'Comments Settings', 'Настройки Коментаріїв', 'Установки Комментариев', 'Reacties Instellingen', 'Ustawienia uwagi'),
	(419, '|settings|', 'comments_for_articles_allowed', 'Comments for articles allowed', 'Коментарі до статей дозволено', 'Комментарии к статьям разрешено', 'Reacties op artikelen toegestane', 'Komentarze dotyczące artykułów dozwolone'),
	(420, '|settings|', 'comments_for_news_allowed', 'Comments for news allowed', 'Коментарі до новин дозволено', 'Комментарии к новостям разрешено', 'Reacties op nieuws toegestaan', 'Komentarze do wpisu dozwolone'),
	(421, '|settings|', 'comments_for_products_allowed', 'Comments for products allowed', 'Коментарі до продукції дозволено', 'Комментарии к продукции разрешено', 'Reacties op producten toegestane', 'Komentarze dotyczące produktów dozwolone'),
	(422, '|label|', 'currency', 'Currency', 'Валюта', 'Валюта', 'Valuta', 'Waluta'),
	(423, '|orders|', 'payed', 'Payed', 'Оплачений', 'Оплаченный', 'Betaald', 'Płatna'),
	(424, '|orders|', 'processing', 'Processing', 'Обробка', 'Обработка', 'Verwerking', 'Przetwarzanie'),
	(425, '|front|', 'privacy_policy', 'Privacy Policy', 'Політика конфіденційності', 'Политика конфиденциальности', 'Privacy Policy', 'Polityka prywatności'),
	(426, '|groups|admin|', 'groups', 'Groups', 'Групи', 'Группы', 'Groepen', 'Grupy'),
	(427, '|groups|users|filters|', 'group', 'Group', 'Група', 'Группа', 'Groep', 'Grupa'),
	(428, '|groups|admin|', 'edit_rights', 'Edit rights', 'Змінити права', 'Изменить права', 'Edit rechten', 'Edytowanie praw'),
	(429, '|groups|', 'rights', 'Rights', 'Права', 'Права', 'Rechten', 'Prawa'),
	(430, '|groups|', 'access_to_admin_panel', 'Access to admin panel', 'Доступ до панелі адміністратора', 'Доступ к панели администратора', 'Toegang tot de admin panel', 'Dostęp do panelu admin'),
	(432, '|admin|', 'dashboard', 'Dashboard', 'Панель приладів', 'Приборная панель', 'Dashboard', 'Pulpit nawigacyjny'),
	(433, '|admin|', 'records_amount', 'Records amount', 'Кількість записів', 'Количество записей', 'Records hoeveelheid', 'Ilość rekordów'),
	(434, '|dashboard|', 'articles_amount', 'Articles amount', 'Кількість статей', 'Количество статей', 'Artikelen hoeveelheid', 'Ilość artykułów'),
	(435, '|dashboard|', 'categories_amount', 'Categories amount', 'Кількість категорій', 'Количество категорий', 'Categorieën hoeveelheid', 'Kategoria ilości'),
	(436, '|dashboard|', 'news_amount', 'News amount', 'Кількість новин', 'Количество новостей', 'Nieuws hoeveelheid', 'Kwota wiadomości'),
	(437, '|dashboard|', 'companies_amount', 'Companies amount', 'Кількість компаній', 'Количество компаний', 'Bedrijven hoeveelheid', 'Wielkość przedsiębiorstwa'),
	(438, '|dashboard|', 'auto_responders_amount', 'Auto responders amount', 'Кількість автовідповідачів', 'Количество автоответчиков', 'Autoresponders hoeveelheid', 'Auto obiektów odpowiadających kwocie'),
	(439, '|dashboard|', 'customers_amount', 'Customers amount', 'Кількість клієнтів', 'Количество клиентов', 'Klanten hoeveelheid', 'Kwota klientów'),
	(440, '|dashboard|', 'groups_amount', 'Groups amount', 'Кількість груп', 'Количество групп', 'Groepen hoeveelheid', 'Kwota grup'),
	(441, '|dashboard|', 'links_amount', 'Links Amount', 'Кількість лінків', 'Количество ссылок', 'Links hoeveelheid', 'Kwota łącza'),
	(442, '|dashboard|', 'photos_amount', 'Photos amount', 'Кількість фото', 'Количество фото', 'Foto\'s hoeveelheid', 'Ilość zdjęć'),
	(443, '|dashboard|', 'orders_amount', 'Orders amount', 'Кількість замовлень', 'Количество заказов', 'Bestellingen hoeveelheid', 'Kwota zamówienia'),
	(444, '|dashboard|', 'testimonials_amount', 'Testimonials amount', 'Кількість відгуків', 'Количество отзывов', 'Testimonials hoeveelheid', 'Kwota opinie'),
	(445, '|dashboard|', 'comments_amount', 'Comments amount', 'Кількість коментарів', 'Количество комментариев', 'Reacties hoeveelheid', 'Kwota komentarze'),
	(446, '|dashboard|', 'quiz_amount', 'Quizes amount ', 'Кількість тестів', 'Количество тестов', 'Quizzen hoeveelheid', 'Kwizy na temat pakietu kwota'),
	(447, '|dashboard|', 'poll_amount', 'Polls amount', 'Кількість опитуваннь', 'Количество опросов', 'Polls hoeveelheid', 'Sondaże kwota'),
	(448, '|dashboard|', 'faq_amount', 'F.A.Q. amount', 'Кількість F.A.Q. ', 'Количество F.A.Q.', 'F.A.Q. hoeveelheid', 'Kwota F.A.Q.'),
	(449, '|currency|', 'currencies', 'Currencies', 'Валюти', 'Валюты', 'Valuta', 'Walut'),
	(450, '|currency|', 'exchange_rate', 'Exchange rate', 'Обмінний курс', 'Обменный курс', 'Wisselkoers', 'Kurs wymiany'),
	(451, '|currency|', 'default_currency', 'Default currency', 'Валюта за замовчуванням', 'Валюты по умолчанию', 'Standaard valuta', 'Domyślna waluta'),
	(452, '|currency|', 'symbol', 'Symbol', 'Символ', 'Символ', 'Symbool', 'Symbolu'),
	(453, '|currency|', 'symbol_location', 'Symbol location', 'Розміщення символу', 'Розмещения символа', 'Symbool locatie', 'Położenie symbolu'),
	(454, '|admin|', 'enabled', 'Enabled', 'Включено', 'Включено', 'Ingeschakeld', 'Włączone'),
	(455, '|currency|', 'before', 'Before', 'До', 'До', 'Voor', 'Przed'),
	(456, '|currency|', 'after', 'After', 'Після', 'После', 'Na', 'Po'),
	(457, '|dashboard|', 'currency_amount', 'Currencies amount', 'Кількість валют', 'Количество валют', 'Valuta hoeveelheid', 'Kwota waluty'),
	(458, '|dashboard|', 'groups_of_admins', 'Groups of admins', 'Групи адміністраторів', 'Группы администраторов', 'Groepen van admins', 'Grupy Administratorzy'),
	(459, '|dashboard|', 'groups_of_customers', 'Groups of customers', 'Групи клієнтів', 'Группы клиентов', 'Groepen klanten', 'Grupy odbiorców'),
	(460, '|dashboard|', 'amount_of_in_stock', 'Amount of in stock', 'Кількість на складі', 'Количество на складе', 'Hoeveelheid op voorraad', 'Ilości w magazynie'),
	(461, '|dashboard|', 'amount_of_featured', 'Amount of featured', 'Кількість рекомендованих', 'Количество рекомендуемих', 'Hoeveelheid van aanbevolen', 'Proponowane kwoty'),
	(462, '|dashboard|', 'amount_of_specials', 'Amount of specials', 'Кількість спецпророзицій', 'Количество спецпредложений', 'Hoeveelheid specials', 'Kwota oferty'),
	(463, '|dashboard|', 'amount_of_pending', 'Amount of pending', 'Кількість в очікуванні', 'Количество в ожедании', 'Hoeveelheid in afwachting van', 'Kwoty oczekujące'),
	(464, '|dashboard|', 'amount_of_active', 'Amount of active', 'Кількість активних', 'Количество активных', 'Hoeveelheid actieve', 'Liczba aktywnych'),
	(465, '|dashboard|', 'for_articles', 'For articles', 'Для статей', 'Для статей', 'Voor artikelen', 'Artykuły'),
	(466, '|dashboard|', 'for_products', 'For products', 'Для продуктів', 'Для продуктов', 'Voor producten', 'Dla produktów'),
	(467, '|dashboard|', 'for_news', 'For news', 'Для новин', 'Для новостей', 'Voor nieuws', 'News'),
	(468, '|settings|', 'censor', 'Censor', 'Цензор', 'Цензор', 'Censureren', 'Cenzora'),
	(469, '|settings|', 'automatic_approve_comments', 'Automatic approve comments', 'Автоматично затвердити коментарі', 'Автоматически утвердить комментарии', 'Automatisch goed te keuren reacties', 'Automatyczne zatwierdzanie komentarze'),
	(470, '|settings|', 'ip_blacklist', 'IP Addresses Blacklist', 'Чорний список IP-адрес', 'Черный список IP-адресов', 'IP-adressen Blacklist', 'Czarna lista adresów IP'),
	(471, '|products|admin|', 'products_attributes', 'Products attributes', 'Атрибути продуктів', 'Атрибуты продуктов', 'Producten attributen', 'Atrybuty produktów'),
	(472, '|products|', 'attributes_list', 'Attributes list', 'Список атрибутів', 'Список атрибутов', 'Attributen lijst', 'Lista atrybutów'),
	(473, '|products|', 'edit_attribute', 'Edit attribute', 'Редагувати атрибут', 'Редактировать атрибут', 'Vraag Attributen', 'Edytuj atrybut'),
	(474, '|products|', 'add_attribute', 'Add attribute', 'Додати атрибут', 'Добавить атрибут', 'Voeg attributen', 'Dodaj atrybut'),
	(475, '|products|', 'add_value', 'Add value', 'Додати значення', 'Добавить значения', 'Voeg waarde', 'Dodaj wartość'),
	(476, '|products|', 'value', 'Value', 'Значення', 'Значения', 'Waarde', 'Wartość'),
	(477, '|products|', 'values_list', 'Values list', 'Список значень', 'Список значений', 'waarden lijst', 'Lista wartości'),
	(479, '|products|cart|orders|', 'attributes', 'Attributes', 'Атрибути', 'Атрибуты', 'Kenmerken', 'Atrybuty'),
	(480, '|label|', 'manufacturers', 'Manufacturers', 'Виробники', 'Производители', 'Fabrikanten', 'Producenci'),
	(481, '|label|', 'manufacturer', 'Manufacturer', 'Виробник', 'Производитель', 'Fabrikant', 'Producent'),
	(484, '|products|', 'edit_value', 'Edit value', 'Редагувати значення', 'Изменение значения', 'Waarde bewerken', 'Edytuj wartości'),
	(485, '|admin|', 'discounts', 'Discounts', 'Знижки', 'Скидки', 'Kortingen', 'Rabaty'),
	(488, '|discounts|cart|orders|', 'discount', 'Discount', 'Знижка', 'Скидка', 'Korting', 'Rabat'),
	(489, '|discounts|', 'products_count', 'Products count', 'Кількість товарів', 'Количество товаров', 'Producten tellen', 'Produktów licznik'),
	(490, '|discounts|', 'order_amount', 'Order amount', 'Сума замовлення', 'Сумма заказа', 'Orderbedrag', 'Wielkość zamówienia'),
	(492, '|admin|', 'showhide_metadata', 'Show/Hide Meta-Data', 'Показати/приховати мета дані', 'Показать/скрыть мета данные', 'Toon/Verberg Meta-Data', 'Pokaż/Ukryj dane Meta'),
	(493, '|label|', 'shop', 'Shop', 'Магазин', 'Магазин', 'Winkel', 'Sklep'),
	(494, '|admin|', 'content', 'Content', 'Зміст', 'Содержание', 'Inhoud', 'Zawartość'),
	(495, '|admin|', 'content_management', 'Content Management', 'Управління контентом', 'Управление содержимым', 'Content Management', 'Zarządzanie zawartością'),
	(496, '|admin|', 'other1', 'Other', 'Інше', 'Другое', 'Ander', 'Inne'),
	(497, '|discounts|', 'percents', 'Percents', 'Проценти', 'Проценты', 'Procenten', 'Dostawie'),
	(499, '|discounts|', 'number_of_possible_uses', 'Number of possible uses', 'Кількість можливих використань', 'Количество возможных иснользованей', 'Aantal mogelijke toepassingen', 'Liczba możliwych zastosowań'),
	(500, '|discounts|', 'used', 'Used', 'Використано', 'Использовано', 'Gebruikt', 'Używany'),
	(501, '|admin|discounts|', 'discount_coupons', 'Discount coupons', 'Купони скидок', 'Купоны скидок', 'Kortingsbonnen', 'Kupony rabatowe'),
	(502, '|discounts|', 'amount', 'Amount', 'Сума', 'Сумма', 'Bedrag', 'Kwota'),
	(503, '|discounts|cart|orders|', 'discount_coupon', 'Discount coupon', 'Дисконтний купон', 'Купон скидок', 'Kortingsbon', 'Rabat kupon'),
	(505, '|settings|', 'products_settings', 'Products Settings', 'Настройки Продуктів', 'Установки Продуктов', 'Producten-instellingen', 'Ustawienia produktów'),
	(506, '|settings|', 'use_product_sku', 'Use product SKU', 'Викорисовувати SKU для прдуктів', 'Использовать SKU для прдуктов', 'Gebruik product SKU', 'Wykorzystanie produktu SKU'),
	(507, '|admin|', 'filters', 'Filters', 'Фільтри', 'Фильтры', 'Filters', 'Filtry'),
	(508, '|admin|', 'filters_groups', 'Filters groups', 'Групи фільтрів', 'Групы фильтров', 'Filters groepen', 'Filtry grupy'),
	(509, '|filters|', 'query', 'Query', 'Запит', 'Запрос', 'Query', 'Kwerendy'),
	(510, '|filters|', 'filters_list', 'Filters List', 'Список фільтрів', 'Список фильтров', 'Lijst met filters', 'Lista filtrów'),
	(511, '|filters|', 'add_filter', 'Add filter', 'Додати фільтр', 'Добавить фильтр', 'Filter toevoegen', 'Dodaj filtr'),
	(512, '|filters|', 'edit_filter', 'Edit filter', 'Редагування фільтра', 'Изменить фильтр', 'Filter bewerken', 'Edytuj filtr'),
	(513, '|admin|', 'add_group', 'Add group', 'Додати групу', 'Добавить группу', 'Groep toevoegen', 'Dodaj grupę'),
	(514, '|admin|', 'edit_group', 'Edit group', 'Редагування групи', 'Изменение группы', 'Groep bewerken', 'Edytuj grupy'),
	(515, '|filters|', 'edit_filter_group', 'Edit group', 'Редагування групи', 'Изменение группы', 'Groep bewerken', 'Edytuj grupy'),
	(516, '|filters|', 'connector', 'Connector', 'З\'єднувач', 'Соединитель', 'Connector', 'Łącznik'),
	(517, '|admin|', 'remove_all_filters', 'Remove all filters', 'Видалити всі фільтри', 'Удалить все фильтры', 'Alle filters verwijderen', 'Usuń wszystkie filtry'),
	(519, '|front|', 'share_with_friends', 'Share with friends', 'Поділитися з друзями', 'Поделиться с друзьями', 'Delen met vrienden', 'Udostępnić znajomym'),
	(520, '|label|', 'close', 'Close', 'Закрити', 'Закрыть', 'Sluiten', 'Zamknij'),
	(521, '|front|', 'notify_me_when_available', 'Notify me when available', 'Повідомити мене коли буде в наявності', 'Уведомлять меня при наличии', 'Informeer mij wanneer beschikbaar', 'Powiadom, jeśli są dostępne'),
	(522, '|admin|', 'actions', 'Actions', 'Дії', 'Действия', 'Acties', 'Działania'),
	(523, '|settings|front|', 'partners', 'Partners', 'Партнери', 'Партнеры', 'Partners', 'Partnerzy'),
	(524, '|admin|', 'successfully_saved', 'Successfully saved', 'Успішно збережено', 'Успешно сохранен', 'Opgeslagen', 'Pomyślnie zapisany'),
	(525, '|formbuilder|', 'method', 'Method', 'Метод', 'Метод', 'Methode', 'Metoda'),
	(526, '|label|', 'label', 'Label', 'Мітка', 'Метка', 'Label', 'Etykieta'),
	(527, '|admin|', 'type', 'Type', 'Тип', 'Тип', 'Type', 'Typ'),
	(528, '|formbuilder|', 'columns', 'Columns', 'Стовпці', 'Колонки', 'Kolommen', 'Kolumny'),
	(529, '|formbuilder|', 'hide_label', 'Hide label', 'Приховати мітку', 'Скрыть метки', 'Label verbergen', 'Ukrywanie etykiet'),
	(530, '|formbuilder|', 'default_value', 'Default Value', 'Значення за промовчанням', 'Значение по умолчанию', 'Standaardwaarde', 'Wartość domyślna'),
	(531, '|formbuilder|', 'validation', 'Validation', 'Перевірка', 'Проверка', 'Validatie', 'Sprawdzanie poprawności'),
	(532, '|admin|', 'height', 'Height', 'Висота', 'Высота', 'Hoogte', 'Wysokość'),
	(533, '|formbuilder|', 'width', 'Width', 'Ширина', 'Ширина', 'Breedte', 'Szerokość'),
	(534, '|formbuilder|', 'label_position', 'Label position', 'Розташування мітки', 'Положение метки', 'Positie van label', 'Położenie etykiety'),
	(535, '|formbuilder|', 'special_value', 'Special value', 'Спеціальна значення', 'Особое значение', 'Speciale waarde', 'Specjalna wartość'),
	(536, '|formbuilder|', 'store_in_table', 'Store in table', 'Зберегти в таблиці', 'Хранить в таблице', 'Opslaan in tabel', 'Przechowywać w tabeli'),
	(537, '|formbuilder|', 'label_align', 'Label align', 'Вирівнювання мітки', 'Выравнивание метки', 'Label uitlijnen', 'Wyrównać etykiety'),
	(538, '|formbuilder|', 'show_on_list', 'Show on list', 'Показати в списоку', 'Показать в списоке', 'Toon op lijst', 'Pokaż na liście'),
	(539, '|formbuilder|', 'hint', 'Hint', 'Підказка', 'Подсказка', 'Hint', 'Wskazówka'),
	(540, '|admin|', 'alt_attribute_for_image', 'Alt attribute for image', 'Alt атрибут зображення', 'Атрибут ALT для изображения', 'ALT attribuut voor afbeelding', 'Atrybut ALT obrazu'),
	(541, '|admin|', 'add_alt_attribute_for_image', 'Add alt attribute for image', 'Додати alt атрибут зображення', 'Добавить атрибут alt для изображения', 'Alt attribuut voor afbeelding toevoegen', 'Dodaj atrybut alt obrazu'),
	(542, '|label|', 'grid', 'Grid', 'Сітка', 'Сетка', 'Raster', 'Siatki'),
	(543, '|products|', 'display_style', 'Display style', 'Стиль відображення', 'Стиль отображения', 'Weergavestijl', 'Styl wyświetlania'),
	(544, '|formbuilder|', 'align', 'Align', 'Вирівнювання', 'Выравнивание', 'Uitlijnen', 'Wyrównaj'),
	(545, '|label|', 'videos', 'Videos', 'Відео', 'Видео', 'Video \'s', 'Filmy wideo'),
	(546, '|label|', 'polish', 'Polish', 'польська', 'польский', 'Pools', 'Polski'),
	(547, '|products|articles|', 'similar_products', 'Similar products', 'Аналогічні товари', 'Подобные продукты', 'Soortgelijke producten', 'Podobne produkty'),
	(548, '|label|', 'shipping', 'Shipping', 'Доставка', 'Доставка', 'Scheepvaart', 'Żeglugi morskiej'),
	(550, '|articles|', 'articles_with_tag', 'Articles with tag', 'Статті з тегом', 'Статьи с тегом', 'Artikelen met tag', 'Artykuły z tagu'),
	(551, '|news|', 'news_with_tag', 'News with tag', 'Новини з тегом', 'Новости с тегом', 'Nieuws met tag', 'Wiadomości za pomocą tagu'),
	(553, '|admin|', 'coupon_format', 'Coupon format', 'Формат купона', 'Формат купона', 'Coupon formaat', 'Kupon formatu'),
	(554, '|settings|', 'send_email_from', 'Send E-Mail from', 'Надсилати E-Mail з', 'Отправлять E-Mail от', 'Stuur E-Mail van', 'Wyślij wiadomość E-Mail z'),
	(555, '|admin|', 'x_of_x_records', '%s of %s records', '%s з %s записів', '%s с %s записей', '%s van de %s records', '%s z %s rekordów'),
	(556, '|admin|', 'slideshow', 'Slideshow', 'Слайд-шоу', 'Слайд-шоу', 'Slideshow', 'Pokaz slajdów'),
	(557, '|admin|', 'formbuilder', 'Form Builder', 'Конструктор форм', 'Конструктор форм', 'Formulier Builder', 'Formularz Konstruktor'),
	(558, '|admin|', 'comments_opened', 'Comments opened', 'Коментарі відкриті', 'Комментарии открыты', 'Reacties geopend', 'Komentarze otwarty'),
	(559, '|label|', 'default', 'Default', 'По замовчуванні', 'По умолчанию', 'standaardinstelling', 'domyślny'),
	(560, '|admin|', 'table', 'Table', 'Таблиця', 'Таблица', 'Tafel', 'Tabela'),
	(561, '|admin|', 'chart', 'Chart', 'Діаграма', 'График', 'Grafiek', 'Wykres'),
	(562, '|admin|', 'reports', 'Reports', 'Звіти', 'Отчеты', 'Rapporten', 'Raporty'),
	(563, '|admin|', 'spiderweb', 'Spiderweb', 'Spiderweb', 'Spiderweb', 'Spiderweb', 'Spiderweb'),
	(564, '|admin|', 'report', 'Report', 'Звіт', 'Отчет', 'Rapporten', 'Raport'),
	(565, '|front|', 'contacts', 'Contacts', 'Контакти', 'Контакты', 'Contacten', 'Kontakt'),
	(566, '|admin|', 'crop_big', 'Crop big', 'Обрізати великі', 'Обрезать большые', 'Gewas grote', 'Uprawa duży'),
	(567, '|label|', 'recent_articles', 'Recent articles', 'Останні статті', 'Последние статьи', 'Recente artikelen', 'Najnowsze artykuły'),
	(568, '|orders|', 'your_information', 'Your information', '﻿Ваша інформація', '﻿Ваша информация', 'Uw gegevens', '﻿Informacje'),
	(569, '|dashboard|', 'videos_amount', 'Videos amount', 'Кількість Відео', 'Количество Видео', 'Video hoeveelheid', 'Kwota Videos'),
	(570, '|dashboard|', 'assortment_amount', 'Assortment amount', 'Кількість асортименту', 'Количество ассортимента', 'Assortiment hoeveelheid', 'Kwota Asortyment'),
	(571, '|admin|', 'assortment', 'Assortment', 'Асортимент', 'Ассортимент', 'Assortiment', 'Asortyment'),
	(572, '|admin|', 'tools', 'Tools', 'Інструменти', 'Інструменты', 'Werktuigen', 'Narzędzia'),
	(573, '|books|admin|', 'books', 'Books', 'Книги', 'Книги', 'Boeken', 'Książki'),
	(574, '|books|admin|', 'books_amount', 'Books amount', 'Кількість книг', 'Количество книг', 'Boeken tellen', 'Książki liczyć'),
	(575, '|label|', 'agenda', 'Agenda', 'Порядок денний', 'Повестка дня', 'Agenda', 'Porządek obrad'),
	(576, '|formbuilder|', 'label_width', 'Label width', 'Ширина мітки', 'Ширина метки', 'Label breedte', 'Szerokość etykiety'),
	(577, '|admin|', 'page_title', 'Page Title', 'Назва сторінки', 'Название страницы', 'Page Title', 'Tytuł strony'),
	(578, '|admin|', 'subscribers_amount', 'Subscribers amount', 'Кількість підписчиків', 'Количество подписчиков', 'Bedrag van de abonnees', 'Ilość abonentów'),
	(579, '|front|', 'buy', 'Buy', 'Купити', 'Купить', 'Kopen', 'Kupować'),
	(580, '|front|', 'about_shop', 'About shop', 'Про магазин', 'О магазине', 'Over winkel', 'O sklepie'),
	(581, '|front|', 'from_x_till_x', 'from %s till %s', 'з %s до %s', 'с %s до %s', 'van %s tot %s', 'od %s do %s'),
	(582, '|front|', 'schedule_call_center', 'Schedule call-center', 'Графік роботи call-центру', 'Расписание call-центра', 'Schema call-center', 'Plan zajęć w call-center'),
	(583, '|front|', 'all_rights_reserved', 'All rights reserved', 'Усі права захищено', 'Все права защищены', 'Alle rechten voorbehouden', 'Wszelkie prawa zastrzeżone'),
	(584, '|front|', 'follow_us', 'Follow us', 'Слідуйте за нами', 'Следуйте с нами', 'Volg ons', 'Jesteśmy na'),
	(585, '|front|', 'follow_us1', 'Follow us', 'Слідуйте за нами', 'Следуйте с нами', 'Volg ons', 'Jesteśmy na'),
	(586, '|cart|', 'do_order', 'Order', 'Замовити', 'Заказать', 'Volgorde', 'Kolejność'),
	(587, '|front|', 'ask_a_question', 'Ask a question', 'Задавати питання', 'Задать вопрос', 'Stel een vraag', 'Zadaj pytanie'),
	(589, '|front|', 'track_shipment', 'Track shipment', 'Відстежити вантаж', 'Отследить груз', 'Track zending', 'Monitoruj przesyłkę'),
	(590, '|label|', 'documents', 'Documents', 'Документи', 'Документы', 'Documenten', 'Dokumenty'),
	(591, '|label|', 'documents_categories', 'Documents categories', 'Категорії документів', 'Категории документов', 'Documenten Categorieën', 'Kategorie dokumentów');
/*!40000 ALTER TABLE `lang` ENABLE KEYS */;


-- Dumping structure for таблиця ci-0352.lang_gen
CREATE TABLE IF NOT EXISTS `lang_gen` (
  `id` int(11) unsigned NOT NULL AUTO_INCREMENT,
  `is_slug` tinyint(1) unsigned NOT NULL DEFAULT '0',
  `table` varchar(100) NOT NULL,
  `EN` text NOT NULL,
  `UA` text NOT NULL,
  `RU` text NOT NULL,
  `NL` text NOT NULL,
  `PL` text NOT NULL,
  PRIMARY KEY (`id`),
  KEY `is_slug` (`is_slug`)
) ENGINE=MyISAM AUTO_INCREMENT=1199 DEFAULT CHARSET=utf8;

-- Dumping data for table ci-0352.lang_gen: 835 rows
/*!40000 ALTER TABLE `lang_gen` DISABLE KEYS */;
INSERT INTO `lang_gen` (`id`, `is_slug`, `table`, `EN`, `UA`, `RU`, `NL`, `PL`) VALUES
	(3, 0, 'menu', 'Home', 'Головна', 'Главная', 'Home', 'Home'),
	(5, 0, 'menu', 'My Account', 'Мій Аккаунт', 'Мой Аккаунт', 'My Account', 'My Account'),
	(6, 0, 'menu', 'Registration', 'Реєстрація', 'Регистрация', 'Registration', 'Registration'),
	(7, 0, 'menu', 'Tell a friend', 'Сказати другові', 'Сказать другу', 'Tell a friend', 'Tell a friend'),
	(8, 0, 'menu', 'Contact us', 'Контакти', 'Контакты', 'Contact us', 'Contact us'),
	(9, 0, 'menu', 'Quiz List', 'Список Тестів', 'Список Тестов', 'Quiz List', 'Quiz List'),
	(10, 0, 'menu', 'Rating', 'Рейтинг', 'Рейтинг', 'Rating', 'Rating'),
	(20, 0, 'products', 'First Test Product', 'Перший Тестування продукції', 'Первый Тестирование продукта', 'Eerste Test Product', 'First Test Product'),
	(21, 0, 'products', '<p><strong>Health is one</strong>&nbsp;of most important things in our life.&nbsp;<em>We think that it is a real luck to have a strong health.</em>&nbsp;Our way of life doesn&rsquo;t increase the physiological condition of our body. Alcohol, cigarettes, unhealthy food, stresses and other factors have a great influence on our health.<!-- more -->&nbsp;The human&rsquo;s immune system is very uncertain thing because there is a countless quantity of different dangerous viruses and bacteria. From ancient times plague and other infectious diseases have been killing people without leaving them any chance to survive. All these diseases are even worse than wars by the quantity of deaths.</p>', '<p><strong>Охорона здоров\'я є одним</strong> з найбільш важливих речей, наше життя.&nbsp;<em>Ми думаємо, що це реальні пощастило мати сильну здоров\'я.</em>&nbsp;Наш спосіб життя не збільшити фізіологічний стан нашого тіла. Алкоголь, сигарети, нездорової їжі, підкреслює та інші фактори мають великий вплив на наше здоров\'я. <!-- more --> У людини імунна система є досить невизначеним річ, оскільки незліченну кількість різних небезпечних вірусів і бактерій. З давніх часів чуми та інших інфекційних захворювань вбивства були люди не залишаючи їх будь-який шанс вижити. Всі ці хвороби, ще гірше, ніж війни за кількістю смертей.</p>', '<p><strong>Здоровье является одним</strong> из самых важных вещей в нашей жизни.&nbsp;<em>Мы думаем, что это реальный счастье иметь крепкого здоровья.</em>&nbsp;Наш образ жизни не увеличивает физиологического состояния нашего тела. Алкоголь, сигареты, нездоровое питание, подчеркивает и другие факторы имеют большое влияние на наше здоровье. <!-- more --> Иммунная система человека это весьма неопределенным, потому что существует бесчисленное количество различных опасных вирусов и бактерий. С древнейших времен чумы и других инфекционных заболеваний убийство людей не оставляя им шансов выжить. Все эти заболевания являются даже хуже, чем войны по количеству смертей.</p>', '<p><strong>Gezondheid is een</strong> van de meest belangrijke dingen in ons leven.&nbsp;<em>Wij denken dat het is een echte geluk te hebben een sterke gezondheid.</em>&nbsp;Onze manier van leven verhogen niet de fysiologische toestand van ons lichaam. Alcohol, sigaretten, ongezond voedsel, benadrukt en andere factoren hebben een grote invloed op onze gezondheid. <!-- more --> Het menselijke immuunsysteem is zeer onzeker ding omdat er een ontelbare hoeveelheid verschillende gevaarlijke virussen en bacteri&euml;n. Uit de oudheid hebben pest en andere besmettelijke ziekten zijn doden van mensen zonder hen een kans om te overleven. Alle deze ziekten zijn nog erger dan oorlogen door de hoeveelheid sterfgevallen.</p>', '<p><strong>Zdrowia jest jedną</strong> z najważniejszych rzeczy w naszym życiu.&nbsp;<em>Uważamy, to rzeczywisty szczęście mieć silne zdrowia.</em>&nbsp;Nasz spos&oacute;b życia nie zwiększają fizjologicznymi naszego ciała. Alkohol, papierosy, niezdrowy żywności, podkreśla i inne czynniki mają duży wpływ na nasze zdrowie. <!-- more --> System odpornościowy człowieka jest rzeczą bardzo niepewne, ponieważ istnieją niezliczone ilość r&oacute;żnych niebezpiecznych wirus&oacute;w i bakterii. Od czas&oacute;w starożytnych zaraza i innych chor&oacute;b zakaźnych mają zostały zabijanie ludzi bez pozostawienia im wszelkie szanse przetrwać. Wszystkie te choroby są jeszcze gorsza niż wojny przez ilość zgon&oacute;w.</p>'),
	(1198, 0, 'products', '', '', '', '', ''),
	(22, 1, 'products', 'first-test-product', 'pershij-testuvannya-produkciyi', 'pervij-testirovanie-produkta', 'eerste-test-product', 'first-test-product'),
	(23, 0, 'products', 'test', 'тест', 'тест', 'test', 'test'),
	(341, 0, 'products', '', '', '', '', ''),
	(342, 0, 'products', '', '', '', '', ''),
	(24, 0, 'products', '<p>test text</p>\r\n<p>test text</p>\r\n<p>test text</p>\r\n<p>test text</p>\r\n<p><!-- more --></p>\r\n<p>test text</p>\r\n<p>test text</p>\r\n<p>test text</p>\r\n<p>test text</p>', '<p>перевірити текст</p>\r\n<p>перевірити текст</p>\r\n<p>перевірити текст</p>\r\n<p>перевірити текст</p>\r\n<p><!-- more --></p>\r\n<p>перевірити текст</p>\r\n<p>перевірити текст</p>\r\n<p>перевірити текст</p>\r\n<p>перевірити текст</p>', '<p>тест текст</p>\r\n<p>тест текст</p>\r\n<p>тест текст</p>\r\n<p>тест текст</p>\r\n<p><!-- more --></p>\r\n<p>тест текст</p>\r\n<p>тест текст</p>\r\n<p>тест текст</p>\r\n<p>тест текст</p>', '<p>test tekst</p>\r\n<p>test tekst</p>\r\n<p>test tekst</p>\r\n<p>test tekst</p>\r\n<p><!-- more --></p>\r\n<p>test tekst</p>\r\n<p>test tekst</p>\r\n<p>test tekst</p>\r\n<p>test tekst</p>', '<p>tekst testowy</p>\r\n<p>tekst testowy</p>\r\n<p>tekst testowy</p>\r\n<p>tekst testowy</p>\r\n<p><!-- more --></p>\r\n<p>tekst testowy</p>\r\n<p>tekst testowy</p>\r\n<p>tekst testowy</p>\r\n<p>tekst testowy</p>'),
	(25, 1, 'products', 'test', 'test', 'test', 'test', 'test'),
	(339, 0, 'products', '', '', '', '', ''),
	(340, 0, 'products', '', '', '', '', ''),
	(29, 0, 'products', 'testing', 'тестування', 'тестирование', 'testing', 'testing'),
	(30, 0, 'products', '', '', '', '', ''),
	(31, 1, 'products', 'testing', 'testuvannya', 'testirovanie', 'testing', 'testing'),
	(32, 0, 'products', 'new product', 'новий продукт', 'новий продукт', 'new product', 'new product'),
	(33, 0, 'products', '', '', '', '', ''),
	(34, 1, 'products', 'new-product', 'novij-produkt', 'novij-produkt', 'new-product', 'new-product'),
	(35, 0, 'faq', 'question', 'запитання', 'вопрос', 'question', 'question'),
	(36, 0, 'faq', 'answer', 'відповідь', 'ответ', 'answer', 'answer'),
	(37, 0, 'faq', 'question', 'запитання', 'вопрос', 'question', 'question'),
	(38, 0, 'faq', 'testing', 'testing', 'testing', 'testing', 'testing'),
	(43, 0, 'links', 'Google.com', 'Google.ua', 'Google.ru', 'Google.com', 'Google.com'),
	(44, 0, 'links', 'some test description', 'деякі опис тесту', 'некоторые описание теста', 'some test description', 'some test description'),
	(45, 0, 'news', 'testing', 'тестування', 'тестирование', 'testing', 'testing'),
	(46, 0, 'news', '<p>Aliquam nec nunc sit amet risus eleifend blandit. Vivamus et quam eget metus viverra viverra sed et ante. Nunc eu massa sed sem egestas faucibus. Sed pulvinar lorem id orci euismod quis tristique mi posuere. In ultricies nibh ut eros tincidunt porta. Vivamus aliquet placerat enim nec sodales. In feugiat commodo ligula, non placerat odio accumsan ac. Vestibulum eget nibh neque, vel fermentum nisi.&nbsp;</p>', '<p>Aliquam nec nunc sit amet risus eleifend blandit. Vivamus et quam eget metus viverra viverra sed et ante. Nunc eu massa sed sem egestas faucibus. Sed pulvinar lorem id orci euismod quis tristique mi posuere. In ultricies nibh ut eros tincidunt porta. Vivamus aliquet placerat enim nec sodales. In feugiat commodo ligula, non placerat odio accumsan ac. Vestibulum eget nibh neque, vel fermentum nisi.&nbsp;</p>', '<p>Aliquam nec nunc sit amet risus eleifend blandit. Vivamus et quam eget metus viverra viverra sed et ante. Nunc eu massa sed sem egestas faucibus. Sed pulvinar lorem id orci euismod quis tristique mi posuere. In ultricies nibh ut eros tincidunt porta. Vivamus aliquet placerat enim nec sodales. In feugiat commodo ligula, non placerat odio accumsan ac. Vestibulum eget nibh neque, vel fermentum nisi.&nbsp;</p>', '<p>Aliquam nec nunc sit amet risus eleifend blandit. Vivamus et quam eget metus viverra viverra sed et ante. Nunc eu massa sed sem egestas faucibus. Sed pulvinar lorem id orci euismod quis tristique mi posuere. In ultricies nibh ut eros tincidunt porta. Vivamus aliquet placerat enim nec sodales. In feugiat commodo ligula, non placerat odio accumsan ac. Vestibulum eget nibh neque, vel fermentum nisi.&nbsp;</p>', '<p>Aliquam nec nunc sit amet risus eleifend blandit. Vivamus et quam eget metus viverra viverra sed et ante. Nunc eu massa sed sem egestas faucibus. Sed pulvinar lorem id orci euismod quis tristique mi posuere. In ultricies nibh ut eros tincidunt porta. Vivamus aliquet placerat enim nec sodales. In feugiat commodo ligula, non placerat odio accumsan ac. Vestibulum eget nibh neque, vel fermentum nisi.&nbsp;</p>'),
	(338, 0, 'articles_categories_list', 'Article category 4', 'Карегорія статей 4', 'Категория статей 4', 'Article category 4', 'Article category 4'),
	(47, 0, 'articles', 'testing', 'тестування', 'тестирование', 'testing', 'testing'),
	(48, 0, 'articles', '<p>some <em>test </em>text</p>\r\n<p><!-- more --></p>\r\n<p><strong>here </strong>is text too</p>', '<p>текст <em>перевірки </em></p>\r\n<p><!-- more --></p>\r\n<p><strong>тут </strong>теж є текстом</p>', '<p><em>проверить </em>текст</p>\r\n<p><!-- more --></p>\r\n<p><strong>здесь </strong>тоже текст</p>', '<p>Sommige tekst <em>testen </em></p>\r\n<p><!-- more --></p>\r\n<p><strong>hier </strong>is de tekst ook</p>', '<p>niekt&oacute;re <em>badania </em>tekstu</p>\r\n<p><!-- more --></p>\r\n<p><strong>tutaj </strong>jest tekst zbyt</p>'),
	(49, 0, 'articles', 'Max', 'Макс', 'Макс', 'Max', 'Max'),
	(50, 0, 'auto_responders', 'Successfully registered', 'Успішно зареєстровано', 'Успешно зарегистрирован', 'Succesvol geregistreerd', 'Została pomyślnie zarejestrowana'),
	(51, 0, 'auto_responders', '<p>Dear {name}, <br /> You have successfully registered on the site {site_title} {site_url}. <br /><br /> Your login: {email} <br /> Password: ******* (entered during registration)</p>', '<p>Шановний {name},<br />ви успішно зареєструвались на сайті {site_title} {site_url}.<br />&nbsp;<br />Ваш логін: {email}<br />Ваш пароль: ******* (введений при реєстрації)</p>', '<p>Уважаемый {name},&nbsp;<br />Вы успешно зарегистрировались на сайте {site_title} {site_url}.&nbsp;<br /><br />Ваш логин: {email}&nbsp;<br />Пароль: ******* (введенный при регистрации)</p>', '<p>Beste {name},<br />U hebt met succes geregistreerd op de site {site_title} {site_url}.<br /><br />Uw login: {email}<br />Wachtwoord: *******&nbsp;(ingevoerd tijdens de registratie)</p>', '<p>Szanowny {name},<br />Zostały pomyślnie zarejestrowane w witrynie {site_title} {site_url}.<br /><br />Sw&oacute;j login: {email}<br />Hasło: *******&nbsp;(wprowadzone podczas rejestracji)</p>'),
	(52, 0, 'auto_responders', 'Password reminder', 'Нагадування паролю', 'Напоминание пароля', 'Wachtwoordherinnering', 'Przypomnienie hasła'),
	(53, 0, 'auto_responders', '<p><span>To restore the password on website {site_title} click on:</span></p>\r\n<p>{restore_password_link}</p>', '<p><span>Щоб відновити пароль на веб-сайті {site_title} натисніть на:</span></p>\r\n<p>{restore_password_link}</p>', '<p><span>Для восстановления пароля на веб-сайте {site_title} нажмите на:</span></p>\r\n<p>{restore_password_link}</p>', '<p><span>Klik op het wachtwoord op website {site_title} wilt herstellen:</span></p>\r\n<p>{restore_password_link}</p>', '<p><span>Aby przywr&oacute;cić hasło na stronie internetowej {site_title} kliknij:</span></p>\r\n<p>{restore_password_link}</p>'),
	(54, 0, 'auto_responders', 'Your order accepted', 'Ваше замовлення прийнято', 'Ваш заказ принят', 'Uw bestelling geaccepteerd', 'Zamówienie zaakceptowane'),
	(55, 0, 'auto_responders', '<p>Dear {name},</p>\r\n<p>Your order is accepted.</p>\r\n<p>{order_content}</p>\r\n<p><strong>Amount:</strong> {order_total}.</p>', '<p>Шановний {name},</p>\r\n<p>ваше замовлення прийнято.</p>\r\n<p>{order_content}</p>\r\n<p><strong>Сума</strong>: {order_total}.</p>', '<p>Уважаемый {name},</p>\r\n<p>ваш заказ принят.</p>\r\n<p>{order_content}</p>\r\n<p><strong>Сумма:</strong>&nbsp;{order_total}.</p>', '<p>Beste {name},</p>\r\n<p>Uw bestelling wordt geaccepteerd.</p>\r\n<p>{order_content}</p>\r\n<p><strong>Bedrag:</strong> {order_total}.</p>', '<p>Szanowny {name},</p>\r\n<p>Zam&oacute;wienie jest akceptowany.</p>\r\n<p>{order_content}</p>\r\n<p><strong>Kwota:</strong> {order_total}.</p>'),
	(56, 0, 'auto_responders', 'Notification of order', 'Оповіщення про замовлення', 'Оповещение о заказе', 'Kennisgeving van bestelling', 'Powiadomienie o kolejności'),
	(57, 0, 'auto_responders', '<p>The new order from {name} in the amount of {order_total}.</p>\r\n<p>{order_content}</p>', '<p>Нове замовлення &nbsp;від {name}&nbsp; на суму {order_total}.</p>\r\n<p>{order_content}</p>', '<p>Новый заказ от {name} на сумму {order_total}.</p>\r\n<p>{order_content}</p>', '<p>De nieuwe order van {name} in de hoeveelheid {order_total}.</p>\r\n<p>{order_content}</p>', '<p>Nowe zam&oacute;wienia z {name} w kwocie r&oacute;wnej {order_total}.</p>\r\n<p>{order_content}</p>'),
	(58, 0, 'poll_list', 'What internet browser you use?', 'Який інтернет браузер ви використовуєте?', 'Какой интернет браузер вы используете?', 'What internet browser you use?', 'What internet browser you use?'),
	(59, 0, 'poll_list', 'What OS you use?', 'Яку ОС ви користуєте?', 'Какой ОС вы пользуетесь?', 'What OS you use?', 'What OS you use?'),
	(60, 0, 'poll_answers', 'Internet Explorer', 'Internet Explorer', 'Internet Explorer', 'Internet Explorer', 'Internet Explorer'),
	(61, 0, 'poll_answers', 'Opera', 'Opera', 'Opera', 'Opera', 'Opera'),
	(62, 0, 'poll_answers', 'Chrome', 'Chrome', 'Chrome', 'Chrome', 'Chrome'),
	(63, 0, 'poll_answers', 'FireFox', 'FireFox', 'FireFox', 'FireFox', 'FireFox'),
	(64, 0, 'poll_answers', 'Safari', 'Safari', 'Safari', 'Safari', 'Safari'),
	(66, 0, 'poll_answers', 'Windows', 'Windows', 'Windows', 'Windows', 'Windows'),
	(67, 0, 'poll_answers', 'Linux', 'Linux', 'Linux', 'Linux', 'Linux'),
	(68, 0, 'poll_answers', 'MacOS X', 'MacOS X', 'MacOS X', 'MacOS X', 'MacOS X'),
	(69, 0, 'poll_answers', 'FreeBSD', 'FreeBSD', 'FreeBSD', 'FreeBSD', 'FreeBSD'),
	(70, 0, 'poll_answers', 'Other', 'Other', 'Other', 'Other', 'Other'),
	(82, 0, 'pages', 'home', 'golovna', 'glavnaya', 'home', 'glowna'),
	(83, 0, 'pages', 'Home', 'Головна', 'Главная', 'Home', 'Główna'),
	(84, 0, 'pages', 'Keywords', 'Ключові слова', 'Ключевые слова', 'Keywords', 'Keywords'),
	(85, 0, 'pages', 'description', 'опис', 'описание', 'description', 'description'),
	(86, 0, 'pages', '<div>\r\n<h4>Homepage description</h4>\r\n</div>', '<div>\r\n<h4>Опис з домашньої сторінки</h4>\r\n</div>', '<div>\r\n<h4>Главная Описание</h4>\r\n</div>', '<div>\r\n<h4>Homepage-beschrijving</h4>\r\n</div>', '<div>\r\n<h4>Opis strony gł&oacute;wnej</h4>\r\n</div>'),
	(958, 0, 'pages', 'Warranty', 'Гарантія', 'Гарантия', 'Garantie', 'RĘKOJMIA'),
	(959, 0, 'pages', '', '', '', '', ''),
	(960, 0, 'pages', '', '', '', '', ''),
	(961, 0, 'pages', '<p>Warranty description</p>', '<p>Гарантія Опис</p>', '<p>Описание гарантии</p>', '<p>Beschrijving van de garantie</p>', '<p>Opis gwarancja</p>'),
	(87, 1, 'pages', 'order-placed', 'zamovlennya-dobavleno', 'zakaz-razmeshen', 'bestelling', 'aby-umiescic'),
	(88, 0, 'pages', 'Order placed', 'Замовлення добавлено', 'Заказ размещен', 'Bestelling', 'Aby umieścić'),
	(89, 0, 'pages', '', '', '', '', ''),
	(90, 0, 'pages', '', '', '', '', ''),
	(91, 0, 'pages', '<p>Thank you. Your order successfully placed.</p>', '<p>Дякуємо. Ваше замовлення успішно добавлено.</p>', '<p>Спасибо. Ваш заказ успешно размещен.</p>', '<p>Thank you. Your order successfully placed.</p>', '<p>Thank you. Your order successfully placed.</p>'),
	(92, 1, 'pages', 'news', 'novini', 'novosti', 'nieuws', 'aktualnosci'),
	(93, 0, 'pages', 'News', 'Новини', 'Новости', 'Nieuws', 'Aktualności'),
	(94, 0, 'pages', '', '', '', '', ''),
	(95, 0, 'pages', '', '', '', '', ''),
	(96, 0, 'pages', '', '', '', '', ''),
	(97, 1, 'pages', 'news-1', 'novina', 'novost', 'nieuws-1', 'aktualnosci-1'),
	(98, 0, 'pages', 'News', 'Новина', 'Новость', 'Nieuws', 'Aktualności'),
	(99, 0, 'pages', '', '', '', '', ''),
	(100, 0, 'pages', '', '', '', '', ''),
	(101, 0, 'pages', '', '', '', '', ''),
	(102, 1, 'pages', 'contact-us', 'zvyazatisya-z-nami', 'svyazhites-s-nami', 'neem-contact-op-met-ons', 'skontaktuj-sie-z-nami'),
	(103, 0, 'pages', 'Contact us', 'Зв\'язатися з нами', 'Свяжитесь с нами', 'Neem contact op met ons', 'Skontaktuj się z nami'),
	(104, 0, 'pages', '', '', '', '', ''),
	(105, 0, 'pages', '', '', '', '', ''),
	(106, 0, 'pages', '', '', '', '', ''),
	(107, 1, 'pages', 'tell-a-friend', 'povidomiti-drugu', 'rasskazat-drugu', 'vertel-een-vriend', 'powiedz-przyjacielowi'),
	(108, 0, 'pages', 'Tell a friend', 'Повідомити другу', 'Рассказать другу', 'Vertel een vriend', 'Powiedz przyjacielowi'),
	(109, 0, 'pages', '', '', '', '', ''),
	(110, 0, 'pages', '', '', '', '', ''),
	(111, 0, 'pages', '', '', '', '', ''),
	(112, 0, 'pages', 'links', 'posilannya', 'ssilki', 'koppelingen', 'lacza'),
	(113, 0, 'pages', 'Links', 'Посилання', 'Ссылки', 'Koppelingen', 'Łącza'),
	(114, 0, 'pages', '', '', '', '', ''),
	(115, 0, 'pages', '', '', '', '', ''),
	(116, 0, 'pages', '', '', '', '', ''),
	(117, 1, 'pages', 'registration', 'reyestraciya', 'registraciya', 'registratie', 'rejestracja'),
	(118, 0, 'pages', 'Registration', 'Реєстрація', 'Регистрация', 'Registratie', 'Rejestracja'),
	(119, 0, 'pages', '', '', '', '', ''),
	(120, 0, 'pages', '', '', '', '', ''),
	(121, 0, 'pages', '', '', '', '', ''),
	(122, 1, 'pages', 'authorization', 'avtorizaciya', 'avtorizaciya', 'vergunning', 'autoryzacja'),
	(123, 0, 'pages', 'Authorization', 'Авторизація', 'Авторизация', 'Vergunning', 'Autoryzacja'),
	(124, 0, 'pages', '', '', '', '', ''),
	(125, 0, 'pages', '', '', '', '', ''),
	(126, 0, 'pages', '', '', '', '', ''),
	(127, 1, 'pages', 'forgot-password', 'zabuli-parol', 'zabili-parol', 'wachtwoord-vergeten', 'nie-pamietasz-hasla'),
	(128, 0, 'pages', 'Forgot Password?', 'Забули пароль?', 'Забыли пароль?', 'Wachtwoord vergeten?', 'Nie pamiętasz hasła?'),
	(129, 0, 'pages', '', '', '', '', ''),
	(130, 0, 'pages', '', '', '', '', ''),
	(131, 0, 'pages', '', '', '', '', ''),
	(132, 1, 'pages', 'faq', 'chasti-pitannya', 'chasto-zadavaemie-voprosi', 'faq', 'faq'),
	(133, 0, 'pages', 'F.A.Q.', 'Часті питання', 'Часто задаваемые вопросы', 'F.A.Q.', 'F.A.Q.'),
	(134, 0, 'pages', '', '', '', '', ''),
	(135, 0, 'pages', '', '', '', '', ''),
	(136, 0, 'pages', '', '', '', '', ''),
	(137, 1, 'pages', 'advertisement', 'reklama', 'reklama', 'advertentie', 'reklama'),
	(138, 0, 'pages', 'Advertisement', 'Реклама', 'Реклама', 'Advertentie', 'Reklama'),
	(139, 0, 'pages', '', '', '', '', ''),
	(140, 0, 'pages', '', '', '', '', ''),
	(141, 0, 'pages', '', '', '', '', ''),
	(142, 1, 'pages', 'unsubscribe', 'vidmovitisya-vid-pidpiski', 'otkazatsya-ot-podpiski', 'uitschrijven', 'anuluj-subskrypcje'),
	(143, 0, 'pages', 'Unsubscribe', 'Відмовитися від підписки', 'Отказаться от подписки', 'Uitschrijven', 'Anuluj subskrypcję'),
	(144, 0, 'pages', '', '', '', '', ''),
	(145, 0, 'pages', '', '', '', '', ''),
	(146, 0, 'pages', '', '', '', '', ''),
	(147, 1, 'pages', 'jobs', 'vakansiyi', 'vakansii', 'banen', 'zadania'),
	(148, 0, 'pages', 'Jobs', 'Вакансії', 'Вакансии', 'Banen', 'Zadania'),
	(149, 0, 'pages', '', '', '', '', ''),
	(150, 0, 'pages', '', '', '', '', ''),
	(151, 0, 'pages', '', '', '', '', ''),
	(152, 1, 'pages', 'news-rss', 'novini-rss', 'novosti-rss', 'nieuws-rss', 'rss-wiadomosci'),
	(153, 0, 'pages', 'News RSS', 'Новини RSS', 'Новости RSS', 'Nieuws RSS', 'RSS wiadomości'),
	(154, 0, 'pages', '', '', '', '', ''),
	(155, 0, 'pages', '', '', '', '', ''),
	(156, 0, 'pages', '', '', '', '', ''),
	(157, 1, 'pages', 'articles', 'statti', 'stati', 'artikelen', 'artykuly'),
	(158, 0, 'pages', 'Articles', 'Статті', 'Статьи', 'Artikelen', 'Artykuły'),
	(159, 0, 'pages', '', '', '', '', ''),
	(160, 0, 'pages', '', '', '', '', ''),
	(161, 0, 'pages', '', '', '', '', ''),
	(162, 1, 'pages', 'articles-rss', 'statti-rss', 'stati-rss', 'artikelen-rss', 'artykuly-rss'),
	(163, 0, 'pages', 'Articles RSS', 'Статті RSS', 'Статьи RSS', 'Artikelen RSS', 'Artykuły RSS'),
	(164, 0, 'pages', '', '', '', '', ''),
	(165, 0, 'pages', '', '', '', '', ''),
	(166, 0, 'pages', '', '', '', '', ''),
	(167, 1, 'pages', 'restore-password', 'vidnoviti-parol', 'vosstanovit-parol', 'wachtwoord-herstellen', 'przywracanie-hasla'),
	(168, 0, 'pages', 'Restore Password', 'Відновити пароль', 'Восстановить пароль', 'Wachtwoord herstellen', 'Przywracanie hasła'),
	(169, 0, 'pages', 'Keywords', 'Ключові слова', 'Ключевые слова', 'Keywords', 'Keywords'),
	(170, 0, 'pages', '', '', '', '', ''),
	(171, 0, 'pages', '', '', '', '', ''),
	(177, 0, 'categories_list', 'Emergency. Emergency situation. Help', 'Аварійні. Екстренні ситуації. Довідки', 'Аварийные. Экстренные ситуации. Справки', 'Emergency. Emergency situation. Help', 'Emergency. Emergency situation. Help'),
	(178, 0, 'categories_list', 'Auto, aircraft, rail transportation', 'Авто-, Авіа-, Залізничні Перевезення', 'Авто-, авиа-, железнодорожных Перевозки', 'Auto, aircraft, rail transportation', 'Auto, aircraft, rail transportation'),
	(179, 0, 'categories_list', 'Automotive, c / g technology', 'Автотехніка, с/г техніка', 'Автотехника, с / х техника', 'Automotive, c / g technology', 'Automotive, c / g technology'),
	(180, 0, 'categories_list', 'Construction work, materials, services', 'Будівництво: роботи, матеріали, послуги', 'Строительство: работы, материалы, услуги', 'Construction work, materials, services', 'Construction work, materials, services'),
	(181, 0, 'categories_list', 'Haberdashery. Sewing accessories', 'Галантерея. Швейна фурнітура', 'Галантерея. Швейная фурнитура', 'Haberdashery. Sewing accessories', 'Haberdashery. Sewing accessories'),
	(182, 0, 'categories_list', 'Computers. Office Supplies', 'Комп\'ютери. Офісна техніка', 'Компьютеры. Офисная техника', 'Computers. Office Supplies', 'Computers. Office Supplies'),
	(183, 0, 'categories_list', 'Air transport', 'Авіатранспорт', 'Авиатранспорт', 'Air transport', 'Air transport'),
	(184, 0, 'categories_list', 'Road transport services', 'Автотранспортні перевезення, послуги', 'Автотранспортные перевозки, услуги', 'Road transport services', 'Road transport services'),
	(185, 0, 'categories_list', 'Challenge, taxi', 'Виклик, замовлення таксі', 'Вызов, заказ такси', 'Challenge, taxi', 'Challenge, taxi'),
	(186, 0, 'categories_list', 'Building Materials, Hardware', 'Будівельні матеріали, комплектуючі', 'Строительные материалы, комплектующие', 'Building Materials, Hardware', 'Building Materials, Hardware'),
	(187, 0, 'categories_list', 'Building materials: production', 'Будівельні матеріали: виготовлення', 'Строительные материалы: изготовление', 'Building materials: production', 'Building materials: production'),
	(188, 0, 'categories_list', 'Construction, planning, design', 'Будівництво, проектування, дизайн', 'Проектирование, строительство, дизайн', 'Construction, planning, design', 'Construction, planning, design'),
	(189, 0, 'categories_list', 'Construction equipment machinery', 'Будівництво: обладнання, техніка', 'Строительство: оборудование, техника', 'Construction equipment machinery', 'Construction equipment machinery'),
	(190, 0, 'categories_list', 'Construction works, services', 'Будівництво: роботи, послуги', 'Строительство: работы, услуги', 'Construction works, services', 'Construction works, services'),
	(191, 0, 'categories_list', 'Consumables for office equipment', 'Витратні матеріали для офісної техніки', 'Расходные материалы для офисной техники', 'Consumables for office equipment', 'Consumables for office equipment'),
	(192, 0, 'categories_list', 'Typewriters', 'Друкарські машинки', 'Пишущие машинки', 'Typewriters', 'Typewriters'),
	(193, 0, 'categories_list', 'Cartridge Filling', 'Заправка картриджів', 'Заправка картриджей', 'Cartridge Filling', 'Cartridge Filling'),
	(194, 0, 'categories_list', 'Document shredders', 'Знищувачі документів', 'Уничтожители документов', 'Document shredders', 'Document shredders'),
	(195, 0, 'categories_list', 'Cartridges', 'Картриджі', 'Картриджи', 'Cartridges', 'Cartridges'),
	(196, 0, 'categories_list', 'Computers', 'Комп\'ютери', 'Компьютеры', 'Computers', 'Computers'),
	(197, 0, 'categories_list', 'Computers, office equipment (used)', 'Комп\'ютери, оргтехніка б/к', 'Компьютеры, оргтехника б/у', 'Computers, office equipment (used)', 'Computers, office equipment (used)'),
	(198, 0, 'categories_list', 'Computers. office equipment repair', 'Комп\'ютери. оргтехніка ремонт', 'Компьютеры. оргтехника ремонт', 'Computers. office equipment repair', 'Computers. office equipment repair'),
	(199, 0, 'categories_list', 'Laptops', 'Ноутбуки', 'Ноутбуки', 'Laptops', 'Laptops'),
	(200, 0, 'categories_list', 'Office equipment', 'Оргтехніка', 'Оргтехника', 'Office equipment', 'Office equipment'),
	(201, 0, 'categories_list', 'Computer Programs', 'Програми комп\'ютерні', 'Программы компьютерные', 'Computer Programs', 'Computer Programs'),
	(202, 0, 'categories_list', 'Web Developing', 'Розробка сайтів', 'Разработка сайтов', 'Web Developing', 'Web Developing'),
	(250, 0, 'products_categories_list', 'Category 2', 'Category 2', 'Category 2', 'Category 2', 'Category 2'),
	(558, 0, 'products_categories_list', 'This is description of Category 1-1. This is description of Category 1-1.\r\nThis is description of Category 1-1. This is description of Category 1-1.\r\nThis is description of Category 1-1. This is description of Category 1-1.', 'This is description of Category 1-1. This is description of Category 1-1.\r\nThis is description of Category 1-1. This is description of Category 1-1.\r\nThis is description of Category 1-1. This is description of Category 1-1.', 'This is description of Category 1-1. This is description of Category 1-1.\r\nThis is description of Category 1-1. This is description of Category 1-1.\r\nThis is description of Category 1-1. This is description of Category 1-1.', 'This is description of Category 1-1. This is description of Category 1-1.\r\nThis is description of Category 1-1. This is description of Category 1-1.\r\nThis is description of Category 1-1. This is description of Category 1-1.', 'This is description of Category 1-1. This is description of Category 1-1.\r\nThis is description of Category 1-1. This is description of Category 1-1.\r\nThis is description of Category 1-1. This is description of Category 1-1.'),
	(251, 0, 'products_categories_list', 'Category 1', 'Category 1', 'Category 1', 'Category 1', 'Category 1'),
	(559, 0, 'products_categories_list', 'Category 1-2', 'Category 1-2', 'Category 1-2', 'Category 1-2', 'Category 1-2'),
	(252, 0, 'articles_categories_list', 'Article category 1', 'Карегорія статей 1', 'Категория статей 1', 'Article category 1', 'Article category 1'),
	(253, 0, 'articles_categories_list', 'Article category 2', 'Карегорія статей 2', 'Категория статей 2', 'Article category 2', 'Article category 2'),
	(254, 0, 'articles_categories_list', 'Article category 3', 'Карегорія статей 3', 'Категория статей 3', 'Article category 3', 'Article category 3'),
	(255, 0, 'articles_categories_list', 'Article category 1-1', 'Карегорія статей 1-1', 'Категория статей 1-1', 'Article category 1-1', 'Article category 1-1'),
	(256, 0, 'articles_categories_list', 'Article category 1-2', 'Карегорія статей 1-2', 'Категория статей 1-2', 'Article category 1-2', 'Article category 1-2'),
	(274, 1, 'articles', 'testing', 'testuvannya', 'testirovanie', 'testing', 'testing'),
	(280, 0, 'articles', '<p>The second test of the article content</p>\r\n<p>The second test of the article content</p>\r\n<p>The second test of the article content</p>\r\n<p><!-- more --></p>\r\n<p>The second test of the article content</p>\r\n<p>The second test of the article content</p>', '<p>Друге випробування зміст статті</p>\r\n<p>Друге випробування зміст статті</p>\r\n<p>Друге випробування зміст статті</p>\r\n<p><!-- more --></p>\r\n<p>Друге випробування зміст статті</p>\r\n<p>Друге випробування зміст статті</p>', '<p>Второе испытание содержания статьи</p>\r\n<p>Второе испытание содержания статьи</p>\r\n<p>Второе испытание содержания статьи</p>\r\n<p><!-- more --></p>\r\n<p>Второе испытание содержания статьи</p>\r\n<p>Второе испытание содержания статьи</p>', '<p>De tweede test van de inhoud van het artikel</p>\r\n<p>De tweede test van de inhoud van het artikel</p>\r\n<p>De tweede test van de inhoud van het artikel</p>\r\n<p><!-- more --></p>\r\n<p>De tweede test van de inhoud van het artikel</p>\r\n<p>De tweede test van de inhoud van het artikel</p>', '<p>Drugie badanie zawartość artykułu</p>\r\n<p>Drugie badanie zawartość artykułu</p>\r\n<p>Drugie badanie zawartość artykułu</p>\r\n<p><!-- more --></p>\r\n<p>Drugie badanie zawartość artykułu</p>\r\n<p>Drugie badanie zawartość artykułu</p>'),
	(279, 0, 'articles', 'test article second', 'Другий тест статті', 'Второй тест статье', 'test article second', 'test article second'),
	(281, 0, 'articles', 'Max', 'Макс', 'Макс', 'Max', 'Max'),
	(282, 1, 'articles', 'test-article-second', 'drugij-test-statti', 'vtoroj-test-state', 'test-article-second', 'test-article-second'),
	(283, 1, 'news', 'testing', 'testuvannya', 'testirovanie', 'testing', 'testing'),
	(369, 0, 'products', 'one test', 'один тест', 'один тест', 'een test', 'one test'),
	(370, 0, 'products', '', '', '', '', ''),
	(371, 0, 'products', '', '', '', '', ''),
	(372, 0, 'products', '', '', '', '', ''),
	(373, 1, 'products', 'one-test', 'odin-test', 'odin-test', 'een-test', 'one-test'),
	(374, 0, 'filters_groups', 'General', 'Загальні', 'Общие', 'Algemene', 'Ogólne'),
	(399, 0, 'filters', '10-20 грн.', '10-20 грн.', '10-20 грн.', '10-20 грн.', '10-20 грн.'),
	(319, 0, 'auto_responders', 'New request a call from: {name}', 'Новий запит дзвінка від: {name}', 'Новый запрос звонка от: {name}', 'Nieuwe vraag een call uit: {name}', 'Nowe żądanie wywołania: {name}'),
	(320, 0, 'auto_responders', '<div>\r\n<p>Name:&nbsp;&nbsp;{name}</p>\r\n<p>Phone: {phone}</p>\r\n</div>', '<p>Ім\'я: {name}</p>\r\n<p>Телефон: {phone}</p>', '<p>Имя: {name}</p>\r\n<p>Телефон: {phone}</p>', '<div>\r\n<p>Naam: {name}</p>\r\n<p>Telefoon: {phone}</p>\r\n</div>', '<div>\r\n<p>Nazwa: {name}</p>\r\n<p>Telefon: {phone}</p>\r\n</div>'),
	(321, 0, 'pages', 'testimonials', 'vidguki', 'otzivi', 'getuigenissen', 'referencje'),
	(322, 0, 'pages', 'Testimonials', 'Відгуки', 'Отзывы', 'Getuigenissen', 'Referencje'),
	(323, 0, 'pages', '', '', '', '', ''),
	(324, 0, 'pages', '', '', '', '', ''),
	(325, 0, 'pages', '', '', '', '', ''),
	(330, 0, 'articles', 'test 1, test 2, test 3', 'тест 1, тест 2, Тест 3', 'тест 1, тест 2, тест 3', 'test 1, test 2, test 3', 'test 1, test 2, test 3'),
	(331, 0, 'articles', 'test article description', 'опис тесту статті', 'описание теста статье', 'testartikel beschrijving', 'test article description'),
	(332, 0, 'articles', '', '', '', '', ''),
	(333, 0, 'articles', '', '', '', '', ''),
	(334, 0, 'news', 'test keyword 1, test keyword 2, test keyword 3', 'Ключове слово тест 1, тест ключового слова 2, 3 тест ключового слова', 'Ключевое слово тест 1, тест ключевого слова 2, 3 тест ключевого слова', '-test keyword 1, test trefwoord 2, test trefwoord 3', 'test keyword 1, test keyword 2, test keyword 3'),
	(335, 0, 'news', 'test description', 'опис тесту', 'описание теста', '-test omschrijving', 'test description'),
	(336, 0, 'products', 'test keyword 1, test keyword 2, test keyword 3', 'Ключове слово тест 1, тест ключового слова 2, 3 тест ключового слова', 'Ключевое слово тест 1, тест ключевого слова 2, 3 тест ключевого слова', '-test keyword 1, test trefwoord 2, test trefwoord 3', 'test keyword 1, test keyword 2, test keyword 3'),
	(337, 0, 'products', 'test product description', 'Опис продукту тест', 'Описание теста', 'test productbeschrijving', 'test product description'),
	(343, 0, 'products', '', '', '', '', ''),
	(344, 0, 'products', '', '', '', '', ''),
	(350, 0, 'products_available_attributes', 'Size', 'Розмір', 'Размер', 'Maat', 'Size'),
	(351, 0, 'products_available_attributes', 'Color', 'Колір', 'Цвет', 'Kleur', 'Color'),
	(352, 0, 'products_available_attributes_values', 'Blue', 'Синій', 'Синий', 'Blauw', 'Blue'),
	(353, 0, 'products_available_attributes_values', 'Brown', 'Коричневий', 'Коричневый', 'Bruin', 'Brown'),
	(354, 0, 'products_available_attributes_values', 'Red', 'Червоний', 'Красный', 'Rood', 'Red'),
	(355, 0, 'products_available_attributes_values', 'Green', 'Зелений', 'Зеленый', 'Groen', 'Green'),
	(356, 0, 'products_available_attributes_values', 'Yellow', 'Жовтий', 'Желтый', 'Geel', 'Yellow'),
	(357, 0, 'products_available_attributes_values', 'Black', 'Чорний', 'Черный', 'Zwart', 'Black'),
	(358, 0, 'products_available_attributes_values', 'White', 'Білий', 'Белый', 'Wit', 'White'),
	(359, 0, 'products_available_attributes_values', 'Orange', 'Апельсин', 'Оранжевый', 'Oranje', 'Orange'),
	(360, 0, 'products_available_attributes_values', 'Pink', 'Рожевий', 'Розовый', 'Roze', 'Pink'),
	(361, 0, 'products_available_attributes_values', '1', '1', '1', '1', '1'),
	(362, 0, 'products_available_attributes_values', '2', '2', '2', '2', '2'),
	(363, 0, 'products_available_attributes_values', '3', '3', '3', '3', '3'),
	(375, 0, 'filters', 'Featured products', 'Рекомендовані продукти', 'Рекомендуемые товары', 'Aanbevolen producten', 'Polecamy'),
	(376, 0, 'filters_groups', 'Users\' groups', 'Групи користувачів', 'Группы пользователей', 'Groepen gebruikers', 'Grupy użytkowników'),
	(398, 0, 'filters_groups', 'Prices', 'Ціни', 'Цены', 'Prijzen', 'Ceny'),
	(377, 0, 'filters', 'Groups of admins', 'Групи адміністраторів', 'Группы администраторов', 'Groepen van admins', 'Grupy Administratorzy'),
	(378, 0, 'filters_groups', 'Filters of customers', 'Фільтри клієнтів', 'Фильтры клиентов', 'Filters van klanten', 'Filtry klientów'),
	(379, 0, 'filters', 'Groups of customers', 'Групи клієнтів', 'Группы клиентов', 'Groepen van klanten', 'Grupy odbiorców'),
	(400, 0, 'filters', '20-50 грн.', '20-50 грн.', '20-50 грн.', '20-50 грн.', '20-50 грн.'),
	(401, 0, 'filters', '50-100 грн.', '50-100 грн.', '50-100 грн.', '50-100 грн.', '50-100 грн.'),
	(397, 0, 'filters', 'In stock', 'На складі', 'В наличии', 'In voorraad', 'W magazynie'),
	(402, 0, 'filters', '100-200 грн.', '100-200 грн.', '100-200 грн.', '100-200 грн.', '100-200 грн.'),
	(403, 0, 'filters', '200-500 грн.', '200-500 грн.', '200-500 грн.', '200-500 грн.', '200-500 грн.'),
	(404, 0, 'filters', '500-1000 грн.', '500-1000 грн.', '500-1000 грн.', '500-1000 грн.', '500-1000 грн.'),
	(405, 0, 'filters', '> 1000 грн.', '> 1000 грн.', '> 1000 грн.', '> 1000 грн.', '> 1000 грн.'),
	(406, 0, 'filters', 'Special offers', 'Спеціальні пропозиції', 'Специальные предложения', 'Speciale aanbiedingen', 'Oferty specjalne'),
	(407, 0, 'filters', 'With image', 'З зображення', 'С изображением', 'Met afbeelding', 'Z obrazem'),
	(408, 0, 'filters', 'With youtube video', 'З youtube відео', 'С youtube видео', 'Met youtube video', 'Z youtube video'),
	(411, 0, 'filters_groups', 'testing', 'testing', 'testing', 'testing', 'testing'),
	(412, 0, 'filters_groups', 'testing', 'testing', 'testing', 'testing', 'testing'),
	(415, 0, 'products_categories_list', 'Category 3', 'Category 3', 'Category 3', 'Category 3', 'Category 3'),
	(557, 0, 'products_categories_list', 'Category 1-1', 'Category 1-1', 'Category 1-1', 'Category 1-1', 'Category 1-1'),
	(416, 0, 'products_categories_list', 'Test description', 'Опис випробувань', 'Описание теста', 'Beschrijving van de test', 'Test description'),
	(417, 0, 'products_categories_list', 'This is description of Category 1. This is description of Category 1. \r\nThis is description of Category 1. This is description of Category 1. \r\nThis is description of Category 1. This is description of Category 1.', 'This is description of Category 1. This is description of Category 1. \r\nThis is description of Category 1. This is description of Category 1. \r\nThis is description of Category 1. This is description of Category 1.', 'This is description of Category 1. This is description of Category 1. \r\nThis is description of Category 1. This is description of Category 1. \r\nThis is description of Category 1. This is description of Category 1.', 'This is description of Category 1. This is description of Category 1. \r\nThis is description of Category 1. This is description of Category 1. \r\nThis is description of Category 1. This is description of Category 1.', 'This is description of Category 1. This is description of Category 1. \r\nThis is description of Category 1. This is description of Category 1. \r\nThis is description of Category 1. This is description of Category 1.'),
	(418, 0, 'products_categories_list', '', '', '', '', ''),
	(420, 0, 'articles_categories_list', 'Article category 1-1-1', 'Article category 1-1-1', 'Article category 1-1-1', 'Article category 1-1-1', 'Article category 1-1-1'),
	(421, 0, 'articles_categories_list', 'Article category 1-1-2', 'Article category 1-1-2', 'Article category 1-1-2', 'Article category 1-1-2', 'Article category 1-1-2'),
	(422, 0, 'filters_groups', 'General', 'Загальні', 'Общие', 'Algemene', 'Ogólne'),
	(423, 0, 'filters', 'Amount of pending', 'Кількість в очікуванні', 'Количество ожидающих', 'Hoeveelheid in behandeling', 'Kwoty oczekujące'),
	(424, 0, 'filters_groups', 'General', 'Загальні', 'Общие', 'Algemene', 'Ogólne'),
	(425, 0, 'filters', 'Amount of active', 'Кількість активних', 'Количество активных', 'Hoeveelheid actieve', 'Liczba aktywnych'),
	(426, 0, 'filters_groups', 'General', 'Загальні', 'Общие', 'Algemene', 'Ogólne'),
	(427, 0, 'filters', 'Amount of active', 'Кількість активних', 'Количество активных', 'Hoeveelheid actieve', 'Liczba aktywnych'),
	(428, 0, 'filters_groups', 'Type', 'Тип', 'Тип', 'Type', 'Typ'),
	(429, 0, 'filters', 'For articles', 'Для статей', 'Для статей', 'Voor artikelen', 'Dla artykuły'),
	(430, 0, 'filters', 'For news', 'Для новин', 'Для новостей', 'Voor nieuws', 'Dla wiadomości'),
	(431, 0, 'filters', 'For products', 'Для продуктів', 'Для продукции', 'Voor producten', 'Dla produktów'),
	(437, 0, 'forms', 'Contact Form', 'Контактна форма', 'Контактная форма', 'Contact formulier', 'Contact Form'),
	(438, 0, 'form_containers', 'Root', 'Корінь', 'Корень', 'Root', 'Root'),
	(439, 0, 'form_containers', 'Name', 'Ім’я', 'Имя', 'Naam', 'Name'),
	(440, 0, 'form_inputs', 'First name', 'Ім\'я', 'Имя', 'Voornaam', 'First name'),
	(441, 0, 'form_inputs', 'First name', 'Ім\'я', 'Имя', 'Voornaam', 'First name'),
	(442, 0, 'form_inputs', 'Surname', 'Прізвище', 'Фамилия', 'Achternaam', 'Surname'),
	(443, 0, 'form_inputs', 'E-mail', 'E-mail', 'E-mail', 'E-mail', 'E-mail'),
	(444, 0, 'form_inputs', 'Message', 'Повідомлення', 'Сообщение', 'Bericht', 'Message'),
	(445, 0, 'form_containers', 'Other', 'Інші', 'Другие', 'Andere', 'Other'),
	(446, 0, 'articles_categories_list', 'Article category 2-1', 'Article category 2-1', 'Article category 2-1', 'Article category 2-1', 'Article category 2-1'),
	(447, 0, 'articles_categories_list', 'Article category 2-2', 'Article category 2-2', 'Article category 2-2', 'Article category 2-2', 'Article category 2-2'),
	(448, 0, 'articles_categories_list', 'Article category 2-1-1', 'Article category 2-1-1', 'Article category 2-1-1', 'Article category 2-1-1', 'Article category 2-1-1'),
	(494, 0, 'form_answersets', 'Yes / No', 'Так / Ні', 'Да / Нет', 'Ja / Nee', 'Yes / No'),
	(495, 0, 'form_answersets', 'Estimate', 'Оцінка', 'Оценка', 'Schatting', 'Estimate'),
	(496, 0, 'form_answersets_values', 'Yes', 'Так', 'Да', 'Ja', 'Yes'),
	(498, 0, 'form_answersets_values', 'No', 'Ні', 'Нет', 'No', 'No'),
	(499, 0, 'form_answersets_values', '1', '1', '1', '1', '1'),
	(500, 0, 'form_answersets_values', '2', '2', '2', '2', '2'),
	(501, 0, 'form_answersets_values', '3', '3', '3', '3', '3'),
	(502, 0, 'form_answersets_values', '4', '4', '4', '4', '4'),
	(503, 0, 'form_answersets_values', '5', '5', '5', '5', '5'),
	(504, 0, 'forms', 'Customer Satisfaction Survey', 'Обстеження задоволеності клієнтів', 'Опрос удовлетворенности клиентов', 'Klanttevredenheidsonderzoek', 'Customer Satisfaction Survey'),
	(509, 0, 'form_inputs', 'Overall, how satisfied were you with the product / service?', 'В цілому, як задоволені ви були з продукту / послуги?', 'В целом, как вы довольны с продукт / услугу?', 'Over het algemeen, hoe tevreden bent u met het product / service?', 'Overall, how satisfied were you with the product / service?'),
	(508, 0, 'form_containers', 'Root', 'Корінь', 'Корень', 'Root', 'Root'),
	(510, 0, 'form_inputs', 'Would you recommend our product / service to colleagues or contacts within your industry?', 'Ви б рекомендувати наш продукт / служба колегам або контактів у вашій галузі?', 'Бы вы порекомендовать наш продукт / услугу коллегам или контактов в вашей отрасли?', 'Zou u aanbevelen ons product / service naar collega\'s of contactpersonen binnen uw branche?', 'Would you recommend our product / service to colleagues or contacts within your industry?'),
	(511, 0, 'form_inputs', 'Would you use our product / service in the future?', 'Б ви використовувати наш продукт / служба в майбутньому?', 'Бы вы использовать наш продукт / услугу в будущем?', 'Zou u gebruik maken van onze product / service in de toekomst?', 'Would you use our product / service in the future?'),
	(512, 0, 'form_answersets', 'Satisfaction level', 'Рівнем задоволеності', 'Уровень удовлетворенности', 'Tevredenheid niveau', 'Satisfaction level'),
	(513, 0, 'form_answersets_values', 'Very Satisfied', 'Дуже задоволений', 'Очень довольны', 'Zeer tevreden', 'Very Satisfied'),
	(514, 0, 'form_answersets_values', 'Satisfied', 'Задоволені', 'Удовлетворены', 'Tevreden', 'Satisfied'),
	(515, 0, 'form_answersets_values', 'Neutral', 'Нейтральні', 'Нейтральный', 'Neutraal', 'Neutral'),
	(516, 0, 'form_answersets_values', 'Unsatisfied', 'Незадоволених', 'Неудовлетворенный', 'Ontevreden', 'Unsatisfied'),
	(517, 0, 'form_answersets_values', 'Very Unsatisfied', 'Дуже незадоволений', 'Очень недовольны', 'Zeer ontevreden', 'Very Unsatisfied'),
	(518, 0, 'form_answersets_values', 'N/A', 'N/A', 'N/A', 'N/A', 'N/A'),
	(519, 0, 'form_answersets', 'Will you do something?', 'Ви будете робити щось?', 'Вы будете делать что-то?', 'Doet u iets?', 'Will you do something?'),
	(520, 0, 'form_answersets_values', 'Definitely', 'Безумовно', 'Определенно', 'Zeker', 'Definitely'),
	(521, 0, 'form_answersets_values', 'Probably', 'Напевно', 'Вероятно', 'Waarschijnlijk', 'Probably'),
	(522, 0, 'form_answersets_values', 'Not sure', 'Не певний', 'Не уверен', 'Ik weet het niet', 'Not sure'),
	(523, 0, 'form_answersets_values', 'Probably not', 'Ймовірно, ні', 'Вероятно, нет', 'Waarschijnlijk niet', 'Probably not'),
	(524, 0, 'form_answersets_values', 'Definitely not', 'Не визначено', 'Определенно нет', 'Zeker niet', 'Definitely not'),
	(548, 0, 'form_inputs', 'Submit', 'Відправити', 'Отправить', 'Opslaan', 'Submit'),
	(549, 0, 'form_inputs', 'Submit', 'Відправити', 'Отправить', 'Opslaan', 'Submit'),
	(552, 0, 'forms', 'Avatar Form', 'Аватар форма', 'Форма аватар', 'Avatar formulier', 'Avatar Form'),
	(553, 0, 'form_inputs', 'Name', 'Ім’я', 'Имя', 'Naam', 'Name'),
	(554, 0, 'form_inputs', 'Avatar', 'Аватар', 'Аватар', 'Avatar', 'Avatar'),
	(555, 0, 'form_inputs', 'Submit', 'Submit', 'Submit', 'Submit', 'Submit'),
	(556, 0, 'form_inputs', 'Need avatar?', 'Потрібен аватар?', 'Нужен аватар?', 'Avatar nodig?', 'Need avatar?'),
	(560, 0, 'products_categories_list', '', '', '', '', ''),
	(561, 0, 'products_categories_list', 'Category 2-1', 'Category 2-1', 'Category 2-1', 'Category 2-1', 'Category 2-1'),
	(562, 0, 'products_categories_list', '', '', '', '', ''),
	(563, 0, 'products_categories_list', 'Category 2-2', 'Category 2-2', 'Category 2-2', 'Category 2-2', 'Category 2-2'),
	(564, 0, 'products_categories_list', '', '', '', '', ''),
	(565, 0, 'form_inputs', 'Captcha', 'Captcha', 'Captcha', 'Captcha', 'Captcha'),
	(566, 0, 'products_categories_list', 'Category 3-1', 'Category 3-1', 'Category 3-1', 'Category 3-1', 'Category 3-1'),
	(567, 0, 'products_categories_list', '', '', '', '', ''),
	(568, 0, 'forms', 'Videos', 'Відео', 'Видео', 'Video \'s', 'Filmy wideo'),
	(948, 0, 'form_inputs', 'Type of embeded video', 'Тип вбудованого відео', 'Тип встриного видео', 'Aard van de embed video', 'Rodzaj filmu embed'),
	(571, 0, 'form_inputs', 'Embed Code', 'Embed Code', 'Embed Code', 'Embed Code', 'Embed Code'),
	(572, 0, 'form_inputs', 'Title', 'Назва', 'Название', 'Titel', 'Tytuł'),
	(573, 0, 'form_inputs', 'Description', 'Опис', 'Описание', 'Beschrijving', 'Opis'),
	(574, 0, 'forms', 'Test Multilang', 'Test Multilang', 'Test Multilang', 'Test Multilang', 'Test Multilang'),
	(575, 0, 'form_inputs', 'Title', 'Назва', 'Название', 'Titel', 'Title'),
	(577, 0, 'form_inputs', 'Save', 'Save', 'Save', 'Save', 'Save'),
	(578, 0, 'test-multilang', '1', '2', '3', '4', '1'),
	(579, 0, 'form_inputs', 'test checkboxes', 'test checkboxes', 'test checkboxes', 'test checkboxes', 'test checkboxes'),
	(580, 0, 'test-multilang', 'Testing', 'Тестування', 'Тестирование', 'Testen', 'Testing'),
	(581, 0, 'form_inputs', 'Save', 'Зберегти', 'Сохранить', 'Opslaan', 'Zapisz'),
	(584, 0, 'videos', 'Review Of PocketBook Touch', 'Огляд PocketBook Touch', 'Обзор карманного касания', 'Overzicht van PocketBook Touch', 'Review Of PocketBook Touch'),
	(585, 0, 'videos', 'Video 6-inch e-ink reader, supports all PocketBook Touch existing formats, with a built-in dictionary and an MP3 player.', 'Відео 6-дюймовий e-ink читач, підтримує всі PocketBook Touch Наявні формати, з вбудованого словника і MP3-плеєр.', 'Видеообзор 6-дюймового e-ink ридера PocketBook Touch, поддерживающего все существующие форматы, с встроенным словарём и MP3-плеером.', 'Video 6-inch e-ink lezer, ondersteunt alle PocketBook Touch bestaande formaten, met een ingebouwd woordenboek en een MP3-speler.', 'Video 6-inch e-ink reader, supports all PocketBook Touch existing formats, with a built-in dictionary and an MP3 player.'),
	(586, 0, 'form_inputs', 'Do you want fill form?', 'Ви хочете, щоб заповнити форму?', 'Необходимо заполнить форму?', 'Wilt u formulier invullen?', 'Do you want fill form?'),
	(587, 0, 'form_inputs', 'Thing 1 satisfaction', 'Thing 1 satisfaction', 'Thing 1 satisfaction', 'Thing 1 satisfaction', 'Thing 1 satisfaction'),
	(590, 0, 'form_inputs', 'Thing 2 satisfaction', 'Thing 2 satisfaction', 'Thing 2 satisfaction', 'Thing 2 satisfaction', 'Thing 2 satisfaction'),
	(588, 0, 'form_inputs', 'Description', 'Опис', 'Описание', 'Beschrijving', 'Description'),
	(589, 0, 'form_inputs', 'Password', 'Пароль', 'Пароль', 'Wachtwoord', 'Password'),
	(591, 0, 'form_containers', 'Root', 'Root', 'Root', 'Root', 'Root'),
	(592, 0, 'form_containers', 'Fields', 'Fields', 'Fields', 'Fields', 'Fields'),
	(593, 0, 'form_containers', 'Radio Table', 'Radio Table', 'Radio Table', 'Radio Table', 'Radio Table'),
	(594, 0, 'form_containers', 'Save', 'Зберегти', 'Сохранить', 'Opslaan', 'Oszczędzać'),
	(595, 0, 'form_containers', 'Skip Rule', 'Skip Rule', 'Skip Rule', 'Skip Rule', 'Skip Rule'),
	(597, 0, '', '', '', '', '', ''),
	(598, 0, 'form_inputs', 'test select', 'test select', 'test select', 'test select', 'test select'),
	(601, 0, 'forms', 'Tasks', 'Завдання', 'Задачи', 'Taken', 'Tasks'),
	(602, 0, 'form_inputs', 'Title', 'Назва', 'Название', 'Titel', 'Title'),
	(603, 0, 'form_inputs', 'Priority', 'Пріоритет', 'Приоритет', 'Prioriteit', 'Priority'),
	(604, 0, 'form_inputs', 'Time estimate', 'Оцінка часу', 'Оценка времени', 'Geschatte tijd', 'Time estimate'),
	(605, 0, 'form_inputs', 'Description', 'Опис', 'Описание', 'Beschrijving', 'Description'),
	(606, 0, 'form_inputs', 'Attachment', 'Вкладення', 'Вложение', 'Bijlage', 'Attachment'),
	(607, 0, 'form_inputs', 'Deadline', 'Кінцевий термін', 'Предельный срок', 'Termijn', 'Deadline'),
	(608, 0, 'form_inputs', 'Progress', 'Прогрес', 'Прогресс', 'Vooruitgang', 'Progress'),
	(609, 0, 'form_answersets', 'Priority', 'Пріоритет', 'Приоритет', 'Prioriteit', 'Priority'),
	(610, 0, 'form_answersets_values', 'Low', 'Низький', 'Низкий', 'Lage', 'Low'),
	(612, 0, 'form_answersets_values', 'Normal', 'Звичайний', 'Нормальный', 'Normaal', 'Normal'),
	(613, 0, 'form_answersets_values', 'High', 'Високий', 'Высокая', 'Hoge', 'High'),
	(614, 0, 'form_answersets', 'Progress', 'Прогрес', 'Прогресс', 'Vooruitgang', 'Progress'),
	(615, 0, 'form_answersets_values', '5', '5', '5', '5', '5'),
	(616, 0, 'form_answersets_values', '10', '10', '10', '10', '10'),
	(617, 0, 'form_answersets_values', '15', '15', '15', '15', '15'),
	(618, 0, 'form_answersets_values', '20', '20', '20', '20', '20'),
	(619, 0, 'form_answersets_values', '25', '25', '25', '25', '25'),
	(620, 0, 'form_answersets_values', '30', '30', '30', '30', '30'),
	(621, 0, 'form_answersets_values', '35', '35', '35', '35', '35'),
	(622, 0, 'form_answersets_values', '40', '40', '40', '40', '40'),
	(623, 0, 'form_answersets_values', '45', '45', '45', '45', '45'),
	(624, 0, 'form_answersets_values', '50', '50', '50', '50', '50'),
	(625, 0, 'form_answersets_values', '55', '55', '55', '55', '55'),
	(626, 0, 'form_answersets_values', '60', '60', '60', '60', '60'),
	(627, 0, 'form_answersets_values', '65', '65', '65', '65', '65'),
	(628, 0, 'form_answersets_values', '70', '70', '70', '70', '70'),
	(629, 0, 'form_answersets_values', '75', '75', '75', '75', '75'),
	(630, 0, 'form_answersets_values', '80', '80', '80', '80', '80'),
	(631, 0, 'form_answersets_values', '85', '85', '85', '85', '85'),
	(632, 0, 'form_answersets_values', '90', '90', '90', '90', '90'),
	(633, 0, 'form_answersets_values', '95', '95', '95', '95', '95'),
	(634, 0, 'form_answersets_values', '100', '100', '100', '100', '100'),
	(635, 0, 'form_answersets_values', '0', '0', '0', '0', '0'),
	(636, 0, 'form_inputs', 'Save', 'Зберегти', 'Сохранить', 'Opslaan', 'Save'),
	(639, 0, 'products_categories_list', 'alt for category image 1', 'alt for category image 1', 'alt for category image 1', 'alt for category image 1', 'alt for category image 1'),
	(640, 0, 'products_categories_list', 'alt for category image 2', 'alt for category image 2', 'alt for category image 2', 'alt for category image 2', 'alt for category image 2'),
	(641, 0, 'products_categories_list', '', '', '', '', ''),
	(642, 0, 'products', 'alt for product 1', 'alt for product 1', 'alt for product 1', 'alt for product 1', 'alt for product 1'),
	(643, 0, 'products', '', '', '', '', ''),
	(644, 0, 'products', '', '', '', '', ''),
	(645, 0, 'products', '', '', '', '', ''),
	(646, 0, 'products', '', '', '', '', ''),
	(647, 0, 'products_categories_list', '', '', '', '', ''),
	(648, 0, 'videos', 'Video about bezfosfatnì washing powders "clean and safe"', 'Відео про безфосфатні пральні порошки "Чисто і безпечно"', 'Видео о bezfosfatnì, стиральные порошки «чистой и безопасной»', 'Video over bezfosfatnì poeders wassen "schone en veilige"', 'Video about bezfosfatnì washing powders "clean and safe"'),
	(649, 0, 'videos', '', '', '', '', ''),
	(650, 0, 'pages', 'Videos', 'Відео', 'Видео', 'Video \'s', 'Filmy wideo'),
	(651, 0, 'pages', '', '', '', '', ''),
	(652, 0, 'pages', '', '', '', '', ''),
	(653, 0, 'pages', '', '', '', '', ''),
	(654, 1, 'pages', 'videos', 'video', 'video', 'video-s', 'filmy-wideo'),
	(655, 0, 'form_inputs', 'Instructions', 'Інструкції', 'Инструкции', 'Instructies', 'Instrukcje'),
	(656, 0, 'form_inputs', '<p>Add task by filling next fields:</p>', '<p>Щоб додати завдання, заповніть наступні поля:</p>', '<p>Добавьте задачу, заполнив следующие поля:</p>', '<p>Taak toevoegen door de volgende velden invullen:</p>', '<p>Dodać zadanie, wypełniając pola next:</p>'),
	(662, 0, 'forms', 'Accommodation', 'Розміщення', 'Проживание', 'Accommodatie', 'Zakwaterowanie'),
	(663, 0, 'form_containers', 'Main information', 'Основна інформація', 'Основная информация', 'Belangrijkste informatie', 'Główne informacje'),
	(759, 0, 'forms', 'Shipping', 'Доставка', 'Доставка', 'Scheepvaart', 'Żeglugi morskiej'),
	(665, 0, 'form_inputs', 'Hotel name', 'Назва готелю', 'Название отеля', 'Hotelnaam', 'Nazwa hotelu'),
	(666, 0, 'form_inputs', 'Price', 'Ціна', 'Цена', 'Prijs', 'Cena'),
	(667, 0, 'form_inputs', 'for 1 day per person', 'на 1 день з однією людиною', 'за 1 сутки с одного человека', 'voor 1 dag met één persoon', 'na dzień 1 z jedną osobą'),
	(668, 0, 'form_inputs', '<p>(for 1 day per person)</p>', '<p>(за 1 день на людину)</p>', '<p>(за 1 сутки с одного человека)</p>', '<p>(voor 1 dag per persoon)</p>', '<p>(do 1 dzień na osobę)</p>'),
	(669, 0, 'form_inputs', 'Room size (square meters)', 'Площа номера (квадратних метрів)', 'Площадь номера (м2)', 'Grootte van de kamer (vierkante meter)', 'Rozmiar pomieszczenia (m2)'),
	(670, 0, 'form_inputs', 'Distance to the ski lifts on the Bukovel (km)', 'Відстань до лижних підйомників на у Буковель (км.)', 'Расстояние до подъемника на Буковеле (км.)', 'Afstand naar de skiliften op de Boekovel (km)', 'Odległość do wyciągów narciarskich na Bukovel (km)'),
	(671, 0, 'form_inputs', 'Time to walk to the nearest lift (min)', 'Час ходити до найближчого підйомника (хв)', 'Время пешком до ближайшего подъемника (мин)', 'Tijd om te lopen naar de dichtstbijzijnde lift (min)', 'Czas na spacer do najbliższego dźwigu (min)'),
	(672, 0, 'form_inputs', 'Time in transport to the nearest ski lift (min)', 'Час у транспорт до найближчого підйомника (хв)', 'Время на транспорте до ближайшего подъемника (мин)', 'Tijd in vervoer naar de dichtstbijzijnde skilift (min)', 'Czas transportu do najbliższego wyciąg (min)'),
	(673, 0, 'form_answersets', 'Location of the hotel', 'Розміщення готелю', 'Расположение отеля', 'Locatie van het hotel', 'Lokalizacja hotelu'),
	(674, 0, 'form_answersets_values', 'On the territory of resort Bukovel (1 km)', 'На території курорт Буковель (1 км)', 'На территории курорта Буковель (1км)', 'Op het grondgebied van resort Boekovel (1 km)', 'Na terytorium Ośrodek Bukovel (1 km)'),
	(675, 0, 'form_answersets_values', 'Polyanytsya village (1-10 km)', 'с. Поляниця (1-10 км)', 'с. Поляниця (1-10 км)', 'Polyanytsya dorp (1-10 km)', 'Polyanytsya wieś (1-10 km)'),
	(676, 0, 'form_answersets_values', 'Yablunitsa village (9-12 km)', 'c. Яблуниця (9-12 км)', 'c. Яблуниця (9-12 км )', 'Yablunitsa dorp (9-12 km)', 'Yablunitsa wieś (9-12 km)'),
	(677, 0, 'form_answersets_values', 'Yaremche village (30 km)', 'смт. Яремче (30 км)', 'смт. Яремче (30 км)', 'Yaremche dorp (30 km)', 'Yaremcze wieś (30 km)'),
	(678, 0, 'form_answersets_values', 'Mykulychyn village (25 km)', 'c. Микуличин (25 км)', 'c. Микуличин (25 км)', 'Mykulychyn dorp (25 km)', 'Mykulychyn wieś (25 km)'),
	(679, 0, 'form_answersets_values', 'Tatarov village (15 km)', 'с. Татаров (15 км)', 'с. Татаров (15 км)', 'Tatarov dorp (15 km)', 'Wieś Tatarov (15 km)'),
	(680, 0, 'form_answersets_values', 'Vorokhta village (25 km)', 'с. Ворохта (25 км)', 'с. Ворохта (25 км)', 'Vorokhta dorp (25 km)', 'Worochta wieś (25 km)'),
	(681, 0, 'form_inputs', 'Location of the hotel (distance to ski lift on Bukovel)', 'Розташування готелю (відстань до підйомника на Буковелі)', 'Расположение отеля (расстояние к подемнику на Буковеле)', 'Locatie van het hotel (afstand skilift op Boekovel)', 'Położenie (odległość wyciąg na Bukovel)'),
	(682, 0, 'form_answersets', 'In room', 'В кімнаті', 'В номере', 'In de kamer', 'W pokoju'),
	(683, 0, 'form_answersets_values', 'Hair Dryer', 'Фен', 'Фен', 'Haar droger', 'Suszarka do włosów'),
	(684, 0, 'form_answersets_values', 'TV set', 'Телевізор', 'Телевизор', 'TV-toestel', 'Telewizora'),
	(685, 0, 'form_answersets_values', 'Refrigerator', 'Холодильник', 'Холодильник', 'Koelkast', 'Lodówka'),
	(686, 0, 'form_answersets_values', 'Kettle', 'Чайник', 'Чайник', 'Waterkoker', 'Czajnik Elektryczny'),
	(687, 0, 'form_answersets_values', 'Internet/Wi-Fi', 'Інтернет/Wi-Fi', 'Интернет/Wi-Fi', 'Internet/Wi-Fi', 'Internet/Wi-Fi'),
	(688, 0, 'form_answersets_values', 'TV satellite', 'Супутникове ТБ', 'ТВ спутниковое', 'Satelliet-TV', 'Telewizję satelitarną'),
	(689, 0, 'form_answersets_values', 'Wardrobe', 'Гардероб', 'Шкаф для одежды', 'Garderobe', 'Szafa'),
	(690, 0, 'form_answersets_values', 'Safety Deposit Box', 'Сейф', 'Сейф', 'Kluisje', 'Sejf'),
	(691, 0, 'form_answersets_values', 'Phone internal', 'Телефон внутрішній', 'Телефон внутренний', 'Interne telefoon', 'Telefon wewnętrzny'),
	(692, 0, 'form_answersets_values', 'Air Conditioner', 'Кондиціонер', 'Кондиционер', 'Air Conditioner', 'Klimatyzator'),
	(760, 0, 'form_inputs', 'Title', 'Назва', 'Название', 'Titel', 'Tytuł'),
	(761, 0, 'form_inputs', 'Cost', 'Вартість', 'Стоимость', 'Kosten', 'Koszt'),
	(762, 0, 'form_inputs', 'Save', 'Зберегти', 'Сохранить', 'Opslaan', 'Zapisz'),
	(694, 0, 'form_inputs', 'In room', 'В номері', 'В номере', 'In de kamer', 'W pokoju'),
	(695, 0, 'form_answersets', 'On the territory', 'На території', 'На територии', 'Op het grondgebied', 'Na terytorium'),
	(696, 0, 'form_answersets_values', 'Restaurant', 'Ресторан', 'Ресторан', 'Restaurant', 'Restauracja'),
	(697, 0, 'form_answersets_values', 'Parking', 'Парковка', 'Парковка', 'Parkeren', 'Parkowanie'),
	(698, 0, 'form_answersets_values', 'Sauna', 'Сауна', 'Сауна', 'Sauna', 'Sauna'),
	(699, 0, 'form_answersets_values', 'Pool', 'Басейн', 'Бассейн', 'Zwembad', 'Pula'),
	(700, 0, 'form_answersets_values', 'Spa Salon', 'SPA-салон', 'Спа салон', 'Spa Salon', 'Salon s.p.a.'),
	(701, 0, 'form_answersets_values', 'Bidet', 'Біде', 'Биде', 'Bidet', 'Bidet'),
	(702, 0, 'form_answersets_values', 'Billiards', 'Більярд', 'Бильярд', 'Biljart', 'Bilard'),
	(703, 0, 'form_answersets_values', 'Altanka s barbecue', 'Альтанка з мангалом', 'Альтанка з мангалом', 'Altanka s barbecue', 'Altanka s grill'),
	(704, 0, 'form_answersets_values', 'Dryer for ski equipment', 'Сушка для гірськолижного спорядження', 'Сушка для лыжного снаряжения', 'Droger voor ski-uitrusting', 'Suszarka do wypożyczalni sprzętu'),
	(705, 0, 'form_answersets_values', 'The playground or recreation for children', 'Майданчик або площадка відпочинку для дітей', 'Детская площадка или место отдыха детей', 'De speeltuin of recreatie voor kinderen', 'Plac zabaw dla dzieci lub rekreacji dla dzieci'),
	(706, 0, 'form_inputs', 'On the territory', 'На території', 'На территории', 'Op het grondgebied', 'Na terytorium'),
	(707, 0, 'form_inputs', 'Additional information', 'Додаткові відомості', 'Дополнительная информация', 'Extra informatie', 'Dodatkowe informacje'),
	(708, 0, 'form_answersets', 'Places in the room', 'Місць в номері', 'Мест в номере', 'Plaatsen in de kamer', 'Miejsca w pokoju'),
	(709, 0, 'form_answersets_values', '1-bed', '1-місний', '1-местный', '1-bed', '1-osobowy'),
	(710, 0, 'form_answersets_values', '2-beds', '2-х місний', '2-х местный', '2-bedden', '2-osobowe'),
	(711, 0, 'form_answersets_values', '3-beds', '3-х місний', '3-х местный', '3-bedden', '3-osobowe'),
	(712, 0, 'form_answersets_values', '4-beds', '4-х місний', '4-х местный', '4-bedden', '4-osobowe'),
	(713, 0, 'form_answersets_values', 'more 4 beds', 'більше 4-х місць', 'более 4-х мест', 'meer 4 bedden', 'więcej miejsc 4'),
	(714, 0, 'form_inputs', 'Places in the room', 'Місць в номері', 'Мест в номере', 'Plaatsen in de kamer', 'Miejsca w pokoju'),
	(715, 0, 'form_answersets', 'Type of housing', 'Тип житла', 'Тип жилья', 'Type behuizing', 'Typ obudowy'),
	(716, 0, 'form_answersets_values', 'Hotel', 'Готелі', 'Отель', 'Hotel', 'Hotel'),
	(717, 0, 'form_answersets_values', 'Cottage', 'Котедж', 'Коттедж', 'Cottage', 'Chata'),
	(718, 0, 'form_answersets_values', 'Guest House', 'Гостинний двір', 'Гостиный двор', 'Guest House', 'Pensjonat'),
	(719, 0, 'form_answersets_values', 'Apartments', 'Апартаменти', 'Апартаменты', 'Appartementen', 'Apartamenty'),
	(720, 0, 'form_inputs', 'Type of housing', 'Тип житла', 'Тип житла', 'Type behuizing', 'Typ obudowy'),
	(721, 0, 'form_answersets', 'WC and bathroom', 'Туалет і ванна кімната', 'Туалет и ванная', 'WC en badkamer', 'WC i łazienka'),
	(722, 0, 'form_answersets_values', 'WC separate', 'WC окремі', 'Туалет отдельно', 'Aparte WC', 'WC oddzielnych'),
	(723, 0, 'form_answersets_values', 'Separate shower', 'Окремий душ', 'Душ отдельно', 'Aparte douche', 'Oddzielnym prysznicem'),
	(724, 0, 'form_answersets_values', 'Toilet and shower together', 'Туалет і душ разом', 'Туалет и душ вместе', 'Toilet en douche samen', 'WC i prysznicem razem'),
	(725, 0, 'form_answersets_values', 'Bathroom', 'Ванна кімната', 'Ванная', 'Badkamer', 'Łazienka'),
	(726, 0, 'form_answersets_values', 'Wash Basin', 'Умивальник', 'Умывальник', 'Wastafel', 'Umywalki'),
	(727, 0, 'form_answersets_values', 'Hot water 24 hours a day', 'Гаряча вода цілодобово', 'Горячая вода 24 часа в сутки', 'Warm water, 24 uur per dag', 'Gorąca woda 24 godziny na dobę'),
	(728, 0, 'form_answersets_values', 'Towel', 'Рушник', 'Полотенце', 'Handdoek', 'Ręcznik'),
	(729, 0, 'form_inputs', 'WC and bathroom', 'Туалет і ванна кімната', 'Туалет и ванная', 'WC en badkamer', 'WC i łazienka'),
	(730, 0, 'form_answersets_values', 'Soap', 'Мило', 'Мыло', 'Zeep', 'Mydło'),
	(731, 0, 'form_answersets_values', 'Shampoo', 'Шампунь', 'Шампунь', 'Shampoo', 'Szampon'),
	(732, 0, 'form_answersets', 'Food in hotel', 'Харчування в готелі', 'Питание в отеле', 'Voedsel in hotel', 'Żywności w hotelu'),
	(733, 0, 'form_answersets_values', 'Triple power supply', 'Триразове харчування', 'Трьохразовое питание', 'Drievoudige power supply', 'Potrójny zasilania'),
	(734, 0, 'form_answersets_values', 'Breakfast', 'Сніданок', 'Завтрак', 'Ontbijt', 'Śniadanie'),
	(735, 0, 'form_inputs', 'Food', 'Харчування', 'Питание', 'Voedsel', 'Żywności'),
	(744, 0, 'form_inputs', 'Near', 'Біля', 'Рядом', 'In de buurt', 'Pobliżu'),
	(736, 0, 'form_answersets_values', 'Breakfast and dinner', 'Сніданок і вечеря', 'Завтрак и ужин', 'Ontbijt en diner', 'Śniadanie i obiad'),
	(737, 0, 'form_answersets', 'Near the hotel', 'Біля готелю', 'Рядом с гостиницей', 'In de buurt van het hotel', 'W pobliżu hotelu'),
	(738, 0, 'form_answersets_values', 'Grocery store', 'Продуктовий магазин', 'Продуктовый магазин', 'Kruidenier en supermarkt', 'Sklep'),
	(739, 0, 'form_answersets_values', 'Pharmacy', 'Аптека', 'Аптека', 'Apotheek', 'Apteka'),
	(740, 0, 'form_answersets_values', 'Bank', 'Банк', 'Банк', 'Bank', 'Banku'),
	(741, 0, 'form_answersets_values', 'Atm', 'Банкомат', 'Банкомат', 'ATM', 'ATM'),
	(742, 0, 'form_answersets_values', 'Disco', 'Диско', 'Дискотека', 'Disco', 'Dyskoteka'),
	(743, 0, 'form_answersets_values', 'The private sector', 'Приватний сектор', 'Частный сектор', 'De particuliere sector', 'Sektor prywatny'),
	(745, 0, 'form_answersets_values', 'Hire of ski equipment', 'Прокат гірськолижного спорядження', 'Прокат горнолыжного снаряжения', 'Verhuur van skiuitrusting', 'Wynajem sprzęt narciarski'),
	(746, 0, 'form_answersets_values', 'Under-floor heating', 'Підлога з підігрівом', 'Пол с подогревом', 'Vloerverwarming', 'Ogrzewanie podłogowe'),
	(747, 0, 'form_answersets', 'Room type', 'Тип номеру', 'Тип номера', 'Kamertype', 'Typ pokoju'),
	(748, 0, 'form_answersets_values', 'Lux', 'Люкс', 'Люкс', 'Lux', 'Lux'),
	(749, 0, 'form_answersets_values', 'Junior Suite', 'Напівлюкс', 'Полулюкс', 'Junior Suite', 'Apartament Junior Suite'),
	(750, 0, 'form_answersets_values', 'Standard room', 'Стандартний номер', 'Стандартный номер', 'Standaard kamer', 'Standardowy pokój'),
	(751, 0, 'form_answersets_values', 'Economy version', 'Економ варіант', 'Эконом вариант', 'Economie versie', 'Wersja gospodarki'),
	(752, 0, 'form_inputs', 'Room type', 'Тип номеру', 'Тип номера', 'Kamertype', 'Typ pokoju'),
	(753, 0, 'form_answersets_values', 'Balcony', 'Балкон', 'Балкон', 'Balkon', 'Balkon'),
	(754, 0, 'form_answersets_values', 'Kitchen', 'Кухня', 'Кухня', 'Keuken', 'Kuchnia'),
	(755, 0, 'form_answersets_values', 'Disposable slippers', 'Одноразові тапочки', 'Одноразовые тапочки', 'Wegwerp sloffen', 'Jednorazowe pantofle'),
	(756, 0, 'form_answersets_values', 'Robe', 'Халат', 'Халат', 'Mantel', 'Tunika'),
	(757, 0, 'form_inputs', 'Add photo', 'Додати фото', 'Добавить фото', 'Foto toevoegen', 'Dodawanie zdjęć'),
	(758, 0, 'form_inputs', 'Add driving directions', 'Додати маршрут проїзду', 'Добавить карту проезда', 'Routebeschrijvingen toevoegen', 'Dodać wskazówki'),
	(763, 0, 'shipping', 'New Mail', 'Нова Пошта', 'Новая почта', 'Nieuwe E-mail', 'Nowa poczta'),
	(764, 0, 'shipping', 'Autolux', 'Автолюкс', 'Автолюкс', 'Autolux', 'Autolux'),
	(766, 0, 'forms', 'Carriers', 'Перевізники', 'Перевозчики', 'Vervoerders', 'Przewoźnicy'),
	(767, 0, 'form_inputs', 'Ownership of the carrier', 'Право власності на перевізника', 'Форма собственности перевозчика', 'Eigendom van de vervoerder', 'Własność przewoźnika'),
	(768, 0, 'form_inputs', 'Vehicle model', 'Модель транспортного засобу', 'Модель транспортного средства', 'Voertuigmodel van het', 'Modelu pojazdu'),
	(769, 0, 'form_inputs', 'Number of sitting places', 'Кількість сидять місць', 'Количество сидящих мест', 'Aantal plaatsen zitten', 'Liczba siedzi miejsc'),
	(770, 0, 'form_inputs', 'The presence of folding seats', 'Наявність місць, що складаються', 'Наличие откидных сидений', 'De aanwezigheid van vouwen zetels', 'Obecność składanych siedzeń'),
	(771, 0, 'form_inputs', 'Photo of the vehicle', 'Фото транспортного засобу', 'Фото транспортного средства', 'Foto van het voertuig', 'Zdjęcie pojazdu'),
	(772, 0, 'form_inputs', 'Ability to view video in travel', 'Можливість переглядати відео в подорожі', 'Возможность просмотра видео в путешествии', 'Mogelijkheid om video te bekijken in reizen', 'Możliwość wyświetlania wideo w podróży'),
	(773, 0, 'form_inputs', 'Schedule of days', 'Розклад руху по днях', 'Расписание движения по днях', 'Schema voor dagen', 'Harmonogram dni'),
	(774, 0, 'form_inputs', 'Schedule of hours', 'Розклад по годинах', 'Расписание по часах', 'Planning van uur', 'Harmonogram godzin'),
	(775, 0, 'form_inputs', 'Route name (first and last station):', 'Назва маршруту (перша і кінцева станції):', 'Название маршрута (первая и конечная станции):', 'Routenaam (eerste en laatste station):', 'Nazwa szlaku (stacja pierwszej i ostatniej):'),
	(776, 0, 'form_inputs', 'Stops along the route', 'Зупинки по маршруту', 'Остановки по маршруту', 'Haltes langs de route', 'Zatrzymuje wzdłuż trasy'),
	(777, 0, 'form_inputs', 'The price of the ticket', 'Ціна квитка', 'Цена билета', 'De prijs van het ticket', 'Cena biletu'),
	(778, 0, 'form_inputs', 'The presence of luggage', 'Наявність багажного відділення', 'Наличие багажного отделения', 'Het bestaan van de bagageruimte', 'Istnienie bagażnika'),
	(779, 0, 'form_inputs', 'Additional information', 'Додаткові відомості', 'Дополнительная информация', 'Extra informatie', 'Dodatkowe informacje'),
	(780, 0, 'form_inputs', 'Save', 'Зберегти', 'Сохранить', 'Opslaan', 'Zapisz'),
	(781, 0, 'forms', 'Food', 'Харчування', 'Питание', 'Voedsel', 'Żywności'),
	(782, 0, 'form_inputs', 'Price (average for breakfast, lunch and dinner)', 'Ціна (в середньому за сніданок, обід і вечеря)', 'Цена (средняя за завтрак, обед и ужин отдельно)', 'Prijs (gemiddelde voor ontbijt, lunch en diner)', 'Cena (średnia na śniadanie, lunch i kolację)'),
	(783, 0, 'form_inputs', 'Place (accessible by ski, car parking, walking distance)', 'Місце (можливість доїхати на лижах, машині, парковка, дійти пішки)', 'Место (возможность доехать на лыжах, машине, парковка, дойти пешком)', 'Plaats (bereikbaar door ski, auto parkeren, loopafstand)', 'Miejsce (dostępne przez nart, miejsc parkingowych, spacerem)'),
	(784, 0, 'form_inputs', 'Map', 'Карта', 'Карта', 'Kaart', 'Mapa'),
	(785, 0, 'form_inputs', 'Photos of restaurant (facade, Interior)', 'Фото ресторана (фасад та інтер\'єр)', 'Фото ресторана (фасад, интерьер)', 'Foto\'s van restaurant (gevel, interieur)', 'Zdjęcia restauracji (fasada, wewnętrzne)'),
	(786, 0, 'form_inputs', 'Interior features, describe', 'Елементи інтер\'єру, описати', 'Особенности интерьера, описать', 'Interieur functies, beschrijven', 'Opisuje funkcje wewnętrzne,'),
	(787, 0, 'form_inputs', 'Business lunch', 'Бізнес-ланч', 'Бизнес ланч', 'Zakenlunch', 'Obiad biznesowy'),
	(788, 0, 'form_inputs', 'Possible activities in the restaurant', 'Можливих заходів у ресторані', 'Возможные виды мероприятий в ресторане', 'Mogelijke activiteiten in het restaurant', 'Możliwe działania w restauracji'),
	(789, 0, 'form_answersets', 'Possible activities in the restaurant', 'Можливих заходів у ресторані', 'Возможные виды мероприятий в ресторане', 'Mogelijke activiteiten in het restaurant', 'Możliwe działania w restauracji'),
	(790, 0, 'form_answersets_values', 'Banquet', 'Бенкет', 'Банкет', 'Feestzaal', 'Konferencyjne'),
	(791, 0, 'form_answersets_values', 'Meeting for two', 'Зустріч для двох', 'Встреча для двох', 'Vergadering voor twee', 'Spotkania dla dwóch'),
	(792, 0, 'form_answersets_values', 'Сorporate', 'Корпоратив', 'Корпоратив', 'Сorporate', 'Сorporate'),
	(793, 0, 'form_answersets', 'Cuisine', 'Кухня', 'Кухня', 'Keuken', 'Kuchnia'),
	(794, 0, 'form_answersets_values', 'Ukrainian', 'Українська', 'Украинская', 'Oekraïens', 'Ukraiński'),
	(795, 0, 'form_answersets_values', 'Hutsul', 'Гуцульська', 'Гуцульская', 'Hutsul', 'Huculski'),
	(796, 0, 'form_answersets_values', 'European', 'Європейська', 'Европейская', 'Europese', 'Europejskiej'),
	(797, 0, 'form_answersets_values', 'Italian', 'Італійська', 'Итальянская', 'Italiaans', 'Włoski'),
	(798, 0, 'form_answersets_values', 'Japanese', 'Японська', 'Японская', 'Japans', 'Japoński'),
	(799, 0, 'form_answersets_values', 'Other', 'Інші', 'Другие', 'Andere', 'Inne'),
	(800, 0, 'form_inputs', 'Cuisine', 'Кухня', 'Кухня', 'Keuken', 'Kuchnia'),
	(801, 0, 'form_inputs', 'Other comments', 'Інші коментарі', 'Другие комментарии', 'Andere opmerkingen', 'Inne uwagi'),
	(802, 0, 'form_inputs', 'Save', 'Зберегти', 'Сохранить', 'Opslaan', 'Zapisz'),
	(803, 0, 'forms', 'Instructors', 'Інструктори', 'Инструкторы', 'Instructeurs', 'Instruktorzy'),
	(804, 0, 'form_inputs', 'Photo of instructor', 'Фото инструктора', 'Фото инструктора', 'Foto van instructeur', 'Zdjęcie instruktora'),
	(805, 0, 'form_inputs', 'Youtube Video', 'Youtube Видео', 'Youtube Видео', 'Youtube Video', 'Youtube Wideo'),
	(806, 0, 'form_inputs', 'Instructor on', 'Інструктор по', 'Инструктор по', 'Instructeur op', 'Instruktor na'),
	(807, 0, 'form_answersets', 'Instructor on', 'Инструктор по', 'Инструктор по', 'Instructeur op', 'Instruktor na'),
	(808, 0, 'form_answersets_values', 'Skiing', 'Лижі', 'Лыжи', 'Skiën', 'Narciarstwo'),
	(809, 0, 'form_answersets_values', 'Snowboard', 'Сноуборд', 'Сноуборд', 'Snowboard', 'Snowboard'),
	(810, 0, 'form_inputs', 'Experience skiing', 'Стаж катання', 'Стаж катания', 'Ervaring skiën', 'Doświadczenia na nartach'),
	(811, 0, 'form_answersets', 'Experience skiing', 'Стаж катання', 'Стаж катания', 'Ervaring skiën', 'Doświadczenia na nartach'),
	(812, 0, 'form_answersets_values', '1 year', '1 рік', '1 год', '1 jaar', '1 rok'),
	(813, 0, 'form_answersets_values', '2 years', '2 роки', '2 года', '2 jaar', '2 lata'),
	(814, 0, 'form_answersets_values', '3 years', '3 роки', '3 года', '3 jaar', '3 lata'),
	(815, 0, 'form_answersets_values', '4 years', '4 роки', '4 года', '4 jaar', '4 lata'),
	(816, 0, 'form_answersets_values', '5 years', '5 років', '5 лет', '5 jaar', '5 lat.'),
	(817, 0, 'form_answersets_values', '6 years', '6 років', '6 лет', '6 jaar', '6 lat'),
	(818, 0, 'form_answersets_values', '7 years', '7 років', '7 лет', '7 jaar', '7 lat'),
	(819, 0, 'form_answersets_values', '8 years', '8 років', '8 лет', '8 jaar', '8 lat'),
	(820, 0, 'form_answersets_values', '9 years', '9 років', '9 лет', '9 jaar', '9 lat'),
	(821, 0, 'form_answersets_values', '10 years or more', '10 років або більше', '10 или более лет', '10 jaar of meer', 'co najmniej 10 lat'),
	(822, 0, 'form_inputs', 'Work experience instructor or trainer', 'Стаж роботи інструктором або тренером', 'Стаж работы инструктором или тренером', 'Werkervaring instructeur of trainer', 'Doświadczeń instruktora lub instruktora'),
	(823, 0, 'form_inputs', 'Experience on TK Bukovel', 'Досвід на TK Буковель', 'Стаж работы на ТК Буковель', 'Ervaring op TK Boekovel', 'Doświadczenia na TK Bukovel'),
	(824, 0, 'form_inputs', 'Titles of diplomas and certificates', 'Дипломи і сертифікати', 'Звания дипломы и сертификаты', 'Titels van diploma\'s en certificaten', 'Tytułów dyplomów i zaświadczeń'),
	(825, 0, 'form_inputs', 'Specialization', 'Спеціалізація', 'Специализация', 'Specialisatie', 'Specjalizacji'),
	(826, 0, 'form_inputs', 'Additional information', 'Додаткові відомості', 'Дополнительная информация', 'Extra informatie', 'Dodatkowe informacje'),
	(827, 0, 'form_inputs', 'Fluency in languages', 'Вільне володіння мовами', 'Свободное владение языками', 'Fluency in talen', 'Płynność w językach'),
	(828, 0, 'form_answersets', 'Fluency in languages', 'Вільне володіння мовами', 'Свободное владение языками', 'Fluency in talen', 'Płynność w językach'),
	(829, 0, 'form_answersets_values', 'english', 'англійська', 'английский', 'Engels', 'Angielski'),
	(830, 0, 'form_answersets_values', 'russian', 'російська', 'русский', 'Russisch', 'Rosyjski'),
	(831, 0, 'form_answersets_values', 'ukrainian', 'українська', 'украинский', 'Oekraïens', 'Ukraiński'),
	(832, 0, 'form_answersets_values', 'polish', 'польська', 'польский', 'Pools', 'Polski'),
	(833, 0, 'form_answersets_values', 'dutch', 'нідерландська', 'нидерландский', 'Nederlands', 'Holenderski'),
	(834, 0, 'form_answersets_values', 'german', 'німецька', 'немецкий', 'Duits', 'Niemiecki'),
	(835, 0, 'form_inputs', 'Teaching skiing', 'Навчання катанню на лижах', 'Обучение  катанию на лыжах', 'Onderwijs skiën', 'Nauczanie na nartach'),
	(836, 0, 'form_answersets', 'Teaching skiing', 'Навчання катанню на лижах', 'Обучение  катанию на лыжах', 'Onderwijs skiën', 'Nauczanie na nartach'),
	(837, 0, 'form_answersets_values', 'Individual work with children', 'Індивідуальна робота з дітьми', 'Индивидуальная работа с детьми', 'Individueel werk met kinderen', 'Pracy z dziećmi'),
	(838, 0, 'form_answersets_values', 'Working with children in the group', 'Робота з дітьми в групі', 'Работа с детьми в группе', 'Werken met kinderen in de groep', 'Pracy z dziećmi w grupie'),
	(839, 0, 'form_answersets_values', 'Teaching beginners individually for children', 'Навчання початківців індивідуально для дітей', 'Обучение начинающих индивидуально для детей', 'Onderwijs beginners individueel voor kinderen', 'Nauczanie początkujących indywidualnie dla dzieci'),
	(840, 0, 'form_answersets_values', 'Teaching beginners individually for adults', 'Навчання початківців індивідуально для дорослих', 'Обучение начинающих индивидуально для взрослых', 'Onderwijs beginners individueel voor volwassenen', 'Nauczanie początkujących indywidualnie dla dorosłych'),
	(841, 0, 'form_answersets_values', 'Training of the beginners in groups for adults', 'Навчання для початківців у групах для дорослих', 'Обучение начинающих в группах для взрослых', 'Opleiding van de beginners in groepen voor volwassenen', 'Szkolenia dla początkujących w grupach dla dorosłych'),
	(842, 0, 'form_answersets_values', 'Excellence individually and in groups (carving, slalom, giant slalom)', 'Досконалості індивідуально і груп (карвинг, слалом, гігантський слалом)', 'Повышения мастерства индивидуально и в группах (карвинг, слалом, слалом гигант)', 'Uitmuntendheid individueel en in groepen (snijwerk, slalom, reuzenslalom)', 'Doskonałości indywidualnie i w grupach (rzeźbiarskich, slalomie gigancie.)'),
	(843, 0, 'form_answersets_values', 'Training of other forms of', 'Навчання інших форм', 'Обучение другим способам', 'Opleiding van andere vormen van', 'Szkolenia dla innych form'),
	(844, 0, 'form_inputs', 'Save', 'Зберегти', 'Сохранить', 'Opslaan', 'Zapisz'),
	(845, 0, 'forms', 'Assortment', 'Асортимент', 'Ассортимент', 'Assortiment', 'Asortyment'),
	(846, 0, 'form_inputs', 'Name', 'Назва', 'Название', 'Naam', 'Nazwa'),
	(848, 0, 'form_inputs', 'Image', 'Зображення', 'Изображение', 'Afbeelding', 'Obraz'),
	(849, 0, 'form_inputs', 'Country', 'Країна', 'Страна', 'Land', 'Kraj'),
	(850, 0, 'form_inputs', 'Warranty', 'Гарантія', 'Гарантия', 'Garantie', 'Gwarancja'),
	(851, 0, 'form_inputs', 'Type', 'Тип', 'Тип', 'Type', 'Typ'),
	(852, 0, 'form_inputs', 'Type', 'Тип', 'Тип', 'Type', 'Typ'),
	(853, 0, 'form_inputs', 'Type', 'Тип', 'Тип', 'Type', 'Typ'),
	(854, 0, 'form_inputs', 'Price', 'Ціна', 'Цена', 'Prijs', 'Cena'),
	(855, 0, 'form_inputs', 'Price', 'Ціна', 'Цена', 'Prijs', 'Cena'),
	(856, 0, 'form_inputs', 'Price', 'Ціна', 'Цена', 'Prijs', 'Cena'),
	(857, 0, 'forms', 'TMP', 'TMP', 'TMP', 'TMP', 'TMP'),
	(858, 0, 'form_containers', 'Root', 'Корінь', 'Корень', 'Root', 'Główny'),
	(859, 0, 'form_containers', 'General', 'Загальні', 'Общие', 'Algemene', 'Ogólne'),
	(860, 0, 'form_containers', 'Types and prices', 'Типи та ціни', 'Типы и цены', 'Typen en prijzen', 'Typy i ceny'),
	(861, 0, 'form_containers', 'Other', 'Інші', 'Другие', 'Andere', 'Inne'),
	(862, 0, 'form_inputs', 'Description', 'Опис', 'Описание', 'Beschrijving', 'Opis'),
	(863, 0, 'form_inputs', 'Characteristics', 'Характеристики', 'Характеристики', 'De kenmerken van de', 'Cechy charakterystyczne'),
	(864, 0, 'form_inputs', 'Assortment', 'Асортимент', 'Ассортимент', 'Assortiment', 'Asortyment'),
	(865, 0, 'form_inputs', 'Accessories', 'Аксесуари', 'Аксессуары', 'Accessoires', 'Akcesoria'),
	(866, 0, 'products_categories_list', 'Article category 1-1', 'Article category 1-1', 'Article category 1-1', 'Article category 1-1', 'Article category 1-1'),
	(867, 0, 'products_categories_list', '', '', '', '', ''),
	(868, 0, 'products_categories_list', '', '', '', '', ''),
	(869, 0, 'forms', 'Slideshow', 'Slideshow', 'Slideshow', 'Slideshow', 'Slideshow'),
	(870, 0, 'form_inputs', 'Image', 'Зображення', 'Изображение', 'Afbeelding', 'Obraz'),
	(871, 0, 'form_inputs', 'Title', 'Назва', 'Название', 'Titel', 'Tytuł'),
	(872, 0, 'form_inputs', 'Link', 'Link', 'Link', 'Link', 'Link'),
	(873, 0, 'form_inputs', 'Description', 'Опис', 'Описание', 'Beschrijving', 'Opis'),
	(874, 0, 'form_inputs', 'Save', 'Зберегти', 'Сохранить', 'Opslaan', 'Zapisz'),
	(875, 0, 'slideshow', 'METAL TILES, BITUMINOUS TILES', 'МЕТАЛЛОЧЕРЕПИЦЯ, БИТУМНА ЧЕРЕПИЦЯ', 'МЕТАЛЛОЧЕРЕПИЦА, БИТУМНАЯ ЧЕРЕПИЦА', 'METALEN TEGELS, BITUMINEUZE TEGELS', 'METALOWE PŁYTKI, PŁYTKI BITUMICZNYCH'),
	(876, 0, 'slideshow', 'Our main specialty is roofing and materials for its equipment, as well as implementing the complex installation works.', 'Наші основні спеціальністю є покрівля і матеріалів для свого обладнання, а також монтажні роботи.', 'Наша основная специализация – кровля и материалы для ее обустройства, а также выполнение комплексных монтажных работ.', 'Onze belangrijkste specialiteit is dakbedekking en materialen voor de uitrusting, alsmede uitvoering van de complexe installatie werkt.', 'Nasza specjalność głównych jest pokryć dachowych i materiały dla jego wyposażenia, jak również realizacji robót instalacje złożone.'),
	(883, 0, 'form_inputs', 'Save', 'Зберегти', 'Сохранить', 'Opslaan', 'Zapisz'),
	(877, 0, 'slideshow', 'Test title', 'Test title', 'Test title', 'Test title', 'Test title'),
	(878, 0, 'slideshow', 'Test description', 'Test description', 'Test description', 'Test description', 'Test description'),
	(881, 0, 'slideshow', 'Testing', 'Testing', 'Testing', 'Testing', 'Testing'),
	(882, 0, 'slideshow', '', '', '', '', ''),
	(884, 0, 'forms', 'Spiderweb', 'Spiderweb', 'Spiderweb', 'Spiderweb', 'Spiderweb'),
	(885, 0, 'form_inputs', 'Link', 'Link', 'Link', 'Link', 'Link'),
	(886, 0, 'form_inputs', 'Title', 'заголовок, назва', 'Заголовок', 'titel', 'tytuł'),
	(887, 0, 'form_inputs', 'HTTP Status', 'HTTP Status', 'HTTP Status', 'HTTP Status', 'HTTP Status'),
	(888, 0, 'form_inputs', 'Table', 'Table', 'Table', 'Table', 'Table'),
	(889, 0, 'form_inputs', 'Save', 'Зберегти', 'Сохранить', 'opslaan', 'Zapisz'),
	(890, 0, 'forms', 'Reports', 'Звіт', 'Доклад', 'Verslaggeving', 'Sprawozdania'),
	(891, 0, 'form_containers', 'Settings', 'Установки', 'Impostazioni', 'Instellingen', 'Ustawienia'),
	(892, 0, 'form_containers', 'Items', 'Пункти', 'Пункты', 'Items', 'Przedmioty'),
	(893, 0, 'form_inputs', 'Title', 'Заголовок', 'Заголовок', 'Titel', 'Tytuł'),
	(894, 0, 'form_inputs', 'Period', 'Період', 'Период', 'Periode', 'Okres'),
	(895, 0, 'form_inputs', 'Group by', 'Групувати по', 'Группировать по', 'Gegroepeerd op', 'Grupuj wg'),
	(896, 0, 'form_inputs', 'Name', 'Назва', 'Название', 'Naam', 'Nazwa'),
	(897, 0, 'form_inputs', 'SQL', 'SQL', 'SQL', 'SQL', 'SQL'),
	(898, 0, 'form_inputs', 'Name', 'Назва', 'Название', 'Naam', 'Nazwa'),
	(899, 0, 'form_inputs', 'SQL', 'SQL', 'SQL', 'SQL', 'SQL'),
	(900, 0, 'form_inputs', 'Name', 'Назва', 'Название', 'Naam', 'Nazwa'),
	(901, 0, 'form_inputs', 'SQL', 'SQL', 'SQL', 'SQL', 'SQL'),
	(902, 0, 'form_inputs', 'Count of items', 'Кількість елементів', 'Количество элементов', 'Aantal items', 'Ilość elementów'),
	(903, 0, 'form_inputs', 'Save', 'Врятувати', 'Экономить', 'Besparen', 'Zaoszczędzić'),
	(904, 0, 'form_answersets', 'Amount of chart items', 'Кількість елементів діаграми', 'Количество элементов диаграммы', 'Bedrag van de kaart artikelen', 'Ilość elementów wykresu'),
	(905, 0, 'form_answersets_values', '2', '2', '2', '2', '2'),
	(906, 0, 'form_answersets_values', '3', '3', '3', '3', '3'),
	(907, 0, 'form_answersets_values', '4', '4', '4', '4', '4'),
	(908, 0, 'form_answersets_values', '5', '5', '5', '5', '5'),
	(909, 0, 'form_answersets', 'Chart period', 'Період графіка', 'Период графика', 'Grafiek periode', 'Okres wykres'),
	(910, 0, 'form_answersets_values', '2012 year', '2012 рік', '2012 год', '2012 jaar', '2012 rok'),
	(911, 0, 'form_answersets_values', '2011 year', '2011 рік', '2011 год', '2011 jaar', '2011 rok'),
	(912, 0, 'form_answersets_values', '2010 year', '2010 рік', '2010 год', '2010 jaar', '2010 rok'),
	(943, 0, 'form_inputs', 'Date field', 'Поле дати', 'Поле даты', 'Field datum', 'Data field'),
	(914, 0, 'form_answersets_values', 'Recent month', 'Останній місяць', 'Последний месяц', 'Recente maand', 'Ostatnie miesiące'),
	(915, 0, 'form_answersets_values', 'Recent 3 months', 'Останні 3 місяці', 'Последние 3 месяца', 'Recent 3 maanden', 'Ostatnie 3 miesiące'),
	(916, 0, 'form_answersets_values', 'Recent 6 months', 'Останні 6 місяців', 'Последние 6 месяцев', 'Recent 6 maanden', 'Ostatnie 6 miesięcy'),
	(917, 0, 'form_answersets', 'Chart group by', 'Chart group by', 'Chart group by', 'Chart group by', 'Chart group by'),
	(918, 0, 'form_answersets_values', 'month', 'місяць', 'месяц', 'maand', 'miesiąc'),
	(919, 0, 'form_answersets_values', 'year', 'рік', 'год', 'jaar', 'rok'),
	(920, 0, 'form_answersets_values', 'none', 'none', 'none', 'none', 'none'),
	(921, 0, 'form_answersets_values', 'All', 'Все', 'Все', 'Alle', 'Wszystko'),
	(922, 0, 'reports', 'Orders by statuses', 'Замовлення по статусах', 'Заказы по статусам', 'Bestellingen via statussen', 'Zamówienia przez statusami'),
	(923, 0, 'form_inputs', 'Subtitle', 'Підзаголовок', 'Подзаголовок', 'Subtitel', 'Podtytuł'),
	(924, 0, 'form_answersets_values', '6', '6', '6', '6', '6'),
	(925, 0, 'form_answersets_values', '7', '7', '7', '7', '7'),
	(926, 0, 'form_answersets_values', '8', '8', '8', '8', '8'),
	(927, 0, 'form_answersets_values', '9', '9', '9', '9', '9'),
	(928, 0, 'form_answersets_values', '10', '10', '10', '10', '10'),
	(929, 0, 'form_inputs', 'Name', 'Назва', 'Название', 'Naam', 'Nazwa'),
	(930, 0, 'form_inputs', 'Name', 'Назва', 'Название', 'Naam', 'Nazwa'),
	(931, 0, 'form_inputs', 'Name', 'Назва', 'Название', 'Naam', 'Nazwa'),
	(932, 0, 'form_inputs', 'Name', 'Назва', 'Название', 'Naam', 'Nazwa'),
	(933, 0, 'form_inputs', 'Name', 'Назва', 'Название', 'Naam', 'Nazwa'),
	(934, 0, 'form_inputs', 'Name', 'Назва', 'Название', 'Naam', 'Nazwa'),
	(935, 0, 'form_inputs', 'Name', 'Назва', 'Название', 'Naam', 'Nazwa'),
	(936, 0, 'form_inputs', 'SQL', 'SQL', 'SQL', 'SQL', 'SQL'),
	(937, 0, 'form_inputs', 'SQL', 'SQL', 'SQL', 'SQL', 'SQL'),
	(938, 0, 'form_inputs', 'SQL', 'SQL', 'SQL', 'SQL', 'SQL'),
	(939, 0, 'form_inputs', 'SQL', 'SQL', 'SQL', 'SQL', 'SQL'),
	(940, 0, 'form_inputs', 'SQL', 'SQL', 'SQL', 'SQL', 'SQL'),
	(941, 0, 'form_inputs', 'SQL', 'SQL', 'SQL', 'SQL', 'SQL'),
	(942, 0, 'form_inputs', 'SQL', 'SQL', 'SQL', 'SQL', 'SQL'),
	(944, 0, 'form_answersets', 'Type of embeded video', 'Тип вбудованого відео', 'Тип встриного видео', 'Aard van de embed video', 'Rodzaj filmu embed'),
	(945, 0, 'form_answersets_values', 'YouTube URL', 'YouTube URL', 'YouTube URL', 'YouTube URL', 'YouTube URL'),
	(946, 0, 'form_answersets_values', 'Vimeo URL', 'Vimeo URL', 'Vimeo URL', 'Vimeo URL', 'Vimeo URL'),
	(947, 0, 'form_answersets_values', 'Embed Code', 'Embed Code', 'Embed Code', 'Embed Code', 'Embed Code'),
	(949, 0, 'form_inputs', 'URL', 'URL', 'URL', 'URL', 'URL'),
	(950, 0, 'forms', 'Find instructor', 'Знайти інструктора', 'Найти инструктора', 'Zoek instructeur', 'Znajdź instruktora'),
	(951, 0, 'form_inputs', 'Instructor on', 'Інструктор по', 'Инструктор по', 'Instructeur op', 'Instruktor na'),
	(952, 0, 'form_inputs', 'Experience skiing', 'Стаж катання', 'Стаж катання', 'Ervaring skiën', 'Doświadczenia na nartach'),
	(953, 0, 'form_inputs', 'Search', 'Пошук', 'Поиск', 'Zoeken', 'Szukaj'),
	(954, 0, 'form_inputs', 'Experience skiing', 'Стаж катання', 'Стаж катання', 'Ervaring skiën', 'Doświadczenia na nartach'),
	(955, 0, 'form_containers', 'General', 'Генеральний', 'Общий', 'Algemeen', 'Ogólny'),
	(956, 0, 'form_containers', 'From - To', 'Від - до', 'От - до', 'Van - Tot', 'Od - do'),
	(957, 0, 'form_containers', 'Bottom', 'Дно', 'Нижний', 'Bodem', 'Dno'),
	(962, 1, 'pages', 'warranty', 'garantiya', 'garantiya', 'garantie', 'rekojmia'),
	(963, 0, 'forms', 'Order customer information', 'Інформація для замовлення клієнта', 'Информация для заказа клиента', 'Bestel klantinformatie', 'Zamów informacje o klientach'),
	(964, 0, 'form_inputs', 'Name', 'Ім\'я', 'Имя', 'Naam', 'Nazwa'),
	(965, 0, 'form_inputs', 'Surname', 'Прізвище', 'Фамилия', 'Achternaam', 'Surname'),
	(966, 0, 'form_inputs', 'Phone', 'Телефон', 'Телефон', 'Telefoon', 'Telefon'),
	(967, 0, 'form_inputs', 'City', 'Місто', 'Город', 'Plaats', 'Miejscowosc'),
	(968, 0, 'form_inputs', 'Address', 'Адреса', 'Адрес', 'Adres', 'Adres'),
	(969, 0, 'form_inputs', 'Zip code', 'Поштовий індекс', 'Почтовый индекс', 'postcode', 'kod pocztowy'),
	(970, 0, 'form_inputs', 'Email', 'Електронна пошта', 'Электронная почта', 'E-mails', 'Poczta elektroniczna'),
	(971, 0, 'form_inputs', 'Save', 'Зберегти', 'Сохранить', 'opslaan', 'Zapisz'),
	(972, 0, 'articles', 'Lorem ipsum dolor sit amet, consectetur adipiscing elit', 'Lorem ipsum dolor sit amet, consectetur adipiscing elit', 'Lorem ipsum dolor sit amet, consectetur adipiscing elit', 'Lorem ipsum dolor sit amet, consectetur adipiscing elit', 'Lorem ipsum dolor sit amet, consectetur adipiscing elit'),
	(973, 0, 'articles', '', '', '', '', ''),
	(974, 0, 'articles', '', '', '', '', ''),
	(975, 0, 'articles', '<p>Nunc tincidunt turpis in massa fermentum cursus non quis leo. Integer eget urna ac enim viverra dapibus. Duis fringilla, nibh ac tempor sodales, mi ipsum aliquet lorem, ac pellentesque turpis odio sed sapien. Suspendisse vulputate quam quis mauris accumsan cursus.</p>', '<p>Nunc tincidunt turpis in massa fermentum cursus non quis leo. Integer eget urna ac enim viverra dapibus. Duis fringilla, nibh ac tempor sodales, mi ipsum aliquet lorem, ac pellentesque turpis odio sed sapien. Suspendisse vulputate quam quis mauris accumsan cursus.</p>', '<p>Nunc tincidunt turpis in massa fermentum cursus non quis leo. Integer eget urna ac enim viverra dapibus. Duis fringilla, nibh ac tempor sodales, mi ipsum aliquet lorem, ac pellentesque turpis odio sed sapien. Suspendisse vulputate quam quis mauris accumsan cursus.</p>', '<p>Nunc tincidunt turpis in massa fermentum cursus non quis leo. Integer eget urna ac enim viverra dapibus. Duis fringilla, nibh ac tempor sodales, mi ipsum aliquet lorem, ac pellentesque turpis odio sed sapien. Suspendisse vulputate quam quis mauris accumsan cursus.</p>', '<p>Nunc tincidunt turpis in massa fermentum cursus non quis leo. Integer eget urna ac enim viverra dapibus. Duis fringilla, nibh ac tempor sodales, mi ipsum aliquet lorem, ac pellentesque turpis odio sed sapien. Suspendisse vulputate quam quis mauris accumsan cursus.</p>'),
	(976, 0, 'articles', '', '', '', '', ''),
	(977, 1, 'articles', 'lorem-ipsum-dolor-sit-amet-consectetur-adipiscing-elit', 'lorem-ipsum-dolor-sit-amet-consectetur-adipiscing-elit', 'lorem-ipsum-dolor-sit-amet-consectetur-adipiscing-elit', 'lorem-ipsum-dolor-sit-amet-consectetur-adipiscing-elit', 'lorem-ipsum-dolor-sit-amet-consectetur-adipiscing-elit'),
	(978, 0, 'articles', 'Lorem ipsum dolor sit amet', 'Lorem ipsum dolor sit amet', 'Lorem ipsum dolor sit amet', 'Lorem ipsum dolor sit amet', 'Lorem ipsum dolor sit amet'),
	(979, 0, 'articles', '', '', '', '', ''),
	(980, 0, 'articles', '', '', '', '', ''),
	(981, 0, 'articles', '<p>Lorem ipsum dolor sit amet, consectetur adipiscing elit. Cras suscipit nibh id enim ultricies imperdiet. Cum sociis natoque penatibus et magnis dis parturient montes, nascetur ridiculus mus. Vestibulum nisi lorem, aliquam nec ornare non, elementum tincidunt orci.</p>', '<p>Lorem ipsum dolor sit amet, consectetur adipiscing elit. Cras suscipit nibh id enim ultricies imperdiet. Cum sociis natoque penatibus et magnis dis parturient montes, nascetur ridiculus mus. Vestibulum nisi lorem, aliquam nec ornare non, elementum tincidunt orci.</p>', '<p>Lorem ipsum dolor sit amet, consectetur adipiscing elit. Cras suscipit nibh id enim ultricies imperdiet. Cum sociis natoque penatibus et magnis dis parturient montes, nascetur ridiculus mus. Vestibulum nisi lorem, aliquam nec ornare non, elementum tincidunt orci.</p>', '<p>Lorem ipsum dolor sit amet, consectetur adipiscing elit. Cras suscipit nibh id enim ultricies imperdiet. Cum sociis natoque penatibus et magnis dis parturient montes, nascetur ridiculus mus. Vestibulum nisi lorem, aliquam nec ornare non, elementum tincidunt orci.</p>', '<p>Lorem ipsum dolor sit amet, consectetur adipiscing elit. Cras suscipit nibh id enim ultricies imperdiet. Cum sociis natoque penatibus et magnis dis parturient montes, nascetur ridiculus mus. Vestibulum nisi lorem, aliquam nec ornare non, elementum tincidunt orci.</p>'),
	(982, 0, 'articles', '', '', '', '', ''),
	(983, 1, 'articles', 'lorem-ipsum-dolor-sit-amet', 'lorem-ipsum-dolor-sit-amet', 'lorem-ipsum-dolor-sit-amet', 'lorem-ipsum-dolor-sit-amet', 'lorem-ipsum-dolor-sit-amet'),
	(984, 0, 'products', 'MAGNA SIT AMET CONSE CTETUR', 'MAGNA SIT AMET CONSE CTETUR', 'MAGNA SIT AMET CONSE CTETUR', 'MAGNA SIT AMET CONSE CTETUR', 'MAGNA SIT AMET CONSE CTETUR'),
	(985, 0, 'products', '', '', '', '', ''),
	(986, 0, 'products', '', '', '', '', ''),
	(987, 0, 'products', '<p><span>Morbi facilisis sodales mauris. Quisque elementum nulla at ante. Vestibulum adipiscing sodales lorem. Praesent ultricies. Sed vehicula, ante nec vestibulum condimentum, est lacus fermentum lacus, euismod hendrerit quam massa non nunc.&nbsp;</span><span><br /></span></p>', '<p><span>Morbi facilisis sodales mauris. Quisque elementum nulla at ante. Vestibulum adipiscing sodales lorem. Praesent ultricies. Sed vehicula, ante nec vestibulum condimentum, est lacus fermentum lacus, euismod hendrerit quam massa non nunc.&nbsp;</span><span><br /></span></p>', '<p><span>Morbi facilisis sodales mauris. Quisque elementum nulla at ante. Vestibulum adipiscing sodales lorem. Praesent ultricies. Sed vehicula, ante nec vestibulum condimentum, est lacus fermentum lacus, euismod hendrerit quam massa non nunc.&nbsp;</span><span><br /></span></p>', '<p><span>Morbi facilisis sodales mauris. Quisque elementum nulla at ante. Vestibulum adipiscing sodales lorem. Praesent ultricies. Sed vehicula, ante nec vestibulum condimentum, est lacus fermentum lacus, euismod hendrerit quam massa non nunc.&nbsp;</span><span><br /></span></p>', '<p><span>Morbi facilisis sodales mauris. Quisque elementum nulla at ante. Vestibulum adipiscing sodales lorem. Praesent ultricies. Sed vehicula, ante nec vestibulum condimentum, est lacus fermentum lacus, euismod hendrerit quam massa non nunc.&nbsp;</span><span><br /></span></p>'),
	(988, 0, 'products', '', '', '', '', ''),
	(989, 1, 'products', 'magna-sit-amet-conse-ctetur', 'magna-sit-amet-conse-ctetur', 'magna-sit-amet-conse-ctetur', 'magna-sit-amet-conse-ctetur', 'magna-sit-amet-conse-ctetur'),
	(990, 0, 'pages', 'Top News', 'Топ новин', 'Топ новостей', 'Top Nieuws', 'Top News'),
	(991, 0, 'pages', '', '', '', '', ''),
	(992, 0, 'pages', '', '', '', '', ''),
	(993, 0, 'pages', '<p><span>Lorem ipsum dolor sit amet, consectetur adipiscing elit. Suspendisse consequat velit vitae enim facilisis sed pharetra massa sagittis.&nbsp;</span></p>', '<p><span>Lorem ipsum dolor sit amet, consectetur adipiscing elit. Suspendisse consequat velit vitae enim facilisis sed pharetra massa sagittis.&nbsp;</span></p>', '<p><span>Lorem ipsum dolor sit amet, consectetur adipiscing elit. Suspendisse consequat velit vitae enim facilisis sed pharetra massa sagittis.&nbsp;</span></p>', '<p><span>Lorem ipsum dolor sit amet, consectetur adipiscing elit. Suspendisse consequat velit vitae enim facilisis sed pharetra massa sagittis.&nbsp;</span></p>', '<p><span>Lorem ipsum dolor sit amet, consectetur adipiscing elit. Suspendisse consequat velit vitae enim facilisis sed pharetra massa sagittis.&nbsp;</span></p>'),
	(994, 1, 'pages', 'top-news', 'top-novin', 'top-novostej', 'top-nieuws', 'top-news'),
	(995, 0, 'form_inputs', 'Work experience instructor or trainer', 'Стаж роботи інструктором або тренером', 'Стаж работы инструктором или тренером', 'Werkervaring instructeur of trainer', 'Doświadczeń instruktora lub instruktora'),
	(996, 0, 'form_inputs', 'Work experience instructor or trainer', 'Стаж роботи інструктором або тренером', 'Стаж работы инструктором или тренером', 'Werkervaring instructeur of trainer', 'Doświadczeń instruktora lub instruktora'),
	(1001, 0, 'form_inputs', 'Experience on TK Bukovel', 'Досвід на TK Буковель', 'Стаж работы на ТК Буковель', 'Experience op TK Bukovel', 'Doświadczenie na TK Bukovel'),
	(1002, 0, 'form_inputs', 'Experience on TK Bukovel', 'Досвід на TK Буковель', 'Стаж работы на ТК Буковель', 'Experience op TK Bukovel', 'Doświadczenie na TK Bukovel'),
	(1003, 0, 'form_inputs', 'Specialization', 'Спеціалізація', 'Специализация', 'Specialisatie', 'Specjalizacja'),
	(1004, 0, 'form_inputs', 'With video', 'З відео', 'С видео', 'Met video', 'Z wideo'),
	(1005, 0, 'form_inputs', 'Teaching skiing', 'Навчання катанню на лижах', 'Обучение катанию на лыжах', 'Onderwijs skiën', 'Nauczanie na nartach'),
	(1006, 0, 'form_inputs', 'Fluency in languages', 'Володіння мовами', 'Владение языками', 'Fluency in talen', 'Biegła znajomość języków'),
	(1008, 0, 'form_inputs', 'First name', 'Ім\'я', 'Имя', 'Voornaam', 'Imie'),
	(1009, 0, 'form_inputs', 'Last name', 'Прізвище', 'Фамилия', 'Achternaam', 'Nazwisko'),
	(1067, 0, 'form_inputs', 'Number of sitting places', 'Кількість сидять місць', 'Количество сидящих мест', 'Aantal plaatsen zitten', 'Liczba siedzi miejsc'),
	(1012, 0, 'form_inputs', 'The presence of folding seats', 'Наявність місць, що складаються', 'Наличие откидных сидений', 'De aanwezigheid van vouwen zetels', 'Obecność składanych siedzeń'),
	(1065, 0, 'form_containers', 'From - To', 'Від - до', 'От - до', 'Van - Tot', 'Od - do'),
	(1066, 0, 'form_containers', 'Bottom', 'Дно', 'Нижний', 'Bodem', 'Dno'),
	(1064, 0, 'form_containers', 'General', 'Загальні', 'Общие', 'Algemeen', 'Ogólne'),
	(1063, 0, 'forms', 'Find Carrier', 'Знайти перевізника', 'Найти перевозчика', 'Carrier', 'Nośnik'),
	(1050, 0, 'form_inputs', 'Ability to view video in travel', 'Можливість переглядати відео в подорожі', 'Возможность просмотра видео в путешествии', 'Mogelijkheid om video te bekijken in reizen', 'Możliwość wyświetlania wideo w podróży'),
	(1051, 0, 'form_inputs', 'The presence of luggage', 'Наявність багажного відділення', 'Наличие багажного отделения', 'Het bestaan van de bagageruimte', 'Istnienie bagażnika'),
	(1052, 0, 'form_inputs', 'With photo of the vehicle', 'З фото транспортного засобу', 'С фото транспортного средства', 'Met foto van het voertuig', 'Ze zdjęciem pojazdu'),
	(1059, 0, 'form_inputs', 'The price of the ticket', 'Ціна квитка', 'Цена билета', 'De prijs van het ticket', 'Cena biletu'),
	(1060, 0, 'form_inputs', 'Number of sitting places', 'Кількість сидять місць', 'Количество сидящих мест', 'Aantal plaatsen zitten', 'Liczba siedzi miejsc'),
	(1071, 0, 'form_inputs', 'The price of the ticket', 'Ціна квитка', 'Цена билета', 'De prijs van het ticket', 'Cena biletu'),
	(1072, 0, 'form_inputs', 'Search', 'Пошук', 'Поиск', 'Zoeken', 'Szukaj'),
	(1073, 0, 'form_inputs', 'Route name (first and last station):', 'Назва маршруту (перша і кінцева станції):', 'Название маршрута (первая и конечная станции):', 'Routenaam (eerste en laatste station):', 'Nazwa szlaku (stacja pierwszej i ostatniej):'),
	(1074, 0, 'forms', 'Find food', 'Знайти їжу', 'Найти еду', 'Zoek voedsel', 'Znaleźć jedzenie'),
	(1076, 0, 'form_containers', 'From - To', 'Від - до', 'От - до', 'Van - Tot', 'Od - do'),
	(1077, 0, 'form_containers', 'Bottom', 'Дно', 'Нижний', 'Bodem', 'Dno'),
	(1078, 0, 'form_inputs', 'Price (average for breakfast, lunch and dinner)', 'Ціна (в середньому за сніданок, обід і вечеря)', 'Цена (средняя за завтрак, обед и ужин отдельно)', 'Prijs (gemiddelde voor ontbijt, lunch en diner)', 'Cena (średnia na śniadanie, lunch i kolację)'),
	(1079, 0, 'form_inputs', 'Business lunch', 'Бізнес-ланч', 'Бизнес ланч', 'Zakenlunch', 'Obiad biznesowy'),
	(1080, 0, 'form_inputs', 'Possible activities in the restaurant', 'Можливих заходів у ресторані', 'Возможные виды мероприятий в ресторане', 'Mogelijke activiteiten in het restaurant', 'Możliwe działania w restauracji'),
	(1081, 0, 'form_inputs', 'Cuisine', 'Кухня', 'Кухня', 'Keuken', 'Kuchnia'),
	(1082, 0, 'form_inputs', 'With photo', 'З фото', 'С фото', 'Met foto', 'Ze zdjęciem'),
	(1084, 0, 'form_inputs', 'Price (average for breakfast, lunch and dinner)', 'Ціна (в середньому за сніданок, обід і вечеря)', 'Цена (средняя за завтрак, обед и ужин отдельно)', 'Prijs (gemiddelde voor ontbijt, lunch en diner)', 'Cena (średnia na śniadanie, lunch i kolację)'),
	(1083, 0, 'form_inputs', 'Search', 'Пошук', 'Поиск', 'Zoeken', 'Szukaj'),
	(1085, 0, 'forms', 'Books', 'Книга', 'Книга', 'Boek', 'Książka'),
	(1086, 0, 'form_inputs', 'ISBN', 'ISBN', 'ISBN', 'ISBN', 'ISBN'),
	(1087, 0, 'form_inputs', 'Author', 'Автор', 'Автор', 'Auteur', 'Autor'),
	(1088, 0, 'form_inputs', 'Language', 'Мова', 'Язык', 'Taal', 'Język'),
	(1089, 0, 'form_inputs', 'Year', 'Рік видання', 'Год издания', 'Jaar', 'Rok'),
	(1090, 0, 'form_inputs', 'Edition', 'Видавництво', 'Издательство', 'Editie', 'Wydanie'),
	(1091, 0, 'form_inputs', 'Number of Pages', 'Кількість сторінок', 'Количество страниц', 'Aantal pagina\'s', 'Liczba stron'),
	(1092, 0, 'form_inputs', 'Cover', 'Обкладинка', 'Обложка', 'Dekken', 'Okładka'),
	(1093, 0, 'form_inputs', 'Save', 'Зберегти', 'Сохранить', 'Opslaan', 'Zapisz'),
	(1094, 0, 'form_inputs', 'Name', 'Назва', 'Название', 'Naam', 'Nazwa'),
	(1095, 0, 'form_inputs', 'Price', 'Ціна', 'Стоимость', 'Koers', 'Cena'),
	(1096, 0, 'form_inputs', 'Old price', 'Стара ціна', 'Старая стоимость', 'Oude prijs', 'Stara cena'),
	(1097, 0, 'form_inputs', 'Image', 'Картина', 'Изображение', 'Figuur', 'Obraz'),
	(1098, 0, 'form_inputs', 'Description', 'Опис', 'Описание', 'Beschrijving', 'Wyszczególnienie'),
	(1099, 0, 'form_inputs', 'Featured', 'Рекомендований', 'Рекомендуемый', 'Aanbevolen', 'Poleca'),
	(1100, 0, 'form_inputs', 'In stock', 'В асортименті', 'В наличии', 'Op voorraad', 'W magazynie'),
	(1101, 0, 'form_inputs', 'Views', 'Переглядів', 'Просмотров', 'Bekeken', 'Odwiedzin'),
	(1102, 0, 'form_containers', 'Main', 'Основний', 'Основной', 'Hoofd', 'Główny'),
	(1103, 0, 'form_containers', 'Category', 'Категорія', 'Категория', 'Categorie', 'Kategoria'),
	(1104, 0, 'form_inputs', 'More images', 'Більше зображень', 'Больше изображений', 'Meer beelden', 'Więcej zdjęć'),
	(1105, 0, 'form_inputs', 'Image 2', 'Картина 2', 'Изображение 2', 'Figuur 2', 'Obraz 2'),
	(1106, 0, 'form_inputs', 'Image 3', 'Картина 3', 'Изображение 3', 'Figuur 3', 'Obraz 3'),
	(1107, 0, 'form_inputs', 'Image 4', 'Картина 4', 'Изображение 4', 'Figuur 4', 'Obraz 4'),
	(1108, 0, 'form_inputs', 'Image 5', 'Картина 5', 'Изображение 5', 'Figuur 5', 'Obraz 5'),
	(1109, 0, 'form_answersets', 'Book language', 'Мова книги', 'Язык книги', 'Boek taal', 'Język książka'),
	(1110, 0, 'form_answersets_values', 'ukrainian', 'українська', 'украинский', 'Oekraïens', 'ukraiński'),
	(1111, 0, 'form_answersets_values', 'russian', 'російська', 'русский', 'Russisch', 'rosyjski'),
	(1112, 0, 'form_answersets', 'Book cover', 'Обкладинка книги', 'Обложка книги', 'Book cover', 'Okładka książki'),
	(1113, 0, 'form_answersets_values', 'soft', 'м\'яка', 'мягкая', 'zacht', 'miękki'),
	(1114, 0, 'form_answersets_values', 'hard', 'тверда', 'твердая', 'hard', 'ciężko'),
	(1115, 0, 'form_answersets', 'Printing', 'Видавництва', 'Издательства', 'Afdrukken', 'Drukowanie'),
	(1120, 0, 'form_inputs', 'Slug from', 'Slug from', 'Slug from', 'Slug from', 'Slug from'),
	(1147, 0, 'books', '', '', '', '', ''),
	(1148, 0, 'books', 'test', 'тест', 'тест', 'test', 'test'),
	(1149, 1, 'books', 'test-book-2', 'test-book-2', 'test-book-2', 'test-book-2', 'test-book-2'),
	(1146, 0, 'books', 'test book 2', 'test book 2', 'test book 2', 'test book 2', 'test book 2'),
	(1150, 0, 'books', 'History of classified secret. New subjects.', 'Історія з грифом секретно. Нові сюжети.', 'История с грифом секретно. Новые сюжеты.', 'Geschiedenis van gerubriceerde geheim. Nieuwe onderwerpen.', 'Historia niejawnych tajemnicy. Nowe tematy.'),
	(1151, 0, 'books', 'Vladimir Vyatrovych', 'Володимир В\'ятрович', 'Владимир Вятрович', 'Vladimir Vyatrovych', 'Vladimir Vyatrovych'),
	(1152, 0, 'books', 'Book description here', 'Книга Опис тут', 'Описание книги здесь', 'Beschrijving van het boek hier', 'Opis książki tutaj'),
	(1153, 1, 'books', 'history-of-classified-secret-new-subjects', 'istoriya-z-grifom-sekretno-novi-syuzheti', 'istoriya-s-grifom-sekretno-novie-syuzheti', 'geschiedenis-van-gerubriceerde-geheim-nieuwe-onderwerpen', 'historia-niejawnych-tajemnicy-nowe-tematy'),
	(1154, 0, 'forms', 'Find Book', 'Знайти книгу', 'Найти книгу', 'Zoek boeken', 'Znajdź książkę'),
	(1155, 0, 'form_containers', 'Main', 'Основний', 'Основной', 'Hoofd', 'Główny'),
	(1156, 0, 'form_inputs', 'Name', 'Назва', 'Название', 'Naam', 'Nazwa'),
	(1157, 0, 'form_containers', 'From - To', 'Від - до', 'От - до', 'Van - Tot', 'Od - do'),
	(1158, 0, 'form_inputs', 'Price', 'Ціна', 'Цена', 'Prijs', 'Cena'),
	(1159, 0, 'form_inputs', 'Price', 'Ціна', 'Цена', 'Prijs', 'Cena'),
	(1164, 0, 'form_inputs', 'Year', 'Рік видання', 'Год издания', 'Jaar', 'Rok'),
	(1165, 0, 'form_inputs', 'Search', 'Пошук', 'Поиск', 'Zoeken', 'Szukaj'),
	(1166, 0, 'form_containers', 'Bottom', 'Дно', 'Нижний', 'Bodem', 'Dno'),
	(1160, 0, 'form_inputs', 'Author', 'Автор', 'Автор', 'Auteur', 'Autor'),
	(1161, 0, 'form_inputs', 'Language', 'Мова', 'Язык', 'Taal', 'Język'),
	(1162, 0, 'form_inputs', 'Year', 'Рік видання', 'Год издания', 'Jaar', 'Rok'),
	(1163, 0, 'form_inputs', 'Edition', 'Видавництво', 'Издательство', 'Editie', 'Wydanie'),
	(1167, 0, 'forms', 'Agenda', 'Порядок денний', 'Повестка дня', 'Agenda', 'Program'),
	(1168, 0, 'form_inputs', 'Title', 'Назва', 'Название', 'Titel', 'Tytuł'),
	(1169, 0, 'form_inputs', 'Start', 'Початок', 'Начало', 'Starten', 'Start'),
	(1170, 0, 'form_inputs', 'End', 'Кінець', 'Конец', 'Einde', 'Koniec'),
	(1171, 0, 'form_inputs', 'Start (Time)', 'Початок (Час)', 'Начало (Время)', 'Start (tijd)', 'Start (Time)'),
	(1172, 0, 'form_inputs', 'End (Time)', 'End (Час)', 'End (Время)', 'End (Time)', 'End (Time)'),
	(1173, 0, 'form_inputs', 'All day', 'Весь день', 'Весь день', 'De hele dag', 'Wszystkie dni'),
	(1174, 0, 'form_inputs', 'Save', 'Зберегти', 'Сохранить', 'Sparen', 'Oszczędzać'),
	(1175, 0, 'form_containers', 'Title', 'Заголовок', 'Заголовок', 'Titel', 'Nazwa pliku'),
	(1176, 0, 'form_containers', 'Date/Time', 'Дата й час', 'Дата и время', 'Datum/tijd', 'Date/Time'),
	(1177, 0, 'form_containers', 'Save / Delete', 'Зберегти / Видалити', 'Сохранить / Удалить', 'Save / Delete', 'Zapisz / Usuń'),
	(1178, 0, 'form_inputs', 'Delete', 'Видалити', 'Удалить', 'Verwijderen', 'Usuń'),
	(1179, 0, 'form_inputs', 'empty', 'empty', 'empty', 'empty', 'empty'),
	(1180, 0, 'products', 'Buy Test Product', 'Купити тестованого продукту', 'Купить тестируемого продукта', 'Kopen Product van de Test', 'Kup produkt testowy'),
	(1182, 0, 'quiz_categories_list', 'PHP', 'PHP', 'PHP', 'PHP', 'PHP'),
	(1183, 0, 'quiz_categories_list', '', '', '', '', ''),
	(1184, 0, 'quiz_categories_list', '', '', '', '', ''),
	(1185, 0, 'quiz_categories_list', 'JavaScript', 'JavaScript', 'JavaScript', 'JavaScript', 'JavaScript'),
	(1186, 0, 'quiz_categories_list', '', '', '', '', ''),
	(1187, 0, 'quiz_categories_list', '', '', '', '', ''),
	(1188, 0, 'documents_categories_list', 'Documents Category 1', 'Documents Category 1', 'Documents Category 1', 'Documents Category 1', 'Documents Category 1'),
	(1189, 0, 'documents_categories_list', 'Documents Category 2', 'Documents Category 2', 'Documents Category 2', 'Documents Category 2', 'Documents Category 2'),
	(1190, 0, 'documents_categories_list', 'Documents Category 3', 'Documents Category 3', 'Documents Category 3', 'Documents Category 3', 'Documents Category 3'),
	(1191, 0, 'forms', 'Documents', 'Документи', 'Документы', 'Documenten', 'Dokumenty'),
	(1192, 0, 'form_inputs', 'Name', 'Ім\'я', 'Имя', 'Naam', 'Nazwa'),
	(1193, 0, 'form_inputs', 'File', 'Файл', 'Файл', 'Bestand', 'Plik'),
	(1194, 0, 'form_inputs', 'Category', 'Категорія', 'Категория', 'Categorie', 'Kategoria'),
	(1195, 0, 'form_inputs', 'Save', 'Зберегти', 'Сохранить', 'Opslaan', 'Zapisz'),
	(1196, 0, 'form_answersets', 'Document Category', 'Документ Категорія', 'Категория документа', 'nl-NL Document Category', 'Kategoria dokumentu'),
	(1197, 0, 'documents_categories_list', 'Documents Category 4', 'Documents Category 4', 'Documents Category 4', 'Documents Category 4', 'Documents Category 4');
/*!40000 ALTER TABLE `lang_gen` ENABLE KEYS */;


-- Dumping structure for таблиця ci-0352.links
CREATE TABLE IF NOT EXISTS `links` (
  `id` int(10) unsigned NOT NULL AUTO_INCREMENT,
  `name_lang_id` int(11) unsigned NOT NULL DEFAULT '0',
  `description_lang_id` int(11) unsigned NOT NULL DEFAULT '0',
  `link` text NOT NULL,
  PRIMARY KEY (`id`)
) ENGINE=MyISAM AUTO_INCREMENT=25 DEFAULT CHARSET=utf8;

-- Dumping data for table ci-0352.links: 1 rows
/*!40000 ALTER TABLE `links` DISABLE KEYS */;
INSERT INTO `links` (`id`, `name_lang_id`, `description_lang_id`, `link`) VALUES
	(23, 43, 44, 'http://google.com');
/*!40000 ALTER TABLE `links` ENABLE KEYS */;


-- Dumping structure for таблиця ci-0352.menu
CREATE TABLE IF NOT EXISTS `menu` (
  `id` int(10) unsigned NOT NULL AUTO_INCREMENT,
  `name_lang_id` int(11) unsigned NOT NULL DEFAULT '0',
  `page_id` int(11) unsigned NOT NULL DEFAULT '0',
  `link` varchar(255) DEFAULT NULL,
  `sort` int(10) unsigned NOT NULL DEFAULT '0',
  `menu` enum('left','bottom') NOT NULL DEFAULT 'left',
  PRIMARY KEY (`id`),
  KEY `name_lang_id` (`name_lang_id`),
  KEY `menu` (`menu`)
) ENGINE=MyISAM AUTO_INCREMENT=59 DEFAULT CHARSET=utf8;

-- Dumping data for table ci-0352.menu: 7 rows
/*!40000 ALTER TABLE `menu` DISABLE KEYS */;
INSERT INTO `menu` (`id`, `name_lang_id`, `page_id`, `link`, `sort`, `menu`) VALUES
	(1, 3, 0, '', 0, 'left'),
	(7, 8, 0, 'contact_us', 0, 'bottom'),
	(8, 5, 0, 'customers', 1, 'left'),
	(9, 6, 0, 'customers/register', 2, 'left'),
	(11, 7, 0, 'tell_friend', 1, 'bottom'),
	(47, 9, 0, 'quiz', 3, 'left'),
	(48, 10, 0, 'quiz/rating', 4, 'left');
/*!40000 ALTER TABLE `menu` ENABLE KEYS */;


-- Dumping structure for таблиця ci-0352.news
CREATE TABLE IF NOT EXISTS `news` (
  `id` int(10) unsigned NOT NULL AUTO_INCREMENT,
  `head_lang_id` int(11) unsigned NOT NULL DEFAULT '0',
  `slug_lang_id` int(11) unsigned NOT NULL DEFAULT '0',
  `meta_keywords_lang_id` int(11) unsigned NOT NULL DEFAULT '0',
  `meta_description_lang_id` int(11) unsigned NOT NULL DEFAULT '0',
  `body_lang_id` int(11) NOT NULL DEFAULT '0',
  `pub_date` datetime NOT NULL DEFAULT '0000-00-00 00:00:00',
  `comments_opened` enum('default','no','yes') NOT NULL DEFAULT 'default',
  PRIMARY KEY (`id`),
  KEY `pub_date` (`pub_date`)
) ENGINE=MyISAM AUTO_INCREMENT=18 DEFAULT CHARSET=utf8;

-- Dumping data for table ci-0352.news: 1 rows
/*!40000 ALTER TABLE `news` DISABLE KEYS */;
INSERT INTO `news` (`id`, `head_lang_id`, `slug_lang_id`, `meta_keywords_lang_id`, `meta_description_lang_id`, `body_lang_id`, `pub_date`, `comments_opened`) VALUES
	(13, 45, 283, 334, 335, 46, '2011-07-25 15:40:54', 'default');
/*!40000 ALTER TABLE `news` ENABLE KEYS */;


-- Dumping structure for таблиця ci-0352.newsletters
CREATE TABLE IF NOT EXISTS `newsletters` (
  `id` int(11) unsigned NOT NULL AUTO_INCREMENT,
  `subject` varchar(255) NOT NULL DEFAULT '',
  `message` text NOT NULL,
  `send_from` varchar(150) NOT NULL DEFAULT '',
  `send_to` varchar(150) NOT NULL DEFAULT '',
  `date` timestamp NOT NULL DEFAULT CURRENT_TIMESTAMP,
  PRIMARY KEY (`id`)
) ENGINE=MyISAM AUTO_INCREMENT=128 DEFAULT CHARSET=utf8;

-- Dumping data for table ci-0352.newsletters: 0 rows
/*!40000 ALTER TABLE `newsletters` DISABLE KEYS */;
/*!40000 ALTER TABLE `newsletters` ENABLE KEYS */;


-- Dumping structure for таблиця ci-0352.orders
CREATE TABLE IF NOT EXISTS `orders` (
  `id` int(11) unsigned NOT NULL AUTO_INCREMENT,
  `customer_id` int(11) unsigned NOT NULL DEFAULT '0',
  `orders_customer_info_id` char(16) NOT NULL DEFAULT '',
  `subtotal` decimal(7,2) unsigned NOT NULL,
  `discount_percent` tinyint(2) unsigned NOT NULL,
  `discount_amount` decimal(7,2) unsigned NOT NULL,
  `discount_coupon` char(10) NOT NULL,
  `shipping_id` char(16) NOT NULL,
  `shipping_title` varchar(150) NOT NULL,
  `shipping_amount` decimal(7,2) NOT NULL,
  `total` decimal(7,2) unsigned NOT NULL,
  `status` tinyint(1) unsigned NOT NULL DEFAULT '0',
  `date` timestamp NOT NULL DEFAULT CURRENT_TIMESTAMP,
  PRIMARY KEY (`id`)
) ENGINE=MyISAM AUTO_INCREMENT=51 DEFAULT CHARSET=utf8;

-- Dumping data for table ci-0352.orders: 7 rows
/*!40000 ALTER TABLE `orders` DISABLE KEYS */;
INSERT INTO `orders` (`id`, `customer_id`, `orders_customer_info_id`, `subtotal`, `discount_percent`, `discount_amount`, `discount_coupon`, `shipping_id`, `shipping_title`, `shipping_amount`, `total`, `status`, `date`) VALUES
	(25, 7, '', 107.50, 0, 0.00, '', '', '', 0.00, 107.50, 2, '2013-02-22 11:37:26'),
	(28, 7, '', 999.50, 10, 99.95, '', '', '', 0.00, 899.55, 3, '2012-07-26 14:23:56'),
	(30, 7, '', 90.00, 10, 9.00, 'xhr0p5tNk9', '', '', 0.00, 81.00, 0, '2012-07-26 14:23:56'),
	(33, 7, '', 135.50, 5, 6.78, '', '', '', 0.00, 128.72, 3, '2013-03-22 11:38:30'),
	(39, 7, '', 152.50, 5, 7.63, '', '', '', 0.00, 144.87, 2, '2012-02-22 11:37:36'),
	(41, 7, '', 46.00, 10, 4.60, 'xhr0p5tNk9', 'AFFECF56BB20F451', 'Автолюкс', 30.00, 71.40, 3, '2012-05-22 11:37:38'),
	(50, 7, '0', 429.90, 3, 12.90, '', '5145C98DABDD171A', 'New Mail', 20.00, 437.00, 2, '2013-03-22 11:49:42');
/*!40000 ALTER TABLE `orders` ENABLE KEYS */;


-- Dumping structure for таблиця ci-0352.orders_cart
CREATE TABLE IF NOT EXISTS `orders_cart` (
  `id` int(11) unsigned NOT NULL AUTO_INCREMENT,
  `order_id` int(11) unsigned NOT NULL DEFAULT '0',
  `product_id` int(11) NOT NULL DEFAULT '0',
  `qty` tinyint(3) unsigned NOT NULL,
  `price` decimal(7,2) unsigned DEFAULT NULL,
  PRIMARY KEY (`id`),
  KEY `order_id` (`order_id`)
) ENGINE=MyISAM AUTO_INCREMENT=94 DEFAULT CHARSET=utf8;

-- Dumping data for table ci-0352.orders_cart: 12 rows
/*!40000 ALTER TABLE `orders_cart` DISABLE KEYS */;
INSERT INTO `orders_cart` (`id`, `order_id`, `product_id`, `qty`, `price`) VALUES
	(45, 25, 16, 2, 30.50),
	(46, 25, 18, 3, 15.50),
	(55, 28, 15, 10, 99.95),
	(58, 30, 19, 3, 30.00),
	(63, 33, 19, 4, 30.00),
	(64, 33, 18, 1, 15.50),
	(75, 39, 16, 2, 30.50),
	(76, 39, 16, 3, 30.50),
	(80, 41, 16, 1, 30.50),
	(81, 41, 18, 1, 15.50),
	(92, 50, 15, 2, 99.95),
	(93, 50, 19, 1, 230.00);
/*!40000 ALTER TABLE `orders_cart` ENABLE KEYS */;


-- Dumping structure for таблиця ci-0352.orders_cart_attributes
CREATE TABLE IF NOT EXISTS `orders_cart_attributes` (
  `id` int(11) unsigned NOT NULL AUTO_INCREMENT,
  `order_cart_id` int(11) unsigned NOT NULL DEFAULT '0',
  `attr_id` int(11) unsigned NOT NULL DEFAULT '0',
  `value_id` int(11) unsigned NOT NULL DEFAULT '0',
  PRIMARY KEY (`id`),
  KEY `order_cart_id` (`order_cart_id`)
) ENGINE=MyISAM AUTO_INCREMENT=13 DEFAULT CHARSET=utf8;

-- Dumping data for table ci-0352.orders_cart_attributes: 6 rows
/*!40000 ALTER TABLE `orders_cart_attributes` DISABLE KEYS */;
INSERT INTO `orders_cart_attributes` (`id`, `order_cart_id`, `attr_id`, `value_id`) VALUES
	(1, 45, 1, 11),
	(2, 45, 2, 4),
	(9, 75, 1, 10),
	(10, 75, 2, 1),
	(11, 76, 1, 11),
	(12, 76, 2, 4);
/*!40000 ALTER TABLE `orders_cart_attributes` ENABLE KEYS */;


-- Dumping structure for таблиця ci-0352.orders_customer_info
CREATE TABLE IF NOT EXISTS `orders_customer_info` (
  `data_key` char(16) NOT NULL,
  `pub_date` timestamp NOT NULL DEFAULT CURRENT_TIMESTAMP,
  `name` varchar(100) NOT NULL,
  `surname` varchar(100) NOT NULL,
  `email` varchar(255) NOT NULL,
  `phone` varchar(20) NOT NULL,
  `city` varchar(100) NOT NULL,
  `address` varchar(100) NOT NULL,
  `zipcode` varchar(20) NOT NULL,
  PRIMARY KEY (`data_key`)
) ENGINE=MyISAM DEFAULT CHARSET=utf8;

-- Dumping data for table ci-0352.orders_customer_info: 0 rows
/*!40000 ALTER TABLE `orders_customer_info` DISABLE KEYS */;
/*!40000 ALTER TABLE `orders_customer_info` ENABLE KEYS */;


-- Dumping structure for таблиця ci-0352.pages
CREATE TABLE IF NOT EXISTS `pages` (
  `id` tinyint(3) unsigned NOT NULL AUTO_INCREMENT,
  `slug_lang_id` int(11) unsigned NOT NULL DEFAULT '0',
  `page_title_lang_id` int(11) unsigned NOT NULL DEFAULT '0',
  `meta_keywords_lang_id` int(11) unsigned NOT NULL DEFAULT '0',
  `meta_description_lang_id` int(11) unsigned NOT NULL DEFAULT '0',
  `body_lang_id` int(11) unsigned DEFAULT '0',
  `is_content` enum('yes','no') NOT NULL DEFAULT 'yes',
  `link` varchar(255) DEFAULT NULL,
  PRIMARY KEY (`id`)
) ENGINE=MyISAM AUTO_INCREMENT=52 DEFAULT CHARSET=utf8;

-- Dumping data for table ci-0352.pages: 22 rows
/*!40000 ALTER TABLE `pages` DISABLE KEYS */;
INSERT INTO `pages` (`id`, `slug_lang_id`, `page_title_lang_id`, `meta_keywords_lang_id`, `meta_description_lang_id`, `body_lang_id`, `is_content`, `link`) VALUES
	(31, 142, 143, 144, 145, 146, 'no', 'subscribe/unsubscribe'),
	(35, 147, 148, 149, 150, 151, 'no', 'jobs'),
	(28, 137, 138, 139, 140, 141, 'no', 'posters'),
	(16, 92, 93, 94, 95, 96, 'no', 'news'),
	(17, 97, 98, 99, 100, 101, 'no', NULL),
	(18, 102, 103, 104, 105, 106, 'no', 'contact_us'),
	(19, 107, 108, 109, 110, 111, 'no', 'tell_friend'),
	(20, 112, 113, 114, 115, 116, 'no', 'links'),
	(23, 117, 118, 119, 120, 121, 'no', 'customers/register'),
	(24, 122, 123, 124, 125, 126, 'no', 'customers/signin'),
	(25, 127, 128, 129, 130, 131, 'no', 'customers/forgot_pass'),
	(1, 82, 83, 84, 85, 86, 'yes', NULL),
	(26, 132, 133, 134, 135, 136, 'no', 'faq'),
	(36, 152, 153, 154, 155, 156, 'no', 'news/RSS'),
	(37, 157, 158, 159, 160, 161, 'no', 'articles'),
	(38, 162, 163, 164, 165, 166, 'no', 'articles/RSS'),
	(40, 87, 88, 89, 90, 91, 'yes', 'order-placed'),
	(43, 167, 168, 169, 170, 171, 'no', 'customers/restore_pass'),
	(47, 321, 322, 323, 324, 325, 'no', 'testimonials'),
	(49, 654, 650, 651, 652, 653, 'no', 'videos'),
	(50, 962, 958, 959, 960, 961, 'yes', NULL),
	(51, 994, 990, 991, 992, 993, 'yes', 'top-news');
/*!40000 ALTER TABLE `pages` ENABLE KEYS */;


-- Dumping structure for таблиця ci-0352.photos
CREATE TABLE IF NOT EXISTS `photos` (
  `id` int(10) unsigned NOT NULL AUTO_INCREMENT,
  `file_name` varchar(40) NOT NULL DEFAULT '',
  `orig_name` varchar(100) NOT NULL DEFAULT '',
  `date` datetime NOT NULL DEFAULT '0000-00-00 00:00:00',
  `category_id` int(5) NOT NULL DEFAULT '1',
  PRIMARY KEY (`id`),
  KEY `file` (`file_name`),
  KEY `category_id` (`category_id`)
) ENGINE=MyISAM AUTO_INCREMENT=196 DEFAULT CHARSET=utf8;

-- Dumping data for table ci-0352.photos: 0 rows
/*!40000 ALTER TABLE `photos` DISABLE KEYS */;
/*!40000 ALTER TABLE `photos` ENABLE KEYS */;


-- Dumping structure for таблиця ci-0352.photos_categories_list
CREATE TABLE IF NOT EXISTS `photos_categories_list` (
  `id` int(10) unsigned NOT NULL AUTO_INCREMENT,
  `category_lang_id` int(11) unsigned NOT NULL DEFAULT '0',
  `parent_id` int(10) unsigned NOT NULL DEFAULT '0',
  `sort` int(5) unsigned NOT NULL DEFAULT '0',
  `file_name` varchar(40) NOT NULL,
  `orig_name` varchar(100) NOT NULL,
  PRIMARY KEY (`id`),
  KEY `parent_id` (`parent_id`),
  KEY `sort` (`sort`),
  KEY `file_name` (`file_name`)
) ENGINE=MyISAM AUTO_INCREMENT=26 DEFAULT CHARSET=utf8;

-- Dumping data for table ci-0352.photos_categories_list: 0 rows
/*!40000 ALTER TABLE `photos_categories_list` DISABLE KEYS */;
/*!40000 ALTER TABLE `photos_categories_list` ENABLE KEYS */;


-- Dumping structure for таблиця ci-0352.poll_answers
CREATE TABLE IF NOT EXISTS `poll_answers` (
  `id` int(11) unsigned NOT NULL AUTO_INCREMENT,
  `poll_id` int(10) unsigned NOT NULL,
  `answer_lang_id` int(11) unsigned NOT NULL DEFAULT '0',
  PRIMARY KEY (`id`),
  KEY `poll_id` (`poll_id`)
) ENGINE=MyISAM AUTO_INCREMENT=26 DEFAULT CHARSET=utf8;

-- Dumping data for table ci-0352.poll_answers: 10 rows
/*!40000 ALTER TABLE `poll_answers` DISABLE KEYS */;
INSERT INTO `poll_answers` (`id`, `poll_id`, `answer_lang_id`) VALUES
	(1, 1, 60),
	(2, 1, 61),
	(3, 1, 62),
	(4, 1, 63),
	(5, 1, 64),
	(11, 3, 66),
	(12, 3, 67),
	(13, 3, 68),
	(14, 3, 69),
	(15, 3, 70);
/*!40000 ALTER TABLE `poll_answers` ENABLE KEYS */;


-- Dumping structure for таблиця ci-0352.poll_list
CREATE TABLE IF NOT EXISTS `poll_list` (
  `id` int(11) unsigned NOT NULL AUTO_INCREMENT,
  `title_lang_id` int(11) unsigned NOT NULL DEFAULT '0',
  `active` tinyint(1) unsigned NOT NULL DEFAULT '0',
  `date` timestamp NOT NULL DEFAULT CURRENT_TIMESTAMP,
  PRIMARY KEY (`id`),
  KEY `active` (`active`)
) ENGINE=MyISAM AUTO_INCREMENT=13 DEFAULT CHARSET=utf8;

-- Dumping data for table ci-0352.poll_list: 2 rows
/*!40000 ALTER TABLE `poll_list` DISABLE KEYS */;
INSERT INTO `poll_list` (`id`, `title_lang_id`, `active`, `date`) VALUES
	(1, 58, 1, '2011-03-26 18:27:24'),
	(3, 59, 1, '2011-07-25 18:57:38');
/*!40000 ALTER TABLE `poll_list` ENABLE KEYS */;


-- Dumping structure for таблиця ci-0352.poll_store
CREATE TABLE IF NOT EXISTS `poll_store` (
  `id` int(11) unsigned NOT NULL AUTO_INCREMENT,
  `poll_id` int(11) unsigned NOT NULL DEFAULT '0',
  `answer_id` int(11) unsigned NOT NULL DEFAULT '0',
  `date` timestamp NOT NULL DEFAULT CURRENT_TIMESTAMP ON UPDATE CURRENT_TIMESTAMP,
  `customer_id` int(11) unsigned NOT NULL DEFAULT '0',
  `ip` char(16) NOT NULL,
  `browser` char(20) NOT NULL,
  `os` char(20) NOT NULL,
  PRIMARY KEY (`id`),
  KEY `poll_id` (`poll_id`,`answer_id`,`customer_id`)
) ENGINE=MyISAM AUTO_INCREMENT=134 DEFAULT CHARSET=utf8;

-- Dumping data for table ci-0352.poll_store: 101 rows
/*!40000 ALTER TABLE `poll_store` DISABLE KEYS */;
INSERT INTO `poll_store` (`id`, `poll_id`, `answer_id`, `date`, `customer_id`, `ip`, `browser`, `os`) VALUES
	(31, 1, 3, '2011-03-27 23:18:35', 0, '127.0.0.1', 'Chrome', 'Unknown Windows OS'),
	(32, 3, 15, '2011-03-27 23:18:39', 0, '127.0.0.1', 'Chrome', 'Unknown Windows OS'),
	(33, 1, 1, '2011-05-28 01:23:45', 0, '127.0.0.1', 'Internet Explorer', 'Unknown Windows OS'),
	(34, 3, 11, '2011-05-28 01:25:15', 0, '127.0.0.1', 'Internet Explorer', 'Unknown Windows OS'),
	(35, 1, 2, '2011-05-28 01:27:26', 0, '127.0.0.1', 'Opera', 'Unknown Windows OS'),
	(36, 3, 12, '2011-07-25 19:35:27', 0, '127.0.0.1', 'Chrome', 'Unknown Windows OS'),
	(37, 3, 11, '2011-07-30 13:00:45', 0, '127.0.0.1', 'Firefox', 'Unknown Windows OS'),
	(38, 1, 1, '2011-07-30 14:07:19', 0, '127.0.0.1', 'Firefox', 'Unknown Windows OS'),
	(39, 3, 11, '2011-07-30 14:09:18', 0, '127.0.0.1', 'Firefox', 'Unknown Windows OS'),
	(40, 3, 11, '2011-07-30 14:16:10', 0, '127.0.0.1', 'Chrome', 'Unknown Windows OS'),
	(41, 1, 3, '2011-07-30 14:17:02', 0, '127.0.0.1', 'Chrome', 'Unknown Windows OS'),
	(42, 3, 13, '2011-07-30 14:17:46', 0, '127.0.0.1', 'Chrome', 'Unknown Windows OS'),
	(43, 3, 0, '2011-07-30 14:18:00', 0, '127.0.0.1', 'Chrome', 'Unknown Windows OS'),
	(44, 1, 3, '2011-07-30 14:19:38', 0, '127.0.0.1', 'Chrome', 'Unknown Windows OS'),
	(45, 1, 2, '2011-07-30 14:20:18', 0, '127.0.0.1', 'Chrome', 'Unknown Windows OS'),
	(46, 3, 12, '2011-07-30 14:22:24', 0, '127.0.0.1', 'Chrome', 'Unknown Windows OS'),
	(47, 3, 12, '2011-07-30 14:23:07', 0, '127.0.0.1', 'Chrome', 'Unknown Windows OS'),
	(48, 3, 13, '2011-07-30 14:25:02', 0, '127.0.0.1', 'Chrome', 'Unknown Windows OS'),
	(49, 3, 12, '2011-07-30 14:25:14', 0, '127.0.0.1', 'Chrome', 'Unknown Windows OS'),
	(50, 1, 4, '2011-07-30 14:26:27', 0, '127.0.0.1', 'Chrome', 'Unknown Windows OS'),
	(51, 3, 14, '2011-07-30 14:26:37', 0, '127.0.0.1', 'Firefox', 'Unknown Windows OS'),
	(52, 1, 2, '2011-07-30 14:27:44', 0, '127.0.0.1', 'Chrome', 'Unknown Windows OS'),
	(53, 3, 11, '2011-07-30 14:29:04', 0, '127.0.0.1', 'Chrome', 'Unknown Windows OS'),
	(54, 1, 5, '2011-07-30 14:29:35', 0, '127.0.0.1', 'Chrome', 'Unknown Windows OS'),
	(55, 3, 15, '2011-07-30 14:30:23', 0, '127.0.0.1', 'Chrome', 'Unknown Windows OS'),
	(56, 3, 11, '2011-07-30 14:32:59', 0, '127.0.0.1', 'Chrome', 'Unknown Windows OS'),
	(57, 3, 11, '2011-07-30 14:33:12', 0, '127.0.0.1', 'Chrome', 'Unknown Windows OS'),
	(58, 3, 14, '2011-07-30 14:33:44', 0, '127.0.0.1', 'Chrome', 'Unknown Windows OS'),
	(59, 1, 2, '2011-07-30 14:39:39', 0, '127.0.0.1', 'Chrome', 'Unknown Windows OS'),
	(60, 1, 3, '2011-07-30 14:39:52', 0, '127.0.0.1', 'Chrome', 'Unknown Windows OS'),
	(61, 3, 15, '2011-07-30 14:40:01', 0, '127.0.0.1', 'Chrome', 'Unknown Windows OS'),
	(62, 3, 11, '2011-07-30 14:41:21', 0, '127.0.0.1', 'Firefox', 'Unknown Windows OS'),
	(63, 1, 3, '2011-07-30 14:41:37', 0, '127.0.0.1', 'Firefox', 'Unknown Windows OS'),
	(64, 1, 1, '2011-07-30 14:42:42', 0, '127.0.0.1', 'Internet Explorer', 'Unknown Windows OS'),
	(65, 1, 1, '2011-07-30 14:42:53', 0, '127.0.0.1', 'Internet Explorer', 'Unknown Windows OS'),
	(66, 3, 11, '2011-07-30 14:43:05', 0, '127.0.0.1', 'Internet Explorer', 'Unknown Windows OS'),
	(67, 1, 4, '2011-07-30 14:43:42', 0, '127.0.0.1', 'Firefox', 'Unknown Windows OS'),
	(68, 3, 11, '2011-07-30 14:45:14', 0, '127.0.0.1', 'Firefox', 'Unknown Windows OS'),
	(69, 3, 11, '2011-07-30 14:46:44', 0, '127.0.0.1', 'Firefox', 'Unknown Windows OS'),
	(70, 1, 1, '2011-07-30 15:04:29', 0, '127.0.0.1', 'Chrome', 'Unknown Windows OS'),
	(71, 1, 3, '2011-07-30 15:09:40', 0, '127.0.0.1', 'Chrome', 'Unknown Windows OS'),
	(72, 1, 3, '2011-07-30 15:22:06', 0, '127.0.0.1', 'Chrome', 'Unknown Windows OS'),
	(73, 3, 13, '2011-07-30 15:25:15', 0, '127.0.0.1', 'Chrome', 'Unknown Windows OS'),
	(74, 3, 11, '2011-07-30 17:19:01', 0, '127.0.0.1', 'Chrome', 'Unknown Windows OS'),
	(75, 3, 12, '2011-07-30 17:22:14', 0, '127.0.0.1', 'Chrome', 'Unknown Windows OS'),
	(76, 1, 2, '2011-07-30 17:22:25', 0, '127.0.0.1', 'Chrome', 'Unknown Windows OS'),
	(77, 3, 11, '2011-07-30 17:46:06', 0, '127.0.0.1', 'Chrome', 'Unknown Windows OS'),
	(78, 1, 1, '2011-07-30 17:47:10', 0, '127.0.0.1', 'Chrome', 'Unknown Windows OS'),
	(79, 3, 3, '2011-07-30 20:33:49', 0, '127.0.0.1', 'Chrome', 'Unknown Windows OS'),
	(80, 3, 3, '2011-07-30 20:33:49', 0, '127.0.0.1', 'Chrome', 'Unknown Windows OS'),
	(83, 1, 1, '2011-08-06 15:49:47', 7, '127.0.0.1', 'Chrome', 'Unknown Windows OS'),
	(84, 3, 11, '2011-08-06 15:50:58', 7, '127.0.0.1', 'Chrome', 'Unknown Windows OS'),
	(85, 3, 11, '2011-08-06 15:55:26', 7, '127.0.0.1', 'Chrome', 'Unknown Windows OS'),
	(86, 1, 3, '2011-08-07 11:43:13', 7, '127.0.0.1', 'Chrome', 'Unknown Windows OS'),
	(87, 1, 4, '2011-08-07 11:47:17', 7, '127.0.0.1', 'Chrome', 'Unknown Windows OS'),
	(88, 3, 11, '2011-08-07 11:55:23', 0, '127.0.0.1', 'Internet Explorer', 'Unknown Windows OS'),
	(89, 3, 15, '2011-08-07 11:57:40', 0, '127.0.0.1', 'Internet Explorer', 'Unknown Windows OS'),
	(90, 1, 4, '2011-08-07 12:02:35', 0, '127.0.0.1', 'Firefox', 'Unknown Windows OS'),
	(91, 1, 2, '2011-08-07 12:05:02', 0, '127.0.0.1', 'Opera', 'Unknown Windows OS'),
	(92, 1, 3, '2011-08-07 13:15:25', 7, '127.0.0.1', 'Chrome', 'Unknown Windows OS'),
	(93, 3, 11, '2011-08-07 13:17:15', 7, '127.0.0.1', 'Chrome', 'Unknown Windows OS'),
	(94, 3, 11, '2011-08-07 13:27:22', 0, '127.0.0.1', 'Internet Explorer', 'Unknown Windows OS'),
	(95, 1, 1, '2011-08-07 13:30:34', 0, '127.0.0.1', 'Internet Explorer', 'Unknown Windows OS'),
	(96, 1, 1, '2011-08-12 23:07:23', 7, '127.0.0.1', 'Chrome', 'Unknown Windows OS'),
	(97, 1, 3, '2011-08-12 23:08:29', 7, '127.0.0.1', 'Chrome', 'Unknown Windows OS'),
	(98, 1, 3, '2011-08-12 23:08:40', 7, '127.0.0.1', 'Chrome', 'Unknown Windows OS'),
	(99, 1, 5, '2011-08-12 23:10:39', 7, '127.0.0.1', 'Chrome', 'Unknown Windows OS'),
	(100, 1, 1, '2011-08-13 17:55:09', 0, '127.0.0.1', 'Chrome', 'Unknown Windows OS'),
	(101, 3, 11, '2011-08-13 17:55:24', 0, '127.0.0.1', 'Internet Explorer', 'Unknown Windows OS'),
	(102, 1, 1, '2011-08-31 22:42:49', 0, '127.0.0.1', 'Chrome', 'Unknown Windows OS'),
	(103, 3, 12, '2011-09-01 22:04:59', 0, '127.0.0.1', 'Chrome', 'Unknown Windows OS'),
	(104, 1, 1, '2011-09-03 13:47:20', 0, '127.0.0.1', 'Chrome', 'Unknown Windows OS'),
	(105, 3, 11, '2011-09-04 01:34:16', 21, '127.0.0.1', 'Chrome', 'Unknown Windows OS'),
	(106, 1, 4, '2011-09-04 02:17:55', 0, '127.0.0.1', 'Chrome', 'Unknown Windows OS'),
	(107, 1, 3, '2011-09-04 10:31:14', 7, '127.0.0.1', 'Chrome', 'Unknown Windows OS'),
	(108, 1, 1, '2011-09-05 23:32:56', 7, '127.0.0.1', 'Opera', 'Unknown Windows OS'),
	(109, 1, 4, '2011-09-07 22:10:42', 7, '127.0.0.1', 'Firefox', 'Unknown Windows OS'),
	(110, 3, 11, '2011-11-06 11:48:42', 7, '127.0.0.1', 'Chrome', 'Unknown Windows OS'),
	(111, 1, 2, '2011-11-19 12:46:58', 7, '127.0.0.1', 'Chrome', 'Unknown Windows OS'),
	(112, 1, 3, '2011-12-06 12:52:09', 7, '127.0.0.1', 'Chrome', 'Unknown Windows OS'),
	(113, 1, 1, '2012-01-21 21:00:51', 7, '127.0.0.1', 'Chrome', 'Unknown Windows OS'),
	(114, 3, 11, '2012-01-21 21:03:15', 7, '127.0.0.1', 'Chrome', 'Unknown Windows OS'),
	(115, 1, 2, '2012-01-21 21:07:40', 7, '127.0.0.1', 'Chrome', 'Unknown Windows OS'),
	(116, 3, 14, '2012-01-21 21:08:41', 7, '127.0.0.1', 'Chrome', 'Unknown Windows OS'),
	(117, 3, 11, '2012-01-21 21:10:01', 7, '127.0.0.1', 'Chrome', 'Unknown Windows OS'),
	(118, 3, 11, '2012-04-01 15:05:27', 7, '127.0.0.1', 'Chrome', 'Unknown Windows OS'),
	(119, 1, 2, '2012-04-01 15:08:40', 7, '127.0.0.1', 'Chrome', 'Unknown Windows OS'),
	(120, 3, 12, '2012-04-01 17:01:44', 0, '127.0.0.1', 'Opera', 'Unknown Windows OS'),
	(121, 3, 12, '2012-04-09 17:42:59', 7, '127.0.0.1', 'Chrome', 'Unknown Windows OS'),
	(122, 1, 3, '2012-05-01 21:05:47', 7, '127.0.0.1', 'Chrome', 'Windows 7'),
	(123, 3, 11, '2012-05-01 21:33:38', 7, '127.0.0.1', 'Chrome', 'Windows 7'),
	(124, 3, 11, '2012-06-26 23:06:41', 7, '127.0.0.1', 'Chrome', 'Windows 7'),
	(125, 3, 11, '2012-12-07 22:46:51', 0, '127.0.0.1', 'Chrome', 'Windows 7'),
	(126, 3, 14, '2012-12-07 23:49:56', 0, '127.0.0.1', 'Internet Explorer', 'Windows 7'),
	(127, 3, 11, '2013-03-02 19:34:27', 0, '127.0.0.1', 'Chrome', 'Windows 7'),
	(128, 1, 2, '2013-12-10 13:27:31', 0, '127.0.0.1', 'Chrome', 'Unknown Windows OS'),
	(129, 1, 3, '2013-12-10 13:27:55', 0, '127.0.0.1', 'Chrome', 'Unknown Windows OS'),
	(130, 1, 5, '2013-12-10 13:28:08', 0, '127.0.0.1', 'Chrome', 'Unknown Windows OS'),
	(131, 3, 11, '2014-01-30 22:20:00', 7, '127.0.0.1', 'Chrome', 'Unknown Windows OS'),
	(132, 1, 4, '2014-02-03 10:43:15', 0, '127.0.0.1', 'Firefox', 'Unknown Windows OS'),
	(133, 3, 11, '2014-02-03 12:43:51', 7, '127.0.0.1', 'Internet Explorer', 'Unknown Windows OS');
/*!40000 ALTER TABLE `poll_store` ENABLE KEYS */;


-- Dumping structure for таблиця ci-0352.posters
CREATE TABLE IF NOT EXISTS `posters` (
  `id` int(11) NOT NULL AUTO_INCREMENT,
  `title` varchar(255) NOT NULL,
  `text` text NOT NULL,
  `period` int(3) NOT NULL,
  `image` varchar(50) NOT NULL DEFAULT '0',
  `pub_date` datetime NOT NULL,
  `customer_id` int(11) NOT NULL,
  `views` int(5) unsigned NOT NULL DEFAULT '0',
  PRIMARY KEY (`id`)
) ENGINE=MyISAM AUTO_INCREMENT=19 DEFAULT CHARSET=utf8;

-- Dumping data for table ci-0352.posters: 1 rows
/*!40000 ALTER TABLE `posters` DISABLE KEYS */;
INSERT INTO `posters` (`id`, `title`, `text`, `period`, `image`, `pub_date`, `customer_id`, `views`) VALUES
	(18, 'test poster', 'test test .....', 180, '0.45840800 1313175018.png', '2011-08-12 21:50:18', 7, 5);
/*!40000 ALTER TABLE `posters` ENABLE KEYS */;


-- Dumping structure for таблиця ci-0352.posts_categories
CREATE TABLE IF NOT EXISTS `posts_categories` (
  `id` int(11) NOT NULL AUTO_INCREMENT,
  `post_id` char(16) NOT NULL,
  `category_id` int(11) NOT NULL,
  `type` enum('poster','company','job','article','news','product','document') NOT NULL DEFAULT 'poster',
  PRIMARY KEY (`id`),
  KEY `post_id` (`post_id`),
  KEY `category_id` (`category_id`),
  KEY `full_index` (`type`,`post_id`,`category_id`)
) ENGINE=MyISAM AUTO_INCREMENT=361 DEFAULT CHARSET=utf8;

-- Dumping data for table ci-0352.posts_categories: 86 rows
/*!40000 ALTER TABLE `posts_categories` DISABLE KEYS */;
INSERT INTO `posts_categories` (`id`, `post_id`, `category_id`, `type`) VALUES
	(161, '4', 58, 'company'),
	(167, '3', 58, 'company'),
	(159, '4', 56, 'company'),
	(160, '4', 57, 'company'),
	(270, '2', 56, 'company'),
	(108, '13', 56, 'company'),
	(107, '13', 55, 'company'),
	(106, '13', 54, 'company'),
	(105, '13', 53, 'company'),
	(104, '13', 39, 'company'),
	(165, '3', 56, 'company'),
	(157, '4', 54, 'company'),
	(158, '4', 55, 'company'),
	(166, '3', 57, 'company'),
	(101, '10', 39, 'company'),
	(102, '10', 48, 'company'),
	(103, '10', 59, 'company'),
	(118, '17', 34, 'company'),
	(164, '3', 52, 'company'),
	(163, '3', 50, 'company'),
	(162, '3', 39, 'company'),
	(269, '2', 53, 'company'),
	(155, '4', 39, 'company'),
	(156, '4', 53, 'company'),
	(168, '3', 59, 'company'),
	(234, '13', 21, 'news'),
	(233, '13', 20, 'news'),
	(224, '3', 1, 'article'),
	(227, '4', 20, 'article'),
	(268, '2', 49, 'company'),
	(267, '2', 59, 'company'),
	(310, '19', 91, 'product'),
	(306, '18', 91, 'product'),
	(302, '16', 91, 'product'),
	(203, '6', 90, 'product'),
	(204, '7', 90, 'product'),
	(205, '8', 90, 'product'),
	(206, '9', 90, 'product'),
	(207, '10', 90, 'product'),
	(208, '11', 90, 'product'),
	(232, '13', 1, 'news'),
	(225, '3', 20, 'article'),
	(228, '4', 21, 'article'),
	(226, '4', 1, 'article'),
	(229, '5', 1, 'article'),
	(230, '5', 20, 'article'),
	(231, '5', 21, 'article'),
	(266, '2', 39, 'company'),
	(295, '18', 56, 'poster'),
	(294, '18', 39, 'poster'),
	(360, '23', 99, 'product'),
	(301, '15', 100, 'product'),
	(300, '15', 99, 'product'),
	(299, '15', 90, 'product'),
	(298, '15', 98, 'product'),
	(297, '15', 97, 'product'),
	(296, '15', 91, 'product'),
	(303, '16', 97, 'product'),
	(304, '16', 90, 'product'),
	(305, '16', 99, 'product'),
	(307, '18', 97, 'product'),
	(308, '18', 96, 'product'),
	(309, '18', 101, 'product'),
	(311, '19', 97, 'product'),
	(312, '19', 98, 'product'),
	(313, '19', 90, 'product'),
	(314, '19', 99, 'product'),
	(315, '19', 100, 'product'),
	(316, '19', 96, 'product'),
	(317, '19', 101, 'product'),
	(359, '23', 90, 'product'),
	(320, '9', 1, 'article'),
	(321, '9', 20, 'article'),
	(322, '9', 25, 'article'),
	(323, '9', 26, 'article'),
	(324, '10', 1, 'article'),
	(325, '10', 20, 'article'),
	(326, '10', 25, 'article'),
	(327, '10', 26, 'article'),
	(328, '24', 91, 'product'),
	(329, '24', 97, 'product'),
	(330, '24', 98, 'product'),
	(358, '968E936A97AC4D56', 97, 'product'),
	(357, '968E936A97AC4D56', 91, 'product'),
	(354, '9BE5581C26CFEE74', 97, 'product'),
	(353, '9BE5581C26CFEE74', 91, 'product');
/*!40000 ALTER TABLE `posts_categories` ENABLE KEYS */;


-- Dumping structure for таблиця ci-0352.posts_categories_orig
CREATE TABLE IF NOT EXISTS `posts_categories_orig` (
  `id` int(11) NOT NULL AUTO_INCREMENT,
  `post_id` int(11) NOT NULL,
  `category_id` int(11) NOT NULL,
  `type` enum('poster','company','job','article','news','product') NOT NULL DEFAULT 'poster',
  PRIMARY KEY (`id`),
  KEY `post_id` (`post_id`),
  KEY `category_id` (`category_id`),
  KEY `full_index` (`type`,`post_id`,`category_id`)
) ENGINE=MyISAM AUTO_INCREMENT=331 DEFAULT CHARSET=utf8 ROW_FORMAT=FIXED;

-- Dumping data for table ci-0352.posts_categories_orig: 82 rows
/*!40000 ALTER TABLE `posts_categories_orig` DISABLE KEYS */;
INSERT INTO `posts_categories_orig` (`id`, `post_id`, `category_id`, `type`) VALUES
	(161, 4, 58, 'company'),
	(167, 3, 58, 'company'),
	(159, 4, 56, 'company'),
	(160, 4, 57, 'company'),
	(270, 2, 56, 'company'),
	(108, 13, 56, 'company'),
	(107, 13, 55, 'company'),
	(106, 13, 54, 'company'),
	(105, 13, 53, 'company'),
	(104, 13, 39, 'company'),
	(165, 3, 56, 'company'),
	(157, 4, 54, 'company'),
	(158, 4, 55, 'company'),
	(166, 3, 57, 'company'),
	(101, 10, 39, 'company'),
	(102, 10, 48, 'company'),
	(103, 10, 59, 'company'),
	(118, 17, 34, 'company'),
	(164, 3, 52, 'company'),
	(163, 3, 50, 'company'),
	(162, 3, 39, 'company'),
	(269, 2, 53, 'company'),
	(155, 4, 39, 'company'),
	(156, 4, 53, 'company'),
	(168, 3, 59, 'company'),
	(234, 13, 21, 'news'),
	(233, 13, 20, 'news'),
	(224, 3, 1, 'article'),
	(227, 4, 20, 'article'),
	(268, 2, 49, 'company'),
	(267, 2, 59, 'company'),
	(310, 19, 91, 'product'),
	(306, 18, 91, 'product'),
	(302, 16, 91, 'product'),
	(203, 6, 90, 'product'),
	(204, 7, 90, 'product'),
	(205, 8, 90, 'product'),
	(206, 9, 90, 'product'),
	(207, 10, 90, 'product'),
	(208, 11, 90, 'product'),
	(232, 13, 1, 'news'),
	(225, 3, 20, 'article'),
	(228, 4, 21, 'article'),
	(226, 4, 1, 'article'),
	(229, 5, 1, 'article'),
	(230, 5, 20, 'article'),
	(231, 5, 21, 'article'),
	(266, 2, 39, 'company'),
	(295, 18, 56, 'poster'),
	(294, 18, 39, 'poster'),
	(318, 23, 91, 'product'),
	(301, 15, 100, 'product'),
	(300, 15, 99, 'product'),
	(299, 15, 90, 'product'),
	(298, 15, 98, 'product'),
	(297, 15, 97, 'product'),
	(296, 15, 91, 'product'),
	(303, 16, 97, 'product'),
	(304, 16, 90, 'product'),
	(305, 16, 99, 'product'),
	(307, 18, 97, 'product'),
	(308, 18, 96, 'product'),
	(309, 18, 101, 'product'),
	(311, 19, 97, 'product'),
	(312, 19, 98, 'product'),
	(313, 19, 90, 'product'),
	(314, 19, 99, 'product'),
	(315, 19, 100, 'product'),
	(316, 19, 96, 'product'),
	(317, 19, 101, 'product'),
	(319, 23, 97, 'product'),
	(320, 9, 1, 'article'),
	(321, 9, 20, 'article'),
	(322, 9, 25, 'article'),
	(323, 9, 26, 'article'),
	(324, 10, 1, 'article'),
	(325, 10, 20, 'article'),
	(326, 10, 25, 'article'),
	(327, 10, 26, 'article'),
	(328, 24, 91, 'product'),
	(329, 24, 97, 'product'),
	(330, 24, 98, 'product');
/*!40000 ALTER TABLE `posts_categories_orig` ENABLE KEYS */;


-- Dumping structure for таблиця ci-0352.posts_images
CREATE TABLE IF NOT EXISTS `posts_images` (
  `id` int(11) unsigned NOT NULL AUTO_INCREMENT,
  `post_id` int(11) unsigned NOT NULL DEFAULT '0',
  `table` varchar(50) NOT NULL,
  `image` varchar(255) DEFAULT NULL,
  PRIMARY KEY (`id`),
  KEY `product_id` (`post_id`),
  KEY `full_index` (`table`,`post_id`)
) ENGINE=MyISAM AUTO_INCREMENT=50 DEFAULT CHARSET=utf8;

-- Dumping data for table ci-0352.posts_images: 6 rows
/*!40000 ALTER TABLE `posts_images` DISABLE KEYS */;
INSERT INTO `posts_images` (`id`, `post_id`, `table`, `image`) VALUES
	(26, 2, 'companies', '0.30562600 1311086135.jpg'),
	(25, 2, 'companies', '0.79604800 1311086134.jpg'),
	(45, 15, 'products', '0.46554800 1312394835.jpg'),
	(46, 15, 'products', '0.41883300 1312395830.jpg'),
	(43, 15, 'products', '0.70889100 1312394370.jpg'),
	(49, 24, 'products', '07e5d9baf0c471d4ca4138df94f52a65.jpg');
/*!40000 ALTER TABLE `posts_images` ENABLE KEYS */;


-- Dumping structure for таблиця ci-0352.products
CREATE TABLE IF NOT EXISTS `products` (
  `id` int(11) unsigned NOT NULL AUTO_INCREMENT,
  `SKU` varchar(30) NOT NULL DEFAULT '',
  `name_lang_id` int(11) unsigned NOT NULL DEFAULT '0',
  `slug_lang_id` int(11) unsigned NOT NULL DEFAULT '0',
  `page_title_lang_id` int(11) unsigned NOT NULL DEFAULT '0',
  `meta_keywords_lang_id` int(11) unsigned NOT NULL DEFAULT '0',
  `meta_description_lang_id` int(11) unsigned NOT NULL DEFAULT '0',
  `price` float(7,2) unsigned NOT NULL,
  `old_price` float(7,2) unsigned NOT NULL,
  `image` varchar(255) NOT NULL,
  `alt_lang_id` int(11) unsigned NOT NULL DEFAULT '0',
  `description_lang_id` int(11) unsigned NOT NULL DEFAULT '0',
  `youtube_url` varchar(255) NOT NULL DEFAULT '',
  `pub_date` datetime NOT NULL,
  `views` int(5) unsigned NOT NULL DEFAULT '0',
  `in_stock` int(1) unsigned NOT NULL DEFAULT '1',
  `featured` int(1) unsigned NOT NULL DEFAULT '0',
  `manufacturer_id` int(11) unsigned NOT NULL DEFAULT '0',
  PRIMARY KEY (`id`),
  KEY `slug_lang_id` (`slug_lang_id`)
) ENGINE=MyISAM AUTO_INCREMENT=25 DEFAULT CHARSET=utf8;

-- Dumping data for table ci-0352.products: 6 rows
/*!40000 ALTER TABLE `products` DISABLE KEYS */;
INSERT INTO `products` (`id`, `SKU`, `name_lang_id`, `slug_lang_id`, `page_title_lang_id`, `meta_keywords_lang_id`, `meta_description_lang_id`, `price`, `old_price`, `image`, `alt_lang_id`, `description_lang_id`, `youtube_url`, `pub_date`, `views`, `in_stock`, `featured`, `manufacturer_id`) VALUES
	(15, 'first-test-product', 20, 22, 1180, 336, 337, 99.95, 110.95, '0.98272900 1312394331.jpg', 642, 21, 'http://www.youtube.com/watch?v=kOjrfL3Hu_8&feature=grec_index[500|350]', '2011-07-24 13:25:43', 15, 1, 0, 0),
	(16, 'test', 23, 25, 0, 339, 340, 30.50, 40.00, '0.57807500 1312393514.jpg', 643, 24, 'http://youtube.com/watch?v=kOjrfL3Hu_8&feature=grec_index', '2011-07-24 19:03:39', 8, 1, 0, 6),
	(18, 'testing', 29, 31, 0, 341, 342, 15.50, 0.00, '0.28663500 1312394423.jpg', 644, 30, '', '2011-07-24 19:39:35', 13, 1, 1, 0),
	(19, 'T0001', 32, 34, 0, 343, 344, 230.00, 0.00, '0.36382800 1312394434.jpg', 645, 33, '', '2011-07-24 19:59:12', 7, 1, 1, 0),
	(23, 'one-test', 369, 373, 0, 370, 371, 30.00, 0.00, '', 646, 372, '', '2011-12-06 16:06:09', 0, 0, 0, 0),
	(24, 'MAGNA123', 984, 989, 1198, 985, 986, 4999.00, 5500.00, '70a9a160f23b9c6c8b9aacaff39f1dba.jpg', 988, 987, '', '2012-08-22 23:48:30', 4, 1, 0, 0);
/*!40000 ALTER TABLE `products` ENABLE KEYS */;


-- Dumping structure for таблиця ci-0352.products_attributes
CREATE TABLE IF NOT EXISTS `products_attributes` (
  `id` int(11) unsigned NOT NULL AUTO_INCREMENT,
  `product_id` int(11) unsigned NOT NULL,
  `attr_id` int(11) unsigned NOT NULL,
  `value_id` int(11) unsigned NOT NULL,
  PRIMARY KEY (`id`)
) ENGINE=MyISAM AUTO_INCREMENT=120 DEFAULT CHARSET=utf8;

-- Dumping data for table ci-0352.products_attributes: 8 rows
/*!40000 ALTER TABLE `products_attributes` DISABLE KEYS */;
INSERT INTO `products_attributes` (`id`, `product_id`, `attr_id`, `value_id`) VALUES
	(119, 16, 1, 12),
	(118, 16, 1, 11),
	(117, 16, 1, 10),
	(116, 16, 2, 6),
	(115, 16, 2, 5),
	(114, 16, 2, 4),
	(113, 16, 2, 3),
	(112, 16, 2, 1);
/*!40000 ALTER TABLE `products_attributes` ENABLE KEYS */;


-- Dumping structure for таблиця ci-0352.products_available_attributes
CREATE TABLE IF NOT EXISTS `products_available_attributes` (
  `id` int(11) unsigned NOT NULL AUTO_INCREMENT,
  `name_lang_id` int(11) unsigned NOT NULL,
  PRIMARY KEY (`id`)
) ENGINE=MyISAM AUTO_INCREMENT=5 DEFAULT CHARSET=utf8;

-- Dumping data for table ci-0352.products_available_attributes: 2 rows
/*!40000 ALTER TABLE `products_available_attributes` DISABLE KEYS */;
INSERT INTO `products_available_attributes` (`id`, `name_lang_id`) VALUES
	(1, 350),
	(2, 351);
/*!40000 ALTER TABLE `products_available_attributes` ENABLE KEYS */;


-- Dumping structure for таблиця ci-0352.products_available_attributes_values
CREATE TABLE IF NOT EXISTS `products_available_attributes_values` (
  `id` int(11) unsigned NOT NULL AUTO_INCREMENT,
  `attr_id` int(11) unsigned NOT NULL,
  `value_lang_id` int(11) unsigned NOT NULL,
  PRIMARY KEY (`id`)
) ENGINE=MyISAM AUTO_INCREMENT=15 DEFAULT CHARSET=utf8;

-- Dumping data for table ci-0352.products_available_attributes_values: 12 rows
/*!40000 ALTER TABLE `products_available_attributes_values` DISABLE KEYS */;
INSERT INTO `products_available_attributes_values` (`id`, `attr_id`, `value_lang_id`) VALUES
	(1, 2, 352),
	(2, 2, 353),
	(3, 2, 354),
	(4, 2, 355),
	(5, 2, 356),
	(6, 2, 357),
	(7, 2, 358),
	(8, 2, 359),
	(9, 2, 360),
	(10, 1, 361),
	(11, 1, 362),
	(12, 1, 363);
/*!40000 ALTER TABLE `products_available_attributes_values` ENABLE KEYS */;


-- Dumping structure for таблиця ci-0352.products_categories_list
CREATE TABLE IF NOT EXISTS `products_categories_list` (
  `id` int(10) unsigned NOT NULL AUTO_INCREMENT,
  `category_lang_id` int(11) unsigned NOT NULL DEFAULT '0',
  `description_lang_id` int(11) unsigned NOT NULL DEFAULT '0',
  `parent_id` int(10) unsigned NOT NULL DEFAULT '0',
  `sort` int(5) unsigned NOT NULL DEFAULT '0',
  `file_name` varchar(40) NOT NULL,
  `orig_name` varchar(100) NOT NULL,
  `alt_lang_id` int(11) unsigned NOT NULL DEFAULT '0',
  PRIMARY KEY (`id`),
  KEY `parent_id` (`parent_id`),
  KEY `sort` (`sort`)
) ENGINE=MyISAM AUTO_INCREMENT=103 DEFAULT CHARSET=utf8;

-- Dumping data for table ci-0352.products_categories_list: 9 rows
/*!40000 ALTER TABLE `products_categories_list` DISABLE KEYS */;
INSERT INTO `products_categories_list` (`id`, `category_lang_id`, `description_lang_id`, `parent_id`, `sort`, `file_name`, `orig_name`, `alt_lang_id`) VALUES
	(90, 250, 418, 0, 1, '10f1568d2abd443299a48becd0f99a2e.jpg', 'home_product_5.jpg', 640),
	(91, 251, 417, 0, 0, 'f8d6f0815454eff6ba5a9aa9ab7f1d6f.jpg', 'home_product_2.jpg', 639),
	(96, 415, 416, 0, 2, 'b9952a3a18a9a5a7361a93a6fd94adc8.png', 'banner.png', 641),
	(97, 557, 558, 91, 0, '597b84cd9e2a17ca4e62f14f33a87792.jpg', 'сайт_хедер21.jpg', 647),
	(98, 559, 560, 91, 1, 'f8b7edc0befcc166264d98105a7109c8.jpg', 'сайт_хедер22.jpg', 0),
	(99, 561, 562, 90, 0, 'a4e394e3dfdcef2e928ab8f8c6c7417a.jpg', 'сайт_хедер21.jpg', 0),
	(100, 563, 564, 90, 1, 'e5d06705d844a55d7f6d070ac457e0bb.jpg', 'сайт_хедер22.jpg', 0),
	(101, 566, 567, 96, 0, '3c6b85089fea35cd8f37b89650e16cc8.JPG', 'DSC01033.JPG', 0),
	(102, 866, 867, 0, 3, '5ffc23a1e7869f759c5ecde870048923.jpg', 'x_6f5049b0.jpg', 868);
/*!40000 ALTER TABLE `products_categories_list` ENABLE KEYS */;


-- Dumping structure for таблиця ci-0352.products_manufacturers
CREATE TABLE IF NOT EXISTS `products_manufacturers` (
  `id` int(11) unsigned NOT NULL AUTO_INCREMENT,
  `name` varchar(150) NOT NULL DEFAULT '',
  PRIMARY KEY (`id`)
) ENGINE=MyISAM AUTO_INCREMENT=11 DEFAULT CHARSET=utf8;

-- Dumping data for table ci-0352.products_manufacturers: 8 rows
/*!40000 ALTER TABLE `products_manufacturers` DISABLE KEYS */;
INSERT INTO `products_manufacturers` (`id`, `name`) VALUES
	(1, 'Asus'),
	(2, 'Acer'),
	(3, 'Apple'),
	(5, 'Samsung'),
	(7, 'MSI'),
	(8, 'Nokia'),
	(9, 'Lenovo'),
	(10, 'HP');
/*!40000 ALTER TABLE `products_manufacturers` ENABLE KEYS */;


-- Dumping structure for таблиця ci-0352.quiz_answers
CREATE TABLE IF NOT EXISTS `quiz_answers` (
  `id` int(10) unsigned NOT NULL AUTO_INCREMENT,
  `question_id` int(11) unsigned NOT NULL,
  `answer` varchar(255) DEFAULT NULL,
  `correct` tinyint(1) unsigned NOT NULL DEFAULT '0',
  PRIMARY KEY (`id`),
  KEY `question_id` (`question_id`,`correct`)
) ENGINE=MyISAM AUTO_INCREMENT=330 DEFAULT CHARSET=utf8;

-- Dumping data for table ci-0352.quiz_answers: 317 rows
/*!40000 ALTER TABLE `quiz_answers` DISABLE KEYS */;
INSERT INTO `quiz_answers` (`id`, `question_id`, `answer`, `correct`) VALUES
	(1, 1, 'echo', 1),
	(2, 1, 'print', 0),
	(3, 1, 'no difference', 0),
	(13, 7, 'no difference', 0),
	(14, 7, 'abstract class could has methods realization, but interface not', 1),
	(15, 7, 'interface  could has methods realization, but abstract class not', 0),
	(16, 7, 'interface extends abstract class', 0),
	(17, 7, 'abstract class extends interface', 0),
	(18, 8, '!=', 1),
	(19, 8, '==', 1),
	(20, 8, '<>', 0),
	(21, 8, '+=', 1),
	(22, 8, '=+', 0),
	(23, 8, '*=', 1),
	(24, 8, '++', 1),
	(25, 8, '**', 0),
	(26, 9, 'private', 0),
	(27, 9, 'public', 1),
	(28, 9, 'protected', 0),
	(29, 9, 'static', 0),
	(30, 10, '1', 0),
	(31, 10, '2', 1),
	(32, 10, '3', 0),
	(33, 10, 'error', 0),
	(34, 11, '0', 0),
	(35, 11, '1', 1),
	(36, 11, 'FALSE', 0),
	(37, 11, 'TRUE', 0),
	(38, 11, 'error', 0),
	(39, 12, '$_GET[\'var\'];', 1),
	(40, 12, '$var', 0),
	(41, 12, '$_POST[\'var\'];', 1),
	(42, 12, '$_var_', 0),
	(43, 12, '$_HEAD[\'var\'];', 0),
	(44, 13, 'k', 0),
	(45, 13, 'i', 1),
	(46, 13, 'error', 0),
	(47, 13, '0', 0),
	(48, 14, 'TRUE', 0),
	(49, 14, 'array(\'c\', \'b\', \'a\')', 1),
	(50, 14, 'array(array(\'c\', \'b\', \'a\'))', 0),
	(51, 14, 'other', 0),
	(52, 15, 'mysql_fetch_array();', 1),
	(53, 15, 'mysql_field_table();', 0),
	(54, 15, 'mysql_fetch_row();', 1),
	(55, 15, 'mysql_field_flags();', 0),
	(56, 16, '__LINE__', 1),
	(57, 16, 'PHP_USER_BROWSER', 0),
	(58, 16, 'TRUE', 1),
	(59, 16, 'PHP_OS', 1),
	(60, 16, '__CATALOG__', 0),
	(61, 17, '12345', 0),
	(62, 17, '12245', 1),
	(63, 17, '22345', 0),
	(64, 17, '11345', 0),
	(65, 17, 'error', 0),
	(66, 18, '0', 0),
	(67, 18, '1', 0),
	(68, 18, 'any', 1),
	(69, 19, 'Xor', 1),
	(70, 19, '||', 1),
	(71, 19, '!', 1),
	(72, 19, 'isset', 0),
	(73, 19, '+', 0),
	(74, 20, '-568087200', 1),
	(75, 20, '-1', 0),
	(76, 20, '0', 0),
	(77, 20, 'error', 0),
	(78, 21, '1', 0),
	(79, 21, '2', 1),
	(80, 21, '0', 0),
	(81, 21, 'error', 0),
	(82, 22, '$f = fopen("/home/rasmus/file.txt", "at");', 0),
	(83, 22, '$f = fopen("/home/rasmus/file.txt", "b+a");', 1),
	(84, 22, '$f = fopen("/home/rasmus/file.txt", "w");', 0),
	(85, 22, '$f = fopen("/home/rasmus/file.txt", "a+b");', 0),
	(86, 22, '$f = fopen("/home/rasmus/file.txt", "x+");', 0),
	(87, 22, '$f = fopen("/home/rasmus/file.txt", "b+t");', 1),
	(88, 23, 'protected function getName(){}', 0),
	(89, 23, 'function getName(){}', 0),
	(90, 23, 'private function getName(){}', 1),
	(91, 23, 'public function getName(){}', 0),
	(92, 23, 'public function getName();', 1),
	(93, 24, '<', 1),
	(94, 24, '>', 1),
	(95, 24, '\'', 1),
	(96, 24, '"', 1),
	(97, 24, '&', 1),
	(98, 25, '1', 0),
	(99, 25, '3', 0),
	(100, 25, '31', 1),
	(101, 25, 'error', 0),
	(102, 26, 'nothing', 0),
	(103, 26, 'Array ( [1] => b [0] => c )', 1),
	(104, 26, '$a', 0),
	(105, 26, 'error', 0),
	(106, 27, 'nothing', 0),
	(107, 27, 'one', 1),
	(108, 27, 'two', 0),
	(109, 27, 'three', 0),
	(110, 27, 'onetwo', 0),
	(111, 27, 'error', 0),
	(112, 28, '__condtruct', 1),
	(113, 28, '__get', 1),
	(114, 28, '__clone', 1),
	(115, 28, '__call', 1),
	(116, 28, '__sleep', 1),
	(117, 28, '__wakeup', 1),
	(118, 28, '__close', 0),
	(119, 29, 'md5()', 0),
	(120, 29, 'sha1()', 1),
	(121, 29, 'crc32()', 0),
	(122, 29, 'other', 0),
	(123, 30, 'nothing', 1),
	(124, 30, '0', 0),
	(125, 30, '5', 0),
	(126, 30, 'error', 0),
	(127, 31, '33', 0),
	(128, 31, '42', 1),
	(129, 31, '0', 0),
	(130, 31, 'error', 0),
	(131, 32, 'Definition of an abstract method can contain method realization', 1),
	(132, 32, 'An abstract class may contain not abstract methods', 0),
	(133, 32, 'Class with at least one abstract method must be declared as abstract', 0),
	(134, 32, 'Abstract classes are introduced in php5', 0),
	(135, 33, 'decimal', 1),
	(136, 33, 'real', 0),
	(137, 33, 'boolean', 0),
	(138, 33, 'double', 0),
	(139, 34, '*', 1),
	(140, 35, 'list-type-style:circle;', 0),
	(141, 35, 'list-style-type:circle;', 1),
	(142, 35, 'list-attachment-type:circle;', 0),
	(143, 35, 'style-list:circle;', 0),
	(144, 35, 'list-type:circle;', 0),
	(145, 36, 'background-color:white;', 1),
	(146, 36, 'background:#fff;', 1),
	(147, 36, 'bgcolor:#FFFFFF;', 0),
	(148, 36, 'backgroundColor:white;', 0),
	(149, 36, 'background-color:rgb(255,255,255);', 1),
	(150, 36, 'bg-color:#fff;', 0),
	(151, 37, 'border-bottom', 0),
	(152, 37, 'border-bottom-color', 0),
	(153, 37, 'border-all', 1),
	(154, 37, 'border-width', 0),
	(155, 37, 'border-bottom-style', 0),
	(156, 37, 'border-max', 1),
	(157, 37, 'border-position', 1),
	(158, 38, 'text-font-size', 0),
	(159, 38, 'font-size', 1),
	(160, 38, 'text-size', 0),
	(161, 38, 'text-font', 0),
	(162, 38, 'size', 0),
	(163, 39, 'padding:5px;', 1),
	(164, 39, 'margin:5px;', 0),
	(165, 39, 'spacing:5px;', 0),
	(166, 39, 'inner-spacing:5px;', 0),
	(167, 39, 'insets:5px;', 0),
	(168, 40, 'Continious Style Sheets', 0),
	(169, 40, 'Conceptual Style Sheets', 0),
	(170, 40, 'Cascading Style Sheets', 1),
	(171, 40, 'Controlable Style Sheets', 0),
	(172, 40, 'Contraversal Styling Sheets', 0),
	(173, 41, 'text-size', 0),
	(174, 41, 'text-height', 0),
	(175, 41, 'font-height', 0),
	(176, 41, 'line-height', 1),
	(177, 41, 'text-list-height', 0),
	(178, 42, 'align:center;', 0),
	(179, 42, 'text-align:center;', 1),
	(180, 42, 'halign:center;', 0),
	(181, 42, 'content-align:center;', 0),
	(182, 42, 'horizontal-align:center;', 0),
	(183, 43, 'body { color: black }', 1),
	(184, 43, 'body:color=black', 0),
	(185, 43, '{body:color=black}', 0),
	(186, 43, '{body;color:black}', 0),
	(187, 43, 'body ( color: black )', 0),
	(188, 44, 'p { font-size: bold; }', 0),
	(189, 44, 'p { font-weight: bold; }', 1),
	(190, 44, 'p { font-style: bold; }', 0),
	(191, 44, 'p { text-weight: bold }', 0),
	(192, 44, 'p { text-style: bold; }', 0),
	(193, 45, 'class.white{ background-color:white; }', 0),
	(194, 45, '.white { background-color:white; }', 1),
	(195, 45, 'class=white { background-color:white; }', 0),
	(196, 45, 'p.white { background-color:white; }', 0),
	(197, 45, 'class:white { background-color:white; }', 0),
	(198, 46, '<a href="..." border="0"><img src="..." /></a>', 0),
	(199, 46, '<a href="..." style="border:none;"><img src="..." /></a>', 0),
	(200, 46, '<a href="..."><img src="..." style="border:none;" /></a>', 1),
	(201, 46, '<a href="..."><img src="..." border="0" /></a>', 1),
	(202, 47, '<!DOCTYPE html>', 1),
	(203, 47, '<!DOCTYPE html PUBLIC "-//W3C//DTD HTML 5 Transitional//EN" "http://www.w3.org/TR/HTML5/DTD/HTML5-transitional.dtd">', 0),
	(204, 47, '<!DOCTYPE html5>', 0),
	(205, 47, '<!DOCTYPE HTML PUBLIC "-//W3C//DTD HTML 45//EN" "http://www.w3.org/TR/html5/strict.dtd">', 0),
	(206, 48, '<meta charset="UTF-8" />', 1),
	(207, 48, '<meta http-equiv="Content-Type" content="text/html; charset=utf-8" />', 0),
	(208, 48, '<meta http-equiv="Content-Type" content="text/html5; charset=utf-8" />', 0),
	(209, 48, '<meta http-equiv="Content-Type" content="HTML5; charset=utf-8" />', 0),
	(210, 49, 'header', 1),
	(211, 49, 'footer', 1),
	(212, 49, 'article', 1),
	(213, 49, 'aside', 1),
	(214, 49, 'hgroup', 1),
	(215, 49, 'php', 0),
	(216, 49, 'video', 1),
	(217, 50, 'PUT', 1),
	(218, 50, 'DELETE', 1),
	(219, 50, 'UPLOAD', 0),
	(220, 50, 'REMOVE', 0),
	(221, 51, 'section', 1),
	(222, 51, 'aside', 1),
	(223, 51, 'hgroup', 1),
	(224, 51, 'figure', 0),
	(225, 51, 'audio', 0),
	(226, 52, 'meter', 1),
	(227, 52, 'progress', 1),
	(228, 52, 'footer', 0),
	(229, 52, 'aside', 0),
	(230, 52, 'hgroup', 0),
	(231, 52, 'menu', 1),
	(232, 53, 'basefont', 1),
	(233, 53, 'center', 1),
	(234, 53, 'frame', 1),
	(235, 53, 'frameset', 1),
	(236, 53, 'iframe', 0),
	(237, 54, 'menu', 0),
	(238, 54, 'nav', 1),
	(239, 54, 'header', 0),
	(240, 55, 'url', 1),
	(241, 55, 'email', 1),
	(242, 55, 'datetime', 1),
	(243, 55, 'tel', 1),
	(244, 56, 'range', 1),
	(245, 56, 'search', 0),
	(246, 56, 'date', 0),
	(247, 56, 'digit', 0),
	(248, 57, '<input type="text" value="" placeholder="Trila text" />', 1),
	(249, 57, 'This is possible just with javascript.', 0),
	(250, 57, '<input type="placeholder" value="" default="Trila text" />', 0),
	(251, 57, '<input type="text" value="" default="Trila text" />', 0),
	(252, 58, 'required', 1),
	(253, 59, 'moz', 1),
	(254, 60, 'div > h1 {color:red}', 1),
	(255, 60, 'div h1 {color:red}', 0),
	(256, 60, 'div h1 {color:red}', 0),
	(257, 60, 'div h1:first-child {color:red}', 0),
	(258, 61, 'h1 + p {padding:5px;}', 1),
	(259, 61, 'h1 > p {padding:5px;}', 0),
	(260, 61, 'div > p {padding:5px;}', 0),
	(261, 61, 'p[content^=content] {padding:5px;}', 0),
	(262, 62, 'yes, from 7 version', 0),
	(263, 62, 'yes, from 8 version', 0),
	(264, 62, 'yes, from 9 version', 1),
	(265, 62, 'no', 0),
	(266, 63, 'ondragenter', 1),
	(267, 63, 'ondragover', 1),
	(268, 63, 'ondrop', 1),
	(269, 63, 'ondragout', 0),
	(270, 64, 'yes, from 7 version', 1),
	(271, 64, 'yes, from 8 version', 0),
	(272, 64, 'yes, from 9 version', 0),
	(273, 64, 'no', 0),
	(274, 65, 'no', 0),
	(275, 65, '.news{column-count:2;}', 1),
	(276, 65, '.news{columns:2;}', 0),
	(277, 65, '.news{display:table;column:2;}', 0),
	(278, 66, 'a[href^="http://"] {text-decoration:underline;}', 1),
	(279, 66, 'a[href$="http://"] {text-decoration:underline;}', 0),
	(280, 66, 'a[href="http://"] {text-decoration:underline;}', 0),
	(281, 67, 'yes', 0),
	(282, 67, 'yes, from IE 7 version', 1),
	(283, 67, 'yes, from IE 8 version', 0),
	(284, 67, 'yes, from IE 9 version', 0),
	(285, 67, 'no', 0),
	(286, 68, 'input:disabled + label {color:#ccc;}', 1),
	(287, 68, 'label {color:#ccc;}', 0),
	(288, 68, 'input:disabled > label {color:#ccc;}', 0),
	(289, 68, 'label[for="email"] {color:#ccc;}', 0),
	(290, 69, 'div:not(.main):not(.content) {padding:5px;}', 1),
	(291, 69, 'div:not(.main:not(.content)) {padding:5px;}', 0),
	(292, 69, 'div[class=empty] {padding:5px;}', 0),
	(293, 69, 'div[class=""] {padding:5px;}', 1),
	(294, 70, ':root', 1),
	(295, 70, ':empty', 1),
	(296, 70, ':first-of-type', 1),
	(297, 70, ':first-child', 1),
	(298, 70, ':last-child', 1),
	(299, 70, ':only-of-type', 1),
	(300, 71, 'border-radius', 1),
	(301, 71, '-webkit-border-radius', 1),
	(302, 71, '-moz-border-radius', 1),
	(303, 71, '-o-border-radius', 0),
	(304, 72, '1', 0),
	(305, 72, '2', 0),
	(306, 72, '3', 0),
	(307, 72, '4', 1),
	(308, 73, 'FireFox', 1),
	(309, 73, 'Safari', 1),
	(310, 73, 'Internet Explorer', 0),
	(311, 73, 'Opera', 0),
	(312, 73, 'Chrome', 1),
	(313, 74, 'flexible', 0),
	(314, 74, 'box', 1),
	(315, 74, 'inline-box', 1),
	(316, 74, 'flexible-box', 0),
	(317, 75, 'width', 1),
	(318, 75, 'device-width', 1),
	(319, 75, 'orientation', 1),
	(320, 75, 'apect-ratio', 1),
	(321, 75, 'resolution', 1),
	(322, 76, 'no, errors', 0),
	(323, 76, '1', 0),
	(324, 76, '2', 0),
	(325, 76, '3', 0),
	(326, 76, '4', 1);
/*!40000 ALTER TABLE `quiz_answers` ENABLE KEYS */;


-- Dumping structure for таблиця ci-0352.quiz_archive
CREATE TABLE IF NOT EXISTS `quiz_archive` (
  `id` int(11) unsigned NOT NULL AUTO_INCREMENT,
  `customer_id` int(11) unsigned NOT NULL,
  `quiz_id` int(11) unsigned NOT NULL,
  `scores` tinyint(3) unsigned NOT NULL DEFAULT '0',
  `questions_count` tinyint(3) unsigned DEFAULT '0',
  `correct_count` tinyint(3) unsigned DEFAULT '0',
  `started` int(11) unsigned NOT NULL DEFAULT '0',
  `finished` int(11) unsigned NOT NULL DEFAULT '0',
  `data` longtext NOT NULL,
  PRIMARY KEY (`id`)
) ENGINE=MyISAM AUTO_INCREMENT=67 DEFAULT CHARSET=utf8;

-- Dumping data for table ci-0352.quiz_archive: 5 rows
/*!40000 ALTER TABLE `quiz_archive` DISABLE KEYS */;
INSERT INTO `quiz_archive` (`id`, `customer_id`, `quiz_id`, `scores`, `questions_count`, `correct_count`, `started`, `finished`, `data`) VALUES
	(52, 7, 2, 10, 10, 8, 1306534804, 1306534892, 'a:6:{s:4:"quiz";a:7:{s:2:"id";s:1:"2";s:4:"name";s:17:"CSS (Basic Level)";s:11:"description";s:49:"<p>Check your <strong>CSS </strong>knowledge!</p>";s:15:"questions_count";s:2:"10";s:13:"correct_count";s:1:"8";s:4:"date";s:19:"2011-02-02 16:29:39";s:6:"active";s:1:"1";}s:14:"quiz_questions";a:10:{i:0;a:7:{s:2:"id";s:2:"35";s:7:"quiz_id";s:1:"2";s:8:"question";s:40:"How to identify a round bullet for list?";s:4:"code";s:0:"";s:4:"time";s:2:"60";s:10:"start_time";s:10:"1306534804";s:8:"end_time";s:10:"1306534815";}i:1;a:7:{s:2:"id";s:2:"39";s:7:"quiz_id";s:1:"2";s:8:"question";s:50:"How to set in CSS indent width 5px inside element?";s:4:"code";s:0:"";s:4:"time";s:2:"60";s:10:"start_time";s:10:"1306534815";s:8:"end_time";s:10:"1306534838";}i:2;a:7:{s:2:"id";s:2:"34";s:7:"quiz_id";s:1:"2";s:8:"question";s:32:"Please enter universal selector.";s:4:"code";s:0:"";s:4:"time";s:2:"60";s:10:"start_time";s:10:"1306534838";s:8:"end_time";s:10:"1306534843";}i:3;a:7:{s:2:"id";s:2:"37";s:7:"quiz_id";s:1:"2";s:8:"question";s:47:"What of these properties does not exist in CSS?";s:4:"code";s:0:"";s:4:"time";s:3:"120";s:10:"start_time";s:10:"1306534844";s:8:"end_time";s:10:"1306534854";}i:4;a:7:{s:2:"id";s:2:"38";s:7:"quiz_id";s:1:"2";s:8:"question";s:46:"What CSS properties you can set the font size?";s:4:"code";s:0:"";s:4:"time";s:2:"60";s:10:"start_time";s:10:"1306534854";s:8:"end_time";s:10:"1306534866";}i:5;a:7:{s:2:"id";s:2:"40";s:7:"quiz_id";s:1:"2";s:8:"question";s:26:"What does the acronym CSS?";s:4:"code";s:0:"";s:4:"time";s:2:"60";s:10:"start_time";s:10:"1306534866";s:8:"end_time";s:10:"1306534870";}i:6;a:7:{s:2:"id";s:2:"43";s:7:"quiz_id";s:1:"2";s:8:"question";s:60:"Select a piece of CSS, which does not contain syntax errors.";s:4:"code";s:0:"";s:4:"time";s:2:"60";s:10:"start_time";s:10:"1306534870";s:8:"end_time";s:10:"1306534877";}i:7;a:7:{s:2:"id";s:2:"45";s:7:"quiz_id";s:1:"2";s:8:"question";s:83:"What a piece of css specifies a white background for all elements with class white?";s:4:"code";s:0:"";s:4:"time";s:2:"60";s:10:"start_time";s:10:"1306534878";s:8:"end_time";s:10:"1306534881";}i:8;a:7:{s:2:"id";s:2:"42";s:7:"quiz_id";s:1:"2";s:8:"question";s:78:"How using CSS can align inline content block element (eg, <div>) horizontally?";s:4:"code";s:0:"";s:4:"time";s:2:"60";s:10:"start_time";s:10:"1306534881";s:8:"end_time";s:10:"1306534888";}i:9;a:7:{s:2:"id";s:2:"41";s:7:"quiz_id";s:1:"2";s:8:"question";s:61:"What CSS properties can specify the height of a line of text?";s:4:"code";s:0:"";s:4:"time";s:2:"60";s:10:"start_time";s:10:"1306534888";s:8:"end_time";s:10:"1306534892";}}s:10:"correctArr";a:10:{i:41;b:1;i:42;b:1;i:45;b:1;i:43;b:1;i:40;b:1;i:38;b:1;i:37;b:1;i:34;b:1;i:39;b:1;i:35;b:1;}s:7:"answers";a:10:{i:41;a:5:{i:0;a:4:{s:2:"id";s:3:"173";s:11:"question_id";s:2:"41";s:6:"answer";s:9:"text-size";s:7:"correct";s:1:"0";}i:1;a:4:{s:2:"id";s:3:"174";s:11:"question_id";s:2:"41";s:6:"answer";s:11:"text-height";s:7:"correct";s:1:"0";}i:2;a:4:{s:2:"id";s:3:"175";s:11:"question_id";s:2:"41";s:6:"answer";s:11:"font-height";s:7:"correct";s:1:"0";}i:3;a:4:{s:2:"id";s:3:"177";s:11:"question_id";s:2:"41";s:6:"answer";s:16:"text-list-height";s:7:"correct";s:1:"0";}i:4;a:4:{s:2:"id";s:3:"176";s:11:"question_id";s:2:"41";s:6:"answer";s:11:"line-height";s:7:"correct";s:1:"1";}}i:42;a:5:{i:0;a:4:{s:2:"id";s:3:"178";s:11:"question_id";s:2:"42";s:6:"answer";s:13:"align:center;";s:7:"correct";s:1:"0";}i:1;a:4:{s:2:"id";s:3:"180";s:11:"question_id";s:2:"42";s:6:"answer";s:14:"halign:center;";s:7:"correct";s:1:"0";}i:2;a:4:{s:2:"id";s:3:"181";s:11:"question_id";s:2:"42";s:6:"answer";s:21:"content-align:center;";s:7:"correct";s:1:"0";}i:3;a:4:{s:2:"id";s:3:"182";s:11:"question_id";s:2:"42";s:6:"answer";s:24:"horizontal-align:center;";s:7:"correct";s:1:"0";}i:4;a:4:{s:2:"id";s:3:"179";s:11:"question_id";s:2:"42";s:6:"answer";s:18:"text-align:center;";s:7:"correct";s:1:"1";}}i:45;a:5:{i:0;a:4:{s:2:"id";s:3:"193";s:11:"question_id";s:2:"45";s:6:"answer";s:38:"class.white{ background-color:white; }";s:7:"correct";s:1:"0";}i:1;a:4:{s:2:"id";s:3:"195";s:11:"question_id";s:2:"45";s:6:"answer";s:39:"class=white { background-color:white; }";s:7:"correct";s:1:"0";}i:2;a:4:{s:2:"id";s:3:"196";s:11:"question_id";s:2:"45";s:6:"answer";s:35:"p.white { background-color:white; }";s:7:"correct";s:1:"0";}i:3;a:4:{s:2:"id";s:3:"197";s:11:"question_id";s:2:"45";s:6:"answer";s:39:"class:white { background-color:white; }";s:7:"correct";s:1:"0";}i:4;a:4:{s:2:"id";s:3:"194";s:11:"question_id";s:2:"45";s:6:"answer";s:34:".white { background-color:white; }";s:7:"correct";s:1:"1";}}i:43;a:5:{i:0;a:4:{s:2:"id";s:3:"184";s:11:"question_id";s:2:"43";s:6:"answer";s:16:"body:color=black";s:7:"correct";s:1:"0";}i:1;a:4:{s:2:"id";s:3:"185";s:11:"question_id";s:2:"43";s:6:"answer";s:18:"{body:color=black}";s:7:"correct";s:1:"0";}i:2;a:4:{s:2:"id";s:3:"186";s:11:"question_id";s:2:"43";s:6:"answer";s:18:"{body;color:black}";s:7:"correct";s:1:"0";}i:3;a:4:{s:2:"id";s:3:"187";s:11:"question_id";s:2:"43";s:6:"answer";s:21:"body ( color: black )";s:7:"correct";s:1:"0";}i:4;a:4:{s:2:"id";s:3:"183";s:11:"question_id";s:2:"43";s:6:"answer";s:21:"body { color: black }";s:7:"correct";s:1:"1";}}i:40;a:5:{i:0;a:4:{s:2:"id";s:3:"168";s:11:"question_id";s:2:"40";s:6:"answer";s:23:"Continious Style Sheets";s:7:"correct";s:1:"0";}i:1;a:4:{s:2:"id";s:3:"169";s:11:"question_id";s:2:"40";s:6:"answer";s:23:"Conceptual Style Sheets";s:7:"correct";s:1:"0";}i:2;a:4:{s:2:"id";s:3:"171";s:11:"question_id";s:2:"40";s:6:"answer";s:24:"Controlable Style Sheets";s:7:"correct";s:1:"0";}i:3;a:4:{s:2:"id";s:3:"172";s:11:"question_id";s:2:"40";s:6:"answer";s:27:"Contraversal Styling Sheets";s:7:"correct";s:1:"0";}i:4;a:4:{s:2:"id";s:3:"170";s:11:"question_id";s:2:"40";s:6:"answer";s:22:"Cascading Style Sheets";s:7:"correct";s:1:"1";}}i:38;a:5:{i:0;a:4:{s:2:"id";s:3:"158";s:11:"question_id";s:2:"38";s:6:"answer";s:14:"text-font-size";s:7:"correct";s:1:"0";}i:1;a:4:{s:2:"id";s:3:"160";s:11:"question_id";s:2:"38";s:6:"answer";s:9:"text-size";s:7:"correct";s:1:"0";}i:2;a:4:{s:2:"id";s:3:"161";s:11:"question_id";s:2:"38";s:6:"answer";s:9:"text-font";s:7:"correct";s:1:"0";}i:3;a:4:{s:2:"id";s:3:"162";s:11:"question_id";s:2:"38";s:6:"answer";s:4:"size";s:7:"correct";s:1:"0";}i:4;a:4:{s:2:"id";s:3:"159";s:11:"question_id";s:2:"38";s:6:"answer";s:9:"font-size";s:7:"correct";s:1:"1";}}i:37;a:7:{i:0;a:4:{s:2:"id";s:3:"151";s:11:"question_id";s:2:"37";s:6:"answer";s:13:"border-bottom";s:7:"correct";s:1:"0";}i:1;a:4:{s:2:"id";s:3:"152";s:11:"question_id";s:2:"37";s:6:"answer";s:19:"border-bottom-color";s:7:"correct";s:1:"0";}i:2;a:4:{s:2:"id";s:3:"154";s:11:"question_id";s:2:"37";s:6:"answer";s:12:"border-width";s:7:"correct";s:1:"0";}i:3;a:4:{s:2:"id";s:3:"155";s:11:"question_id";s:2:"37";s:6:"answer";s:19:"border-bottom-style";s:7:"correct";s:1:"0";}i:4;a:4:{s:2:"id";s:3:"153";s:11:"question_id";s:2:"37";s:6:"answer";s:10:"border-all";s:7:"correct";s:1:"1";}i:5;a:4:{s:2:"id";s:3:"156";s:11:"question_id";s:2:"37";s:6:"answer";s:10:"border-max";s:7:"correct";s:1:"1";}i:6;a:4:{s:2:"id";s:3:"157";s:11:"question_id";s:2:"37";s:6:"answer";s:15:"border-position";s:7:"correct";s:1:"1";}}i:34;a:1:{i:0;a:4:{s:2:"id";s:3:"139";s:11:"question_id";s:2:"34";s:6:"answer";s:1:"*";s:7:"correct";s:1:"1";}}i:39;a:5:{i:0;a:4:{s:2:"id";s:3:"164";s:11:"question_id";s:2:"39";s:6:"answer";s:11:"margin:5px;";s:7:"correct";s:1:"0";}i:1;a:4:{s:2:"id";s:3:"165";s:11:"question_id";s:2:"39";s:6:"answer";s:12:"spacing:5px;";s:7:"correct";s:1:"0";}i:2;a:4:{s:2:"id";s:3:"166";s:11:"question_id";s:2:"39";s:6:"answer";s:18:"inner-spacing:5px;";s:7:"correct";s:1:"0";}i:3;a:4:{s:2:"id";s:3:"167";s:11:"question_id";s:2:"39";s:6:"answer";s:11:"insets:5px;";s:7:"correct";s:1:"0";}i:4;a:4:{s:2:"id";s:3:"163";s:11:"question_id";s:2:"39";s:6:"answer";s:12:"padding:5px;";s:7:"correct";s:1:"1";}}i:35;a:5:{i:0;a:4:{s:2:"id";s:3:"140";s:11:"question_id";s:2:"35";s:6:"answer";s:23:"list-type-style:circle;";s:7:"correct";s:1:"0";}i:1;a:4:{s:2:"id";s:3:"142";s:11:"question_id";s:2:"35";s:6:"answer";s:28:"list-attachment-type:circle;";s:7:"correct";s:1:"0";}i:2;a:4:{s:2:"id";s:3:"143";s:11:"question_id";s:2:"35";s:6:"answer";s:18:"style-list:circle;";s:7:"correct";s:1:"0";}i:3;a:4:{s:2:"id";s:3:"144";s:11:"question_id";s:2:"35";s:6:"answer";s:17:"list-type:circle;";s:7:"correct";s:1:"0";}i:4;a:4:{s:2:"id";s:3:"141";s:11:"question_id";s:2:"35";s:6:"answer";s:23:"list-style-type:circle;";s:7:"correct";s:1:"1";}}}s:15:"correct_answers";a:10:{i:41;a:1:{i:0;s:3:"176";}i:42;a:1:{i:0;s:3:"179";}i:45;a:1:{i:0;s:3:"194";}i:43;a:1:{i:0;s:3:"183";}i:40;a:1:{i:0;s:3:"170";}i:38;a:1:{i:0;s:3:"159";}i:37;a:3:{i:0;s:3:"153";i:1;s:3:"156";i:2;s:3:"157";}i:34;a:3:{i:0;s:3:"153";i:1;s:3:"156";i:2;s:3:"157";}i:39;a:1:{i:0;s:3:"163";}i:35;a:1:{i:0;s:3:"141";}}s:16:"customer_answers";a:10:{i:41;a:1:{i:0;s:3:"176";}i:42;a:1:{i:0;s:3:"179";}i:45;a:1:{i:0;s:3:"194";}i:43;a:1:{i:0;s:3:"183";}i:40;a:1:{i:0;s:3:"170";}i:38;a:1:{i:0;s:3:"159";}i:37;a:3:{i:0;s:3:"153";i:1;s:3:"156";i:2;s:3:"157";}i:34;s:1:"*";i:39;a:1:{i:0;s:3:"163";}i:35;a:1:{i:0;s:3:"141";}}}'),
	(53, 7, 1, 9, 10, 8, 1306572241, 1306572359, 'a:6:{s:4:"quiz";a:7:{s:2:"id";s:1:"1";s:4:"name";s:20:"PHP 4 (Middle Level)";s:11:"description";s:55:"<p>Check your <strong>PHP4&nbsp;</strong>knowledge!</p>";s:15:"questions_count";s:2:"10";s:13:"correct_count";s:1:"8";s:4:"date";s:19:"2011-02-02 15:42:01";s:6:"active";s:1:"1";}s:14:"quiz_questions";a:10:{i:0;a:7:{s:2:"id";s:2:"21";s:7:"quiz_id";s:1:"1";s:8:"question";s:43:"How many times will include file mfile.php?";s:4:"code";s:47:"include_once "mfile.php";\r\ninclude "mfile.php";";s:4:"time";s:2:"60";s:10:"start_time";s:10:"1306572241";s:8:"end_time";s:10:"1306572257";}i:1;a:7:{s:2:"id";s:2:"14";s:7:"quiz_id";s:1:"1";s:8:"question";s:33:"What is value of $b in this code?";s:4:"code";s:44:"$a = array(\'c\', \'b\', \'a\');\r\n$b = (array) $a;";s:4:"time";s:3:"120";s:10:"start_time";s:10:"1306572257";s:8:"end_time";s:10:"1306572279";}i:2;a:7:{s:2:"id";s:1:"1";s:7:"quiz_id";s:1:"1";s:8:"question";s:43:"What function is faster "echo" or "print" ?";s:4:"code";s:0:"";s:4:"time";s:2:"30";s:10:"start_time";s:10:"1306572279";s:8:"end_time";s:10:"1306572284";}i:3;a:7:{s:2:"id";s:2:"20";s:7:"quiz_id";s:1:"1";s:8:"question";s:23:"What returns this code?";s:4:"code";s:46:"<?php\r\necho strtotime ("January 1, 1952");\r\n?>";s:4:"time";s:3:"120";s:10:"start_time";s:10:"1306572285";s:8:"end_time";s:10:"1306572291";}i:4;a:7:{s:2:"id";s:1:"8";s:7:"quiz_id";s:1:"1";s:8:"question";s:44:"What are correct PHP operators? (Select all)";s:4:"code";s:0:"";s:4:"time";s:2:"60";s:10:"start_time";s:10:"1306572292";s:8:"end_time";s:10:"1306572308";}i:5;a:7:{s:2:"id";s:2:"11";s:7:"quiz_id";s:1:"1";s:8:"question";s:58:"What returns this code if "the_file.php" exists and empty?";s:4:"code";s:40:"<?php \r\necho include "the_file.php";\r\n?>";s:4:"time";s:3:"120";s:10:"start_time";s:10:"1306572309";s:8:"end_time";s:10:"1306572314";}i:6;a:7:{s:2:"id";s:2:"17";s:7:"quiz_id";s:1:"1";s:8:"question";s:23:"What returns this code?";s:4:"code";s:52:"<?php\r\n$a = "12345";\r\n$a[$a[1]] = "2";\r\necho $a;\r\n?>";s:4:"time";s:3:"120";s:10:"start_time";s:10:"1306572314";s:8:"end_time";s:10:"1306572340";}i:7;a:7:{s:2:"id";s:2:"10";s:7:"quiz_id";s:1:"1";s:8:"question";s:23:"What returns this code?";s:4:"code";s:136:"01: <?php\r\n02:     function func(&$r) {\r\n03:        $r++;\r\n04:     }\r\n05:     $r = 1;\r\n06:     func(func($r));\r\n07:     echo $r;\r\n08: ?>";s:4:"time";s:3:"120";s:10:"start_time";s:10:"1306572340";s:8:"end_time";s:10:"1306572347";}i:8;a:7:{s:2:"id";s:2:"15";s:7:"quiz_id";s:1:"1";s:8:"question";s:61:"Which of these functions can display the result of SQL query?";s:4:"code";s:0:"";s:4:"time";s:2:"60";s:10:"start_time";s:10:"1306572347";s:8:"end_time";s:10:"1306572354";}i:9;a:7:{s:2:"id";s:2:"13";s:7:"quiz_id";s:1:"1";s:8:"question";s:23:"What returns this code?";s:4:"code";s:61:"<?php\r\n  $a = 1;\r\n  ${1} = \'wikipedia\';\r\n  echo ${$a}{3};\r\n?>";s:4:"time";s:3:"120";s:10:"start_time";s:10:"1306572354";s:8:"end_time";s:10:"1306572359";}}s:10:"correctArr";a:10:{i:13;b:1;i:15;b:1;i:10;b:1;i:17;b:1;i:11;b:1;i:8;b:0;i:20;b:1;i:1;b:1;i:14;b:1;i:21;b:1;}s:7:"answers";a:10:{i:13;a:4:{i:0;a:4:{s:2:"id";s:2:"44";s:11:"question_id";s:2:"13";s:6:"answer";s:1:"k";s:7:"correct";s:1:"0";}i:1;a:4:{s:2:"id";s:2:"46";s:11:"question_id";s:2:"13";s:6:"answer";s:5:"error";s:7:"correct";s:1:"0";}i:2;a:4:{s:2:"id";s:2:"47";s:11:"question_id";s:2:"13";s:6:"answer";s:1:"0";s:7:"correct";s:1:"0";}i:3;a:4:{s:2:"id";s:2:"45";s:11:"question_id";s:2:"13";s:6:"answer";s:1:"i";s:7:"correct";s:1:"1";}}i:15;a:4:{i:0;a:4:{s:2:"id";s:2:"53";s:11:"question_id";s:2:"15";s:6:"answer";s:20:"mysql_field_table();";s:7:"correct";s:1:"0";}i:1;a:4:{s:2:"id";s:2:"55";s:11:"question_id";s:2:"15";s:6:"answer";s:20:"mysql_field_flags();";s:7:"correct";s:1:"0";}i:2;a:4:{s:2:"id";s:2:"52";s:11:"question_id";s:2:"15";s:6:"answer";s:20:"mysql_fetch_array();";s:7:"correct";s:1:"1";}i:3;a:4:{s:2:"id";s:2:"54";s:11:"question_id";s:2:"15";s:6:"answer";s:18:"mysql_fetch_row();";s:7:"correct";s:1:"1";}}i:10;a:4:{i:0;a:4:{s:2:"id";s:2:"30";s:11:"question_id";s:2:"10";s:6:"answer";s:1:"1";s:7:"correct";s:1:"0";}i:1;a:4:{s:2:"id";s:2:"32";s:11:"question_id";s:2:"10";s:6:"answer";s:1:"3";s:7:"correct";s:1:"0";}i:2;a:4:{s:2:"id";s:2:"33";s:11:"question_id";s:2:"10";s:6:"answer";s:5:"error";s:7:"correct";s:1:"0";}i:3;a:4:{s:2:"id";s:2:"31";s:11:"question_id";s:2:"10";s:6:"answer";s:1:"2";s:7:"correct";s:1:"1";}}i:17;a:5:{i:0;a:4:{s:2:"id";s:2:"61";s:11:"question_id";s:2:"17";s:6:"answer";s:5:"12345";s:7:"correct";s:1:"0";}i:1;a:4:{s:2:"id";s:2:"63";s:11:"question_id";s:2:"17";s:6:"answer";s:5:"22345";s:7:"correct";s:1:"0";}i:2;a:4:{s:2:"id";s:2:"64";s:11:"question_id";s:2:"17";s:6:"answer";s:5:"11345";s:7:"correct";s:1:"0";}i:3;a:4:{s:2:"id";s:2:"65";s:11:"question_id";s:2:"17";s:6:"answer";s:5:"error";s:7:"correct";s:1:"0";}i:4;a:4:{s:2:"id";s:2:"62";s:11:"question_id";s:2:"17";s:6:"answer";s:5:"12245";s:7:"correct";s:1:"1";}}i:11;a:5:{i:0;a:4:{s:2:"id";s:2:"34";s:11:"question_id";s:2:"11";s:6:"answer";s:1:"0";s:7:"correct";s:1:"0";}i:1;a:4:{s:2:"id";s:2:"36";s:11:"question_id";s:2:"11";s:6:"answer";s:5:"FALSE";s:7:"correct";s:1:"0";}i:2;a:4:{s:2:"id";s:2:"37";s:11:"question_id";s:2:"11";s:6:"answer";s:4:"TRUE";s:7:"correct";s:1:"0";}i:3;a:4:{s:2:"id";s:2:"38";s:11:"question_id";s:2:"11";s:6:"answer";s:5:"error";s:7:"correct";s:1:"0";}i:4;a:4:{s:2:"id";s:2:"35";s:11:"question_id";s:2:"11";s:6:"answer";s:1:"1";s:7:"correct";s:1:"1";}}i:8;a:8:{i:0;a:4:{s:2:"id";s:2:"20";s:11:"question_id";s:1:"8";s:6:"answer";s:2:"<>";s:7:"correct";s:1:"0";}i:1;a:4:{s:2:"id";s:2:"22";s:11:"question_id";s:1:"8";s:6:"answer";s:2:"=+";s:7:"correct";s:1:"0";}i:2;a:4:{s:2:"id";s:2:"25";s:11:"question_id";s:1:"8";s:6:"answer";s:2:"**";s:7:"correct";s:1:"0";}i:3;a:4:{s:2:"id";s:2:"18";s:11:"question_id";s:1:"8";s:6:"answer";s:2:"!=";s:7:"correct";s:1:"1";}i:4;a:4:{s:2:"id";s:2:"19";s:11:"question_id";s:1:"8";s:6:"answer";s:2:"==";s:7:"correct";s:1:"1";}i:5;a:4:{s:2:"id";s:2:"21";s:11:"question_id";s:1:"8";s:6:"answer";s:2:"+=";s:7:"correct";s:1:"1";}i:6;a:4:{s:2:"id";s:2:"23";s:11:"question_id";s:1:"8";s:6:"answer";s:2:"*=";s:7:"correct";s:1:"1";}i:7;a:4:{s:2:"id";s:2:"24";s:11:"question_id";s:1:"8";s:6:"answer";s:2:"++";s:7:"correct";s:1:"1";}}i:20;a:4:{i:0;a:4:{s:2:"id";s:2:"75";s:11:"question_id";s:2:"20";s:6:"answer";s:2:"-1";s:7:"correct";s:1:"0";}i:1;a:4:{s:2:"id";s:2:"76";s:11:"question_id";s:2:"20";s:6:"answer";s:1:"0";s:7:"correct";s:1:"0";}i:2;a:4:{s:2:"id";s:2:"77";s:11:"question_id";s:2:"20";s:6:"answer";s:5:"error";s:7:"correct";s:1:"0";}i:3;a:4:{s:2:"id";s:2:"74";s:11:"question_id";s:2:"20";s:6:"answer";s:10:"-568087200";s:7:"correct";s:1:"1";}}i:1;a:3:{i:0;a:4:{s:2:"id";s:1:"2";s:11:"question_id";s:1:"1";s:6:"answer";s:5:"print";s:7:"correct";s:1:"0";}i:1;a:4:{s:2:"id";s:1:"3";s:11:"question_id";s:1:"1";s:6:"answer";s:13:"no difference";s:7:"correct";s:1:"0";}i:2;a:4:{s:2:"id";s:1:"1";s:11:"question_id";s:1:"1";s:6:"answer";s:4:"echo";s:7:"correct";s:1:"1";}}i:14;a:4:{i:0;a:4:{s:2:"id";s:2:"48";s:11:"question_id";s:2:"14";s:6:"answer";s:4:"TRUE";s:7:"correct";s:1:"0";}i:1;a:4:{s:2:"id";s:2:"50";s:11:"question_id";s:2:"14";s:6:"answer";s:27:"array(array(\'c\', \'b\', \'a\'))";s:7:"correct";s:1:"0";}i:2;a:4:{s:2:"id";s:2:"51";s:11:"question_id";s:2:"14";s:6:"answer";s:5:"other";s:7:"correct";s:1:"0";}i:3;a:4:{s:2:"id";s:2:"49";s:11:"question_id";s:2:"14";s:6:"answer";s:20:"array(\'c\', \'b\', \'a\')";s:7:"correct";s:1:"1";}}i:21;a:4:{i:0;a:4:{s:2:"id";s:2:"78";s:11:"question_id";s:2:"21";s:6:"answer";s:1:"1";s:7:"correct";s:1:"0";}i:1;a:4:{s:2:"id";s:2:"80";s:11:"question_id";s:2:"21";s:6:"answer";s:1:"0";s:7:"correct";s:1:"0";}i:2;a:4:{s:2:"id";s:2:"81";s:11:"question_id";s:2:"21";s:6:"answer";s:5:"error";s:7:"correct";s:1:"0";}i:3;a:4:{s:2:"id";s:2:"79";s:11:"question_id";s:2:"21";s:6:"answer";s:1:"2";s:7:"correct";s:1:"1";}}}s:15:"correct_answers";a:10:{i:13;a:1:{i:0;s:2:"45";}i:15;a:2:{i:0;s:2:"52";i:1;s:2:"54";}i:10;a:1:{i:0;s:2:"31";}i:17;a:1:{i:0;s:2:"62";}i:11;a:1:{i:0;s:2:"35";}i:8;a:5:{i:0;s:2:"18";i:1;s:2:"19";i:2;s:2:"21";i:3;s:2:"23";i:4;s:2:"24";}i:20;a:1:{i:0;s:2:"74";}i:1;a:1:{i:0;s:1:"1";}i:14;a:1:{i:0;s:2:"49";}i:21;a:1:{i:0;s:2:"79";}}s:16:"customer_answers";a:10:{i:13;a:1:{i:0;s:2:"45";}i:15;a:2:{i:0;s:2:"52";i:1;s:2:"54";}i:10;a:1:{i:0;s:2:"31";}i:17;a:1:{i:0;s:2:"62";}i:11;a:1:{i:0;s:2:"35";}i:8;a:5:{i:0;s:2:"18";i:1;s:2:"19";i:2;s:2:"20";i:3;s:2:"21";i:4;s:2:"24";}i:20;a:1:{i:0;s:2:"74";}i:1;a:1:{i:0;s:1:"1";}i:14;a:1:{i:0;s:2:"49";}i:21;a:1:{i:0;s:2:"79";}}}'),
	(45, 7, 6, 14, 15, 12, 1299514122, 1299514242, 'a:6:{s:4:"quiz";a:7:{s:2:"id";s:1:"6";s:4:"name";s:5:"HTML5";s:11:"description";s:26:"<p>New HTML5 features.</p>";s:15:"questions_count";s:2:"15";s:13:"correct_count";s:2:"12";s:4:"date";s:19:"2011-03-03 21:15:05";s:6:"active";s:1:"1";}s:14:"quiz_questions";a:15:{i:0;a:7:{s:2:"id";s:2:"54";s:7:"quiz_id";s:1:"6";s:8:"question";s:37:"What of this tag used for navigation?";s:4:"code";s:0:"";s:4:"time";s:3:"120";s:10:"start_time";s:10:"1299514122";s:8:"end_time";s:10:"1299514128";}i:1;a:7:{s:2:"id";s:2:"47";s:7:"quiz_id";s:1:"6";s:8:"question";s:35:"How set doctype for HTML5 document?";s:4:"code";s:0:"";s:4:"time";s:3:"120";s:10:"start_time";s:10:"1299514128";s:8:"end_time";s:10:"1299514133";}i:2;a:7:{s:2:"id";s:2:"51";s:7:"quiz_id";s:1:"6";s:8:"question";s:43:"Please select HTML5 structural (only) tags.";s:4:"code";s:0:"";s:4:"time";s:3:"120";s:10:"start_time";s:10:"1299514133";s:8:"end_time";s:10:"1299514140";}i:3;a:7:{s:2:"id";s:2:"50";s:7:"quiz_id";s:1:"6";s:8:"question";s:44:"What of this new methods supported in HTML5?";s:4:"code";s:0:"";s:4:"time";s:3:"120";s:10:"start_time";s:10:"1299514140";s:8:"end_time";s:10:"1299514151";}i:4;a:7:{s:2:"id";s:2:"53";s:7:"quiz_id";s:1:"6";s:8:"question";s:44:"Please select depracated  in HTML5 elements.";s:4:"code";s:0:"";s:4:"time";s:3:"120";s:10:"start_time";s:10:"1299514151";s:8:"end_time";s:10:"1299514158";}i:5;a:7:{s:2:"id";s:2:"56";s:7:"quiz_id";s:1:"6";s:8:"question";s:76:"What of this input types has functionlity similar on input with type=number?";s:4:"code";s:0:"";s:4:"time";s:3:"120";s:10:"start_time";s:10:"1299514159";s:8:"end_time";s:10:"1299514163";}i:6;a:7:{s:2:"id";s:2:"49";s:7:"quiz_id";s:1:"6";s:8:"question";s:35:"What of this tags present in HTML5?";s:4:"code";s:0:"";s:4:"time";s:3:"120";s:10:"start_time";s:10:"1299514163";s:8:"end_time";s:10:"1299514171";}i:7;a:7:{s:2:"id";s:2:"57";s:7:"quiz_id";s:1:"6";s:8:"question";s:110:"How to make in HTML5 prefilled text in input that hide when input get focus and visible again when focus lost?";s:4:"code";s:0:"";s:4:"time";s:3:"120";s:10:"start_time";s:10:"1299514171";s:8:"end_time";s:10:"1299514180";}i:8;a:7:{s:2:"id";s:2:"48";s:7:"quiz_id";s:1:"6";s:8:"question";s:53:"What is correct charset definition in HTML5 document?";s:4:"code";s:0:"";s:4:"time";s:3:"120";s:10:"start_time";s:10:"1299514180";s:8:"end_time";s:10:"1299514184";}i:9;a:7:{s:2:"id";s:2:"64";s:7:"quiz_id";s:1:"6";s:8:"question";s:62:"Does drag and drop API supported in Internet Explorer browser?";s:4:"code";s:0:"";s:4:"time";s:2:"60";s:10:"start_time";s:10:"1299514185";s:8:"end_time";s:10:"1299514192";}i:10;a:7:{s:2:"id";s:2:"63";s:7:"quiz_id";s:1:"6";s:8:"question";s:56:"What of this events can be used for drop target element?";s:4:"code";s:0:"";s:4:"time";s:3:"120";s:10:"start_time";s:10:"1299514192";s:8:"end_time";s:10:"1299514203";}i:11;a:7:{s:2:"id";s:2:"55";s:7:"quiz_id";s:1:"6";s:8:"question";s:40:"What of this input types exist in HTML5?";s:4:"code";s:0:"";s:4:"time";s:3:"120";s:10:"start_time";s:10:"1299514203";s:8:"end_time";s:10:"1299514214";}i:12;a:7:{s:2:"id";s:2:"62";s:7:"quiz_id";s:1:"6";s:8:"question";s:53:"Does Internet Expolorer browser support "canvas" tag?";s:4:"code";s:0:"";s:4:"time";s:2:"60";s:10:"start_time";s:10:"1299514214";s:8:"end_time";s:10:"1299514220";}i:13;a:7:{s:2:"id";s:2:"52";s:7:"quiz_id";s:1:"6";s:8:"question";s:46:"Please select application-focused (only) tags.";s:4:"code";s:0:"";s:4:"time";s:3:"120";s:10:"start_time";s:10:"1299514220";s:8:"end_time";s:10:"1299514233";}i:14;a:7:{s:2:"id";s:2:"58";s:7:"quiz_id";s:1:"6";s:8:"question";s:47:"What attribute of input tag makes it mandatory?";s:4:"code";s:0:"";s:4:"time";s:3:"120";s:10:"start_time";s:10:"1299514233";s:8:"end_time";s:10:"1299514241";}}s:10:"correctArr";a:15:{i:64;b:1;i:48;b:1;i:57;b:1;i:49;b:1;i:56;b:1;i:53;b:1;i:50;b:1;i:51;b:1;i:47;b:1;i:54;b:1;i:63;b:1;i:55;b:1;i:62;b:1;i:52;b:0;i:58;b:1;}s:7:"answers";a:15:{i:64;a:4:{i:0;a:4:{s:2:"id";s:3:"271";s:11:"question_id";s:2:"64";s:6:"answer";s:19:"yes, from 8 version";s:7:"correct";s:1:"0";}i:1;a:4:{s:2:"id";s:3:"272";s:11:"question_id";s:2:"64";s:6:"answer";s:19:"yes, from 9 version";s:7:"correct";s:1:"0";}i:2;a:4:{s:2:"id";s:3:"273";s:11:"question_id";s:2:"64";s:6:"answer";s:2:"no";s:7:"correct";s:1:"0";}i:3;a:4:{s:2:"id";s:3:"270";s:11:"question_id";s:2:"64";s:6:"answer";s:19:"yes, from 7 version";s:7:"correct";s:1:"1";}}i:48;a:4:{i:0;a:4:{s:2:"id";s:3:"207";s:11:"question_id";s:2:"48";s:6:"answer";s:69:"<meta http-equiv="Content-Type" content="text/html; charset=utf-8" />";s:7:"correct";s:1:"0";}i:1;a:4:{s:2:"id";s:3:"208";s:11:"question_id";s:2:"48";s:6:"answer";s:70:"<meta http-equiv="Content-Type" content="text/html5; charset=utf-8" />";s:7:"correct";s:1:"0";}i:2;a:4:{s:2:"id";s:3:"209";s:11:"question_id";s:2:"48";s:6:"answer";s:65:"<meta http-equiv="Content-Type" content="HTML5; charset=utf-8" />";s:7:"correct";s:1:"0";}i:3;a:4:{s:2:"id";s:3:"206";s:11:"question_id";s:2:"48";s:6:"answer";s:24:"<meta charset="UTF-8" />";s:7:"correct";s:1:"1";}}i:57;a:4:{i:0;a:4:{s:2:"id";s:3:"249";s:11:"question_id";s:2:"57";s:6:"answer";s:38:"This is possible just with javascript.";s:7:"correct";s:1:"0";}i:1;a:4:{s:2:"id";s:3:"250";s:11:"question_id";s:2:"57";s:6:"answer";s:58:"<input type="placeholder" value="" default="Trila text" />";s:7:"correct";s:1:"0";}i:2;a:4:{s:2:"id";s:3:"251";s:11:"question_id";s:2:"57";s:6:"answer";s:51:"<input type="text" value="" default="Trila text" />";s:7:"correct";s:1:"0";}i:3;a:4:{s:2:"id";s:3:"248";s:11:"question_id";s:2:"57";s:6:"answer";s:55:"<input type="text" value="" placeholder="Trila text" />";s:7:"correct";s:1:"1";}}i:49;a:7:{i:0;a:4:{s:2:"id";s:3:"215";s:11:"question_id";s:2:"49";s:6:"answer";s:3:"php";s:7:"correct";s:1:"0";}i:1;a:4:{s:2:"id";s:3:"210";s:11:"question_id";s:2:"49";s:6:"answer";s:6:"header";s:7:"correct";s:1:"1";}i:2;a:4:{s:2:"id";s:3:"211";s:11:"question_id";s:2:"49";s:6:"answer";s:6:"footer";s:7:"correct";s:1:"1";}i:3;a:4:{s:2:"id";s:3:"212";s:11:"question_id";s:2:"49";s:6:"answer";s:7:"article";s:7:"correct";s:1:"1";}i:4;a:4:{s:2:"id";s:3:"213";s:11:"question_id";s:2:"49";s:6:"answer";s:5:"aside";s:7:"correct";s:1:"1";}i:5;a:4:{s:2:"id";s:3:"214";s:11:"question_id";s:2:"49";s:6:"answer";s:6:"hgroup";s:7:"correct";s:1:"1";}i:6;a:4:{s:2:"id";s:3:"216";s:11:"question_id";s:2:"49";s:6:"answer";s:5:"video";s:7:"correct";s:1:"1";}}i:56;a:4:{i:0;a:4:{s:2:"id";s:3:"245";s:11:"question_id";s:2:"56";s:6:"answer";s:6:"search";s:7:"correct";s:1:"0";}i:1;a:4:{s:2:"id";s:3:"246";s:11:"question_id";s:2:"56";s:6:"answer";s:4:"date";s:7:"correct";s:1:"0";}i:2;a:4:{s:2:"id";s:3:"247";s:11:"question_id";s:2:"56";s:6:"answer";s:5:"digit";s:7:"correct";s:1:"0";}i:3;a:4:{s:2:"id";s:3:"244";s:11:"question_id";s:2:"56";s:6:"answer";s:5:"range";s:7:"correct";s:1:"1";}}i:53;a:5:{i:0;a:4:{s:2:"id";s:3:"236";s:11:"question_id";s:2:"53";s:6:"answer";s:6:"iframe";s:7:"correct";s:1:"0";}i:1;a:4:{s:2:"id";s:3:"232";s:11:"question_id";s:2:"53";s:6:"answer";s:8:"basefont";s:7:"correct";s:1:"1";}i:2;a:4:{s:2:"id";s:3:"233";s:11:"question_id";s:2:"53";s:6:"answer";s:6:"center";s:7:"correct";s:1:"1";}i:3;a:4:{s:2:"id";s:3:"234";s:11:"question_id";s:2:"53";s:6:"answer";s:5:"frame";s:7:"correct";s:1:"1";}i:4;a:4:{s:2:"id";s:3:"235";s:11:"question_id";s:2:"53";s:6:"answer";s:8:"frameset";s:7:"correct";s:1:"1";}}i:50;a:4:{i:0;a:4:{s:2:"id";s:3:"219";s:11:"question_id";s:2:"50";s:6:"answer";s:6:"UPLOAD";s:7:"correct";s:1:"0";}i:1;a:4:{s:2:"id";s:3:"220";s:11:"question_id";s:2:"50";s:6:"answer";s:6:"REMOVE";s:7:"correct";s:1:"0";}i:2;a:4:{s:2:"id";s:3:"217";s:11:"question_id";s:2:"50";s:6:"answer";s:3:"PUT";s:7:"correct";s:1:"1";}i:3;a:4:{s:2:"id";s:3:"218";s:11:"question_id";s:2:"50";s:6:"answer";s:6:"DELETE";s:7:"correct";s:1:"1";}}i:51;a:5:{i:0;a:4:{s:2:"id";s:3:"224";s:11:"question_id";s:2:"51";s:6:"answer";s:6:"figure";s:7:"correct";s:1:"0";}i:1;a:4:{s:2:"id";s:3:"225";s:11:"question_id";s:2:"51";s:6:"answer";s:5:"audio";s:7:"correct";s:1:"0";}i:2;a:4:{s:2:"id";s:3:"221";s:11:"question_id";s:2:"51";s:6:"answer";s:7:"section";s:7:"correct";s:1:"1";}i:3;a:4:{s:2:"id";s:3:"222";s:11:"question_id";s:2:"51";s:6:"answer";s:5:"aside";s:7:"correct";s:1:"1";}i:4;a:4:{s:2:"id";s:3:"223";s:11:"question_id";s:2:"51";s:6:"answer";s:6:"hgroup";s:7:"correct";s:1:"1";}}i:47;a:4:{i:0;a:4:{s:2:"id";s:3:"203";s:11:"question_id";s:2:"47";s:6:"answer";s:116:"<!DOCTYPE html PUBLIC "-//W3C//DTD HTML 5 Transitional//EN" "http://www.w3.org/TR/HTML5/DTD/HTML5-transitional.dtd">";s:7:"correct";s:1:"0";}i:1;a:4:{s:2:"id";s:3:"204";s:11:"question_id";s:2:"47";s:6:"answer";s:16:"<!DOCTYPE html5>";s:7:"correct";s:1:"0";}i:2;a:4:{s:2:"id";s:3:"205";s:11:"question_id";s:2:"47";s:6:"answer";s:88:"<!DOCTYPE HTML PUBLIC "-//W3C//DTD HTML 45//EN" "http://www.w3.org/TR/html5/strict.dtd">";s:7:"correct";s:1:"0";}i:3;a:4:{s:2:"id";s:3:"202";s:11:"question_id";s:2:"47";s:6:"answer";s:15:"<!DOCTYPE html>";s:7:"correct";s:1:"1";}}i:54;a:3:{i:0;a:4:{s:2:"id";s:3:"237";s:11:"question_id";s:2:"54";s:6:"answer";s:4:"menu";s:7:"correct";s:1:"0";}i:1;a:4:{s:2:"id";s:3:"239";s:11:"question_id";s:2:"54";s:6:"answer";s:6:"header";s:7:"correct";s:1:"0";}i:2;a:4:{s:2:"id";s:3:"238";s:11:"question_id";s:2:"54";s:6:"answer";s:3:"nav";s:7:"correct";s:1:"1";}}i:63;a:4:{i:0;a:4:{s:2:"id";s:3:"269";s:11:"question_id";s:2:"63";s:6:"answer";s:9:"ondragout";s:7:"correct";s:1:"0";}i:1;a:4:{s:2:"id";s:3:"266";s:11:"question_id";s:2:"63";s:6:"answer";s:11:"ondragenter";s:7:"correct";s:1:"1";}i:2;a:4:{s:2:"id";s:3:"267";s:11:"question_id";s:2:"63";s:6:"answer";s:10:"ondragover";s:7:"correct";s:1:"1";}i:3;a:4:{s:2:"id";s:3:"268";s:11:"question_id";s:2:"63";s:6:"answer";s:6:"ondrop";s:7:"correct";s:1:"1";}}i:55;a:4:{i:0;a:4:{s:2:"id";s:3:"240";s:11:"question_id";s:2:"55";s:6:"answer";s:3:"url";s:7:"correct";s:1:"1";}i:1;a:4:{s:2:"id";s:3:"241";s:11:"question_id";s:2:"55";s:6:"answer";s:5:"email";s:7:"correct";s:1:"1";}i:2;a:4:{s:2:"id";s:3:"242";s:11:"question_id";s:2:"55";s:6:"answer";s:8:"datetime";s:7:"correct";s:1:"1";}i:3;a:4:{s:2:"id";s:3:"243";s:11:"question_id";s:2:"55";s:6:"answer";s:3:"tel";s:7:"correct";s:1:"1";}}i:62;a:4:{i:0;a:4:{s:2:"id";s:3:"262";s:11:"question_id";s:2:"62";s:6:"answer";s:19:"yes, from 7 version";s:7:"correct";s:1:"0";}i:1;a:4:{s:2:"id";s:3:"263";s:11:"question_id";s:2:"62";s:6:"answer";s:19:"yes, from 8 version";s:7:"correct";s:1:"0";}i:2;a:4:{s:2:"id";s:3:"265";s:11:"question_id";s:2:"62";s:6:"answer";s:2:"no";s:7:"correct";s:1:"0";}i:3;a:4:{s:2:"id";s:3:"264";s:11:"question_id";s:2:"62";s:6:"answer";s:19:"yes, from 9 version";s:7:"correct";s:1:"1";}}i:52;a:6:{i:0;a:4:{s:2:"id";s:3:"228";s:11:"question_id";s:2:"52";s:6:"answer";s:6:"footer";s:7:"correct";s:1:"0";}i:1;a:4:{s:2:"id";s:3:"229";s:11:"question_id";s:2:"52";s:6:"answer";s:5:"aside";s:7:"correct";s:1:"0";}i:2;a:4:{s:2:"id";s:3:"230";s:11:"question_id";s:2:"52";s:6:"answer";s:6:"hgroup";s:7:"correct";s:1:"0";}i:3;a:4:{s:2:"id";s:3:"226";s:11:"question_id";s:2:"52";s:6:"answer";s:5:"meter";s:7:"correct";s:1:"1";}i:4;a:4:{s:2:"id";s:3:"227";s:11:"question_id";s:2:"52";s:6:"answer";s:8:"progress";s:7:"correct";s:1:"1";}i:5;a:4:{s:2:"id";s:3:"231";s:11:"question_id";s:2:"52";s:6:"answer";s:4:"menu";s:7:"correct";s:1:"1";}}i:58;a:1:{i:0;a:4:{s:2:"id";s:3:"252";s:11:"question_id";s:2:"58";s:6:"answer";s:8:"required";s:7:"correct";s:1:"1";}}}s:15:"correct_answers";a:15:{i:64;a:1:{i:0;s:3:"270";}i:48;a:1:{i:0;s:3:"206";}i:57;a:1:{i:0;s:3:"248";}i:49;a:6:{i:0;s:3:"210";i:1;s:3:"211";i:2;s:3:"212";i:3;s:3:"213";i:4;s:3:"214";i:5;s:3:"216";}i:56;a:1:{i:0;s:3:"244";}i:53;a:4:{i:0;s:3:"232";i:1;s:3:"233";i:2;s:3:"234";i:3;s:3:"235";}i:50;a:2:{i:0;s:3:"217";i:1;s:3:"218";}i:51;a:3:{i:0;s:3:"221";i:1;s:3:"222";i:2;s:3:"223";}i:47;a:1:{i:0;s:3:"202";}i:54;a:1:{i:0;s:3:"238";}i:63;a:3:{i:0;s:3:"266";i:1;s:3:"267";i:2;s:3:"268";}i:55;a:4:{i:0;s:3:"240";i:1;s:3:"241";i:2;s:3:"242";i:3;s:3:"243";}i:62;a:1:{i:0;s:3:"264";}i:52;a:3:{i:0;s:3:"226";i:1;s:3:"227";i:2;s:3:"231";}i:58;a:3:{i:0;s:3:"226";i:1;s:3:"227";i:2;s:3:"231";}}s:16:"customer_answers";a:15:{i:64;a:1:{i:0;s:3:"270";}i:48;a:1:{i:0;s:3:"206";}i:57;a:1:{i:0;s:3:"248";}i:49;a:6:{i:0;s:3:"210";i:1;s:3:"211";i:2;s:3:"212";i:3;s:3:"213";i:4;s:3:"214";i:5;s:3:"216";}i:56;a:1:{i:0;s:3:"244";}i:53;a:4:{i:0;s:3:"232";i:1;s:3:"233";i:2;s:3:"234";i:3;s:3:"235";}i:50;a:2:{i:0;s:3:"217";i:1;s:3:"218";}i:51;a:3:{i:0;s:3:"221";i:1;s:3:"222";i:2;s:3:"223";}i:47;a:1:{i:0;s:3:"202";}i:54;a:1:{i:0;s:3:"238";}i:63;a:3:{i:0;s:3:"266";i:1;s:3:"267";i:2;s:3:"268";}i:55;a:4:{i:0;s:3:"240";i:1;s:3:"241";i:2;s:3:"242";i:3;s:3:"243";}i:62;a:1:{i:0;s:3:"264";}i:52;a:2:{i:0;s:3:"226";i:1;s:3:"227";}i:58;s:8:"required";}}'),
	(58, 7, 4, 9, 10, 8, 1311972330, 1311972432, 'a:6:{s:4:"quiz";a:7:{s:2:"id";s:1:"4";s:4:"name";s:20:"PHP 5 (Middle Level)";s:11:"description";s:84:"<p>OOP and new PHP5 features.</p>\r\n<p>Check you <strong>PHP5 </strong>knowledge!</p>";s:15:"questions_count";s:2:"10";s:13:"correct_count";s:1:"8";s:4:"date";s:19:"2011-02-03 17:26:00";s:6:"active";s:1:"1";}s:14:"quiz_questions";a:10:{i:0;a:7:{s:2:"id";s:2:"31";s:7:"quiz_id";s:1:"4";s:8:"question";s:23:"What returns this code?";s:4:"code";s:279:"<?php\r\nclass foo {\r\n    private $value = 42;\r\n\r\n    public function &getValue() {\r\n        return $this->value;\r\n    }\r\n    public function echoValue(){\r\n        echo $this->value;\r\n    }\r\n}\r\n\r\n$obj = new foo;\r\n$myValue = $obj->getValue();\r\n$myValue = 33;\r\n$obj->echoValue();\r\n?>";s:4:"time";s:3:"120";s:10:"start_time";s:10:"1311972330";s:8:"end_time";s:10:"1311972348";}i:1;a:7:{s:2:"id";s:1:"7";s:7:"quiz_id";s:1:"4";s:8:"question";s:54:"What difference between abstract class and interface ?";s:4:"code";s:0:"";s:4:"time";s:3:"120";s:10:"start_time";s:10:"1311972348";s:8:"end_time";s:10:"1311972353";}i:2;a:7:{s:2:"id";s:2:"29";s:7:"quiz_id";s:1:"4";s:8:"question";s:64:"Which of the following functions returns the longest hash value?";s:4:"code";s:0:"";s:4:"time";s:2:"30";s:10:"start_time";s:10:"1311972353";s:8:"end_time";s:10:"1311972358";}i:3;a:7:{s:2:"id";s:2:"30";s:7:"quiz_id";s:1:"4";s:8:"question";s:23:"What returns this code?";s:4:"code";s:139:"<?\r\nclass MyClass {\r\n public $myVar;\r\n function __constructor() {\r\n  $this -> myVar = 5;\r\n }\r\n}\r\n\r\n$a = new MyClass;\r\necho $a -> myVar;\r\n?>";s:4:"time";s:3:"120";s:10:"start_time";s:10:"1311972359";s:8:"end_time";s:10:"1311972369";}i:4;a:7:{s:2:"id";s:2:"25";s:7:"quiz_id";s:1:"4";s:8:"question";s:23:"What returns this code?";s:4:"code";s:210:"class cl {\r\n    var $a;\r\n    var $b;\r\n    function cl($b) {\r\n        $this->a=$b;\r\n    }\r\n    function b($b=1) {\r\n        $this->a.=$b;\r\n        return $this->a-$this->b;\r\n    }\r\n}\r\n$a=new cl(3);\r\necho $a->b();";s:4:"time";s:3:"120";s:10:"start_time";s:10:"1311972369";s:8:"end_time";s:10:"1311972378";}i:5;a:7:{s:2:"id";s:2:"28";s:7:"quiz_id";s:1:"4";s:8:"question";s:33:"Please select PHP5 Magic Methods?";s:4:"code";s:0:"";s:4:"time";s:2:"60";s:10:"start_time";s:10:"1311972379";s:8:"end_time";s:10:"1311972395";}i:6;a:7:{s:2:"id";s:2:"32";s:7:"quiz_id";s:1:"4";s:8:"question";s:70:"Choose all that is not true statements about abstract classes in php5?";s:4:"code";s:0:"";s:4:"time";s:3:"120";s:10:"start_time";s:10:"1311972396";s:8:"end_time";s:10:"1311972410";}i:7;a:7:{s:2:"id";s:2:"24";s:7:"quiz_id";s:1:"4";s:8:"question";s:76:"Which of these characters can be processed by the function htmlspecialchars?";s:4:"code";s:0:"";s:4:"time";s:2:"60";s:10:"start_time";s:10:"1311972410";s:8:"end_time";s:10:"1311972419";}i:8;a:7:{s:2:"id";s:1:"9";s:7:"quiz_id";s:1:"4";s:8:"question";s:101:"If in class before "function" there is no "private", \'protected" or "public" what is used by default?";s:4:"code";s:0:"";s:4:"time";s:2:"60";s:10:"start_time";s:10:"1311972419";s:8:"end_time";s:10:"1311972425";}i:9;a:7:{s:2:"id";s:2:"27";s:7:"quiz_id";s:1:"4";s:8:"question";s:23:"What returns this code?";s:4:"code";s:198:"class newClass\r\n{\r\n    public $one = \'one\';\r\n    private $two = \'two\';\r\n    function two()\r\n    {\r\n        return \'three\';\r\n    }\r\n}\r\n$obj = new newClass();\r\nforeach ($obj as $v)\r\n{\r\n    echo $v;\r\n}";s:4:"time";s:3:"120";s:10:"start_time";s:10:"1311972426";s:8:"end_time";s:10:"1311972432";}}s:10:"correctArr";a:10:{i:31;b:1;i:7;b:1;i:29;b:1;i:30;b:1;i:25;b:1;i:28;b:1;i:32;b:0;i:24;b:1;i:9;b:1;i:27;b:1;}s:7:"answers";a:10:{i:31;a:4:{i:0;a:4:{s:2:"id";s:3:"127";s:11:"question_id";s:2:"31";s:6:"answer";s:2:"33";s:7:"correct";s:1:"0";}i:1;a:4:{s:2:"id";s:3:"129";s:11:"question_id";s:2:"31";s:6:"answer";s:1:"0";s:7:"correct";s:1:"0";}i:2;a:4:{s:2:"id";s:3:"130";s:11:"question_id";s:2:"31";s:6:"answer";s:5:"error";s:7:"correct";s:1:"0";}i:3;a:4:{s:2:"id";s:3:"128";s:11:"question_id";s:2:"31";s:6:"answer";s:2:"42";s:7:"correct";s:1:"1";}}i:7;a:5:{i:0;a:4:{s:2:"id";s:2:"13";s:11:"question_id";s:1:"7";s:6:"answer";s:13:"no difference";s:7:"correct";s:1:"0";}i:1;a:4:{s:2:"id";s:2:"15";s:11:"question_id";s:1:"7";s:6:"answer";s:64:"interface  could has methods realization, but abstract class not";s:7:"correct";s:1:"0";}i:2;a:4:{s:2:"id";s:2:"16";s:11:"question_id";s:1:"7";s:6:"answer";s:32:"interface extends abstract class";s:7:"correct";s:1:"0";}i:3;a:4:{s:2:"id";s:2:"17";s:11:"question_id";s:1:"7";s:6:"answer";s:32:"abstract class extends interface";s:7:"correct";s:1:"0";}i:4;a:4:{s:2:"id";s:2:"14";s:11:"question_id";s:1:"7";s:6:"answer";s:63:"abstract class could has methods realization, but interface not";s:7:"correct";s:1:"1";}}i:29;a:4:{i:0;a:4:{s:2:"id";s:3:"119";s:11:"question_id";s:2:"29";s:6:"answer";s:5:"md5()";s:7:"correct";s:1:"0";}i:1;a:4:{s:2:"id";s:3:"121";s:11:"question_id";s:2:"29";s:6:"answer";s:7:"crc32()";s:7:"correct";s:1:"0";}i:2;a:4:{s:2:"id";s:3:"122";s:11:"question_id";s:2:"29";s:6:"answer";s:5:"other";s:7:"correct";s:1:"0";}i:3;a:4:{s:2:"id";s:3:"120";s:11:"question_id";s:2:"29";s:6:"answer";s:6:"sha1()";s:7:"correct";s:1:"1";}}i:30;a:4:{i:0;a:4:{s:2:"id";s:3:"124";s:11:"question_id";s:2:"30";s:6:"answer";s:1:"0";s:7:"correct";s:1:"0";}i:1;a:4:{s:2:"id";s:3:"125";s:11:"question_id";s:2:"30";s:6:"answer";s:1:"5";s:7:"correct";s:1:"0";}i:2;a:4:{s:2:"id";s:3:"126";s:11:"question_id";s:2:"30";s:6:"answer";s:5:"error";s:7:"correct";s:1:"0";}i:3;a:4:{s:2:"id";s:3:"123";s:11:"question_id";s:2:"30";s:6:"answer";s:7:"nothing";s:7:"correct";s:1:"1";}}i:25;a:4:{i:0;a:4:{s:2:"id";s:2:"98";s:11:"question_id";s:2:"25";s:6:"answer";s:1:"1";s:7:"correct";s:1:"0";}i:1;a:4:{s:2:"id";s:2:"99";s:11:"question_id";s:2:"25";s:6:"answer";s:1:"3";s:7:"correct";s:1:"0";}i:2;a:4:{s:2:"id";s:3:"101";s:11:"question_id";s:2:"25";s:6:"answer";s:5:"error";s:7:"correct";s:1:"0";}i:3;a:4:{s:2:"id";s:3:"100";s:11:"question_id";s:2:"25";s:6:"answer";s:2:"31";s:7:"correct";s:1:"1";}}i:28;a:7:{i:0;a:4:{s:2:"id";s:3:"118";s:11:"question_id";s:2:"28";s:6:"answer";s:7:"__close";s:7:"correct";s:1:"0";}i:1;a:4:{s:2:"id";s:3:"112";s:11:"question_id";s:2:"28";s:6:"answer";s:11:"__condtruct";s:7:"correct";s:1:"1";}i:2;a:4:{s:2:"id";s:3:"113";s:11:"question_id";s:2:"28";s:6:"answer";s:5:"__get";s:7:"correct";s:1:"1";}i:3;a:4:{s:2:"id";s:3:"114";s:11:"question_id";s:2:"28";s:6:"answer";s:7:"__clone";s:7:"correct";s:1:"1";}i:4;a:4:{s:2:"id";s:3:"115";s:11:"question_id";s:2:"28";s:6:"answer";s:6:"__call";s:7:"correct";s:1:"1";}i:5;a:4:{s:2:"id";s:3:"116";s:11:"question_id";s:2:"28";s:6:"answer";s:7:"__sleep";s:7:"correct";s:1:"1";}i:6;a:4:{s:2:"id";s:3:"117";s:11:"question_id";s:2:"28";s:6:"answer";s:8:"__wakeup";s:7:"correct";s:1:"1";}}i:32;a:4:{i:0;a:4:{s:2:"id";s:3:"132";s:11:"question_id";s:2:"32";s:6:"answer";s:50:"An abstract class may contain not abstract methods";s:7:"correct";s:1:"0";}i:1;a:4:{s:2:"id";s:3:"133";s:11:"question_id";s:2:"32";s:6:"answer";s:68:"Class with at least one abstract method must be declared as abstract";s:7:"correct";s:1:"0";}i:2;a:4:{s:2:"id";s:3:"134";s:11:"question_id";s:2:"32";s:6:"answer";s:39:"Abstract classes are introduced in php5";s:7:"correct";s:1:"0";}i:3;a:4:{s:2:"id";s:3:"131";s:11:"question_id";s:2:"32";s:6:"answer";s:63:"Definition of an abstract method can contain method realization";s:7:"correct";s:1:"1";}}i:24;a:5:{i:0;a:4:{s:2:"id";s:2:"93";s:11:"question_id";s:2:"24";s:6:"answer";s:1:"<";s:7:"correct";s:1:"1";}i:1;a:4:{s:2:"id";s:2:"94";s:11:"question_id";s:2:"24";s:6:"answer";s:1:">";s:7:"correct";s:1:"1";}i:2;a:4:{s:2:"id";s:2:"95";s:11:"question_id";s:2:"24";s:6:"answer";s:1:"\'";s:7:"correct";s:1:"1";}i:3;a:4:{s:2:"id";s:2:"96";s:11:"question_id";s:2:"24";s:6:"answer";s:1:""";s:7:"correct";s:1:"1";}i:4;a:4:{s:2:"id";s:2:"97";s:11:"question_id";s:2:"24";s:6:"answer";s:1:"&";s:7:"correct";s:1:"1";}}i:9;a:4:{i:0;a:4:{s:2:"id";s:2:"26";s:11:"question_id";s:1:"9";s:6:"answer";s:7:"private";s:7:"correct";s:1:"0";}i:1;a:4:{s:2:"id";s:2:"28";s:11:"question_id";s:1:"9";s:6:"answer";s:9:"protected";s:7:"correct";s:1:"0";}i:2;a:4:{s:2:"id";s:2:"29";s:11:"question_id";s:1:"9";s:6:"answer";s:6:"static";s:7:"correct";s:1:"0";}i:3;a:4:{s:2:"id";s:2:"27";s:11:"question_id";s:1:"9";s:6:"answer";s:6:"public";s:7:"correct";s:1:"1";}}i:27;a:6:{i:0;a:4:{s:2:"id";s:3:"106";s:11:"question_id";s:2:"27";s:6:"answer";s:7:"nothing";s:7:"correct";s:1:"0";}i:1;a:4:{s:2:"id";s:3:"108";s:11:"question_id";s:2:"27";s:6:"answer";s:3:"two";s:7:"correct";s:1:"0";}i:2;a:4:{s:2:"id";s:3:"109";s:11:"question_id";s:2:"27";s:6:"answer";s:5:"three";s:7:"correct";s:1:"0";}i:3;a:4:{s:2:"id";s:3:"110";s:11:"question_id";s:2:"27";s:6:"answer";s:6:"onetwo";s:7:"correct";s:1:"0";}i:4;a:4:{s:2:"id";s:3:"111";s:11:"question_id";s:2:"27";s:6:"answer";s:5:"error";s:7:"correct";s:1:"0";}i:5;a:4:{s:2:"id";s:3:"107";s:11:"question_id";s:2:"27";s:6:"answer";s:3:"one";s:7:"correct";s:1:"1";}}}s:15:"correct_answers";a:10:{i:31;a:1:{i:0;s:3:"128";}i:7;a:1:{i:0;s:2:"14";}i:29;a:1:{i:0;s:3:"120";}i:30;a:1:{i:0;s:3:"123";}i:25;a:1:{i:0;s:3:"100";}i:28;a:6:{i:0;s:3:"112";i:1;s:3:"113";i:2;s:3:"114";i:3;s:3:"115";i:4;s:3:"116";i:5;s:3:"117";}i:32;a:1:{i:0;s:3:"131";}i:24;a:5:{i:0;s:2:"93";i:1;s:2:"94";i:2;s:2:"95";i:3;s:2:"96";i:4;s:2:"97";}i:9;a:1:{i:0;s:2:"27";}i:27;a:1:{i:0;s:3:"107";}}s:16:"customer_answers";a:10:{i:31;a:1:{i:0;s:3:"128";}i:7;a:1:{i:0;s:2:"14";}i:29;a:1:{i:0;s:3:"120";}i:30;a:1:{i:0;s:3:"123";}i:25;a:1:{i:0;s:3:"100";}i:28;a:6:{i:0;s:3:"112";i:1;s:3:"113";i:2;s:3:"114";i:3;s:3:"115";i:4;s:3:"116";i:5;s:3:"117";}i:32;a:1:{i:0;s:3:"133";}i:24;a:5:{i:0;s:2:"93";i:1;s:2:"94";i:2;s:2:"95";i:3;s:2:"96";i:4;s:2:"97";}i:9;a:1:{i:0;s:2:"27";}i:27;a:1:{i:0;s:3:"107";}}}'),
	(66, 7, 7, 6, 10, 8, 1391417069, 1391417530, 'a:6:{s:4:"quiz";a:7:{s:2:"id";s:1:"7";s:4:"name";s:5:"CSS 3";s:11:"description";s:25:"<p>New CSS3 features.</p>";s:15:"questions_count";s:2:"10";s:13:"correct_count";s:1:"8";s:4:"date";s:19:"2011-03-04 18:31:42";s:6:"active";s:1:"1";}s:14:"quiz_questions";a:10:{i:0;a:7:{s:2:"id";s:2:"68";s:7:"quiz_id";s:1:"7";s:8:"question";s:84:"How to make label with grey color if input is disabled (but not when it is enabled)?";s:4:"code";s:88:"<input type="text" name="email" id="email" />\r\n<label for="email">Email Address:</label>";s:4:"time";s:2:"60";s:10:"start_time";s:10:"1391417069";s:8:"end_time";s:10:"1391417118";}i:1;a:7:{s:2:"id";s:2:"76";s:7:"quiz_id";s:1:"7";s:8:"question";s:36:"In what line of code there is error?";s:4:"code";s:121:"1: @font-face {\r\n2:    font-family: Delicious; \r\n3:    font-weight: bold; \r\n4:    path: url(\'Delicious-Bold.otf\'); \r\n5: }";s:4:"time";s:3:"120";s:10:"start_time";s:10:"1391417118";s:8:"end_time";s:10:"1391417180";}i:2;a:7:{s:2:"id";s:2:"65";s:7:"quiz_id";s:1:"7";s:8:"question";s:69:"Does it possible to divide text on 2 columns without additional tags?";s:4:"code";s:131:"<div class="news">\r\ntext text text text\r\ntext text text text\r\ntext text text text\r\ntext text text text\r\ntext text text text\r\n</div>";s:4:"time";s:2:"60";s:10:"start_time";s:10:"1391417180";s:8:"end_time";s:10:"1391417213";}i:3;a:7:{s:2:"id";s:2:"67";s:7:"quiz_id";s:1:"7";s:8:"question";s:64:"Does attribute selectors supported in Internet Explorer browser?";s:4:"code";s:0:"";s:4:"time";s:2:"60";s:10:"start_time";s:10:"1391417213";s:8:"end_time";s:10:"1391417229";}i:4;a:7:{s:2:"id";s:2:"60";s:7:"quiz_id";s:1:"7";s:8:"question";s:98:"How set red color for H1 tag with text "header 2" and "header 3", but not for H1 with "header 1" ?";s:4:"code";s:184:"<div>\r\n  <header>\r\n    <h1>header 1</h1>\r\n  </header>\r\n  <div>\r\n    <h1>header 2</h1>\r\n    <p>content</p>\r\n    <div class="test">\r\n      <h1>header 3</h1>\r\n    </div>\r\n  </div>\r\n</div>";s:4:"time";s:3:"120";s:10:"start_time";s:10:"1391417229";s:8:"end_time";s:10:"1391417351";}i:5;a:7:{s:2:"id";s:2:"74";s:7:"quiz_id";s:1:"7";s:8:"question";s:54:"What of this display properties create flexible boxes?";s:4:"code";s:0:"";s:4:"time";s:2:"60";s:10:"start_time";s:10:"1391417351";s:8:"end_time";s:10:"1391417406";}i:6;a:7:{s:2:"id";s:2:"59";s:7:"quiz_id";s:1:"7";s:8:"question";s:62:"What is vendor prefix for Firefox browser? (enter without "-")";s:4:"code";s:0:"";s:4:"time";s:2:"60";s:10:"start_time";s:10:"1391417406";s:8:"end_time";s:10:"1391417418";}i:7;a:7:{s:2:"id";s:2:"70";s:7:"quiz_id";s:1:"7";s:8:"question";s:48:"What of this structural selectors exist in CSS3?";s:4:"code";s:0:"";s:4:"time";s:2:"60";s:10:"start_time";s:10:"1391417418";s:8:"end_time";s:10:"1391417479";}i:8;a:7:{s:2:"id";s:2:"61";s:7:"quiz_id";s:1:"7";s:8:"question";s:95:"How set paddingr for "p" tag with text "content 1" and "content 2", but not for other "p" tags?";s:4:"code";s:250:"<div>\r\n  <header>\r\n    <h1>header 1</h1>\r\n    <p>content 1</p>\r\n  </header>\r\n  <p>content</p>\r\n  <div>\r\n    <h1>header 2</h1>\r\n    <p>content 2</p>\r\n    <div class="test">\r\n      <h2>header 3</h2>\r\n      <p>content 3</p>\r\n    </div>\r\n  </div>\r\n</div>";s:4:"time";s:3:"120";s:10:"start_time";s:10:"1391417479";s:8:"end_time";s:10:"1391417513";}i:9;a:7:{s:2:"id";s:2:"66";s:7:"quiz_id";s:1:"7";s:8:"question";s:49:"How to set underline for links with absolute URL?";s:4:"code";s:0:"";s:4:"time";s:2:"60";s:10:"start_time";s:10:"1391417513";s:8:"end_time";s:10:"1391417530";}}s:10:"correctArr";a:10:{i:66;b:1;i:61;b:0;i:70;b:1;i:59;b:1;i:74;b:0;i:60;b:1;i:67;b:1;i:65;b:0;i:76;b:0;i:68;b:1;}s:7:"answers";a:10:{i:66;a:3:{i:0;a:4:{s:2:"id";s:3:"279";s:11:"question_id";s:2:"66";s:6:"answer";s:47:"a[href$="http://"] {text-decoration:underline;}";s:7:"correct";s:1:"0";}i:1;a:4:{s:2:"id";s:3:"280";s:11:"question_id";s:2:"66";s:6:"answer";s:46:"a[href="http://"] {text-decoration:underline;}";s:7:"correct";s:1:"0";}i:2;a:4:{s:2:"id";s:3:"278";s:11:"question_id";s:2:"66";s:6:"answer";s:47:"a[href^="http://"] {text-decoration:underline;}";s:7:"correct";s:1:"1";}}i:61;a:4:{i:0;a:4:{s:2:"id";s:3:"259";s:11:"question_id";s:2:"61";s:6:"answer";s:21:"h1 > p {padding:5px;}";s:7:"correct";s:1:"0";}i:1;a:4:{s:2:"id";s:3:"260";s:11:"question_id";s:2:"61";s:6:"answer";s:22:"div > p {padding:5px;}";s:7:"correct";s:1:"0";}i:2;a:4:{s:2:"id";s:3:"261";s:11:"question_id";s:2:"61";s:6:"answer";s:34:"p[content^=content] {padding:5px;}";s:7:"correct";s:1:"0";}i:3;a:4:{s:2:"id";s:3:"258";s:11:"question_id";s:2:"61";s:6:"answer";s:21:"h1 + p {padding:5px;}";s:7:"correct";s:1:"1";}}i:70;a:6:{i:0;a:4:{s:2:"id";s:3:"294";s:11:"question_id";s:2:"70";s:6:"answer";s:5:":root";s:7:"correct";s:1:"1";}i:1;a:4:{s:2:"id";s:3:"295";s:11:"question_id";s:2:"70";s:6:"answer";s:6:":empty";s:7:"correct";s:1:"1";}i:2;a:4:{s:2:"id";s:3:"296";s:11:"question_id";s:2:"70";s:6:"answer";s:14:":first-of-type";s:7:"correct";s:1:"1";}i:3;a:4:{s:2:"id";s:3:"297";s:11:"question_id";s:2:"70";s:6:"answer";s:12:":first-child";s:7:"correct";s:1:"1";}i:4;a:4:{s:2:"id";s:3:"298";s:11:"question_id";s:2:"70";s:6:"answer";s:11:":last-child";s:7:"correct";s:1:"1";}i:5;a:4:{s:2:"id";s:3:"299";s:11:"question_id";s:2:"70";s:6:"answer";s:13:":only-of-type";s:7:"correct";s:1:"1";}}i:59;a:1:{i:0;a:4:{s:2:"id";s:3:"253";s:11:"question_id";s:2:"59";s:6:"answer";s:3:"moz";s:7:"correct";s:1:"1";}}i:74;a:4:{i:0;a:4:{s:2:"id";s:3:"313";s:11:"question_id";s:2:"74";s:6:"answer";s:8:"flexible";s:7:"correct";s:1:"0";}i:1;a:4:{s:2:"id";s:3:"316";s:11:"question_id";s:2:"74";s:6:"answer";s:12:"flexible-box";s:7:"correct";s:1:"0";}i:2;a:4:{s:2:"id";s:3:"314";s:11:"question_id";s:2:"74";s:6:"answer";s:3:"box";s:7:"correct";s:1:"1";}i:3;a:4:{s:2:"id";s:3:"315";s:11:"question_id";s:2:"74";s:6:"answer";s:10:"inline-box";s:7:"correct";s:1:"1";}}i:60;a:4:{i:0;a:4:{s:2:"id";s:3:"255";s:11:"question_id";s:2:"60";s:6:"answer";s:18:"div h1 {color:red}";s:7:"correct";s:1:"0";}i:1;a:4:{s:2:"id";s:3:"256";s:11:"question_id";s:2:"60";s:6:"answer";s:18:"div h1 {color:red}";s:7:"correct";s:1:"0";}i:2;a:4:{s:2:"id";s:3:"257";s:11:"question_id";s:2:"60";s:6:"answer";s:30:"div h1:first-child {color:red}";s:7:"correct";s:1:"0";}i:3;a:4:{s:2:"id";s:3:"254";s:11:"question_id";s:2:"60";s:6:"answer";s:20:"div > h1 {color:red}";s:7:"correct";s:1:"1";}}i:67;a:5:{i:0;a:4:{s:2:"id";s:3:"281";s:11:"question_id";s:2:"67";s:6:"answer";s:3:"yes";s:7:"correct";s:1:"0";}i:1;a:4:{s:2:"id";s:3:"283";s:11:"question_id";s:2:"67";s:6:"answer";s:22:"yes, from IE 8 version";s:7:"correct";s:1:"0";}i:2;a:4:{s:2:"id";s:3:"284";s:11:"question_id";s:2:"67";s:6:"answer";s:22:"yes, from IE 9 version";s:7:"correct";s:1:"0";}i:3;a:4:{s:2:"id";s:3:"285";s:11:"question_id";s:2:"67";s:6:"answer";s:2:"no";s:7:"correct";s:1:"0";}i:4;a:4:{s:2:"id";s:3:"282";s:11:"question_id";s:2:"67";s:6:"answer";s:22:"yes, from IE 7 version";s:7:"correct";s:1:"1";}}i:65;a:4:{i:0;a:4:{s:2:"id";s:3:"274";s:11:"question_id";s:2:"65";s:6:"answer";s:2:"no";s:7:"correct";s:1:"0";}i:1;a:4:{s:2:"id";s:3:"276";s:11:"question_id";s:2:"65";s:6:"answer";s:17:".news{columns:2;}";s:7:"correct";s:1:"0";}i:2;a:4:{s:2:"id";s:3:"277";s:11:"question_id";s:2:"65";s:6:"answer";s:30:".news{display:table;column:2;}";s:7:"correct";s:1:"0";}i:3;a:4:{s:2:"id";s:3:"275";s:11:"question_id";s:2:"65";s:6:"answer";s:22:".news{column-count:2;}";s:7:"correct";s:1:"1";}}i:76;a:5:{i:0;a:4:{s:2:"id";s:3:"322";s:11:"question_id";s:2:"76";s:6:"answer";s:10:"no, errors";s:7:"correct";s:1:"0";}i:1;a:4:{s:2:"id";s:3:"323";s:11:"question_id";s:2:"76";s:6:"answer";s:1:"1";s:7:"correct";s:1:"0";}i:2;a:4:{s:2:"id";s:3:"324";s:11:"question_id";s:2:"76";s:6:"answer";s:1:"2";s:7:"correct";s:1:"0";}i:3;a:4:{s:2:"id";s:3:"325";s:11:"question_id";s:2:"76";s:6:"answer";s:1:"3";s:7:"correct";s:1:"0";}i:4;a:4:{s:2:"id";s:3:"326";s:11:"question_id";s:2:"76";s:6:"answer";s:1:"4";s:7:"correct";s:1:"1";}}i:68;a:4:{i:0;a:4:{s:2:"id";s:3:"287";s:11:"question_id";s:2:"68";s:6:"answer";s:19:"label {color:#ccc;}";s:7:"correct";s:1:"0";}i:1;a:4:{s:2:"id";s:3:"288";s:11:"question_id";s:2:"68";s:6:"answer";s:36:"input:disabled > label {color:#ccc;}";s:7:"correct";s:1:"0";}i:2;a:4:{s:2:"id";s:3:"289";s:11:"question_id";s:2:"68";s:6:"answer";s:32:"label[for="email"] {color:#ccc;}";s:7:"correct";s:1:"0";}i:3;a:4:{s:2:"id";s:3:"286";s:11:"question_id";s:2:"68";s:6:"answer";s:36:"input:disabled + label {color:#ccc;}";s:7:"correct";s:1:"1";}}}s:15:"correct_answers";a:10:{i:66;a:1:{i:0;s:3:"278";}i:61;a:1:{i:0;s:3:"258";}i:70;a:6:{i:0;s:3:"294";i:1;s:3:"295";i:2;s:3:"296";i:3;s:3:"297";i:4;s:3:"298";i:5;s:3:"299";}i:59;a:6:{i:0;s:3:"294";i:1;s:3:"295";i:2;s:3:"296";i:3;s:3:"297";i:4;s:3:"298";i:5;s:3:"299";}i:74;a:2:{i:0;s:3:"314";i:1;s:3:"315";}i:60;a:1:{i:0;s:3:"254";}i:67;a:1:{i:0;s:3:"282";}i:65;a:1:{i:0;s:3:"275";}i:76;a:1:{i:0;s:3:"326";}i:68;a:1:{i:0;s:3:"286";}}s:16:"customer_answers";a:10:{i:66;a:1:{i:0;s:3:"278";}i:61;a:1:{i:0;s:3:"260";}i:70;a:6:{i:0;s:3:"294";i:1;s:3:"295";i:2;s:3:"296";i:3;s:3:"297";i:4;s:3:"298";i:5;s:3:"299";}i:59;s:3:"moz";i:74;a:1:{i:0;s:3:"313";}i:60;a:1:{i:0;s:3:"254";}i:67;a:1:{i:0;s:3:"282";}i:65;a:1:{i:0;s:3:"277";}i:76;a:1:{i:0;s:3:"322";}i:68;a:1:{i:0;s:3:"286";}}}');
/*!40000 ALTER TABLE `quiz_archive` ENABLE KEYS */;


-- Dumping structure for таблиця ci-0352.quiz_categories_list
CREATE TABLE IF NOT EXISTS `quiz_categories_list` (
  `id` int(10) unsigned NOT NULL AUTO_INCREMENT,
  `category_lang_id` int(11) unsigned NOT NULL DEFAULT '0',
  `description_lang_id` int(11) unsigned NOT NULL DEFAULT '0',
  `parent_id` int(10) unsigned NOT NULL DEFAULT '0',
  `sort` int(5) unsigned NOT NULL DEFAULT '0',
  `file_name` varchar(40) NOT NULL,
  `orig_name` varchar(100) NOT NULL,
  `alt_lang_id` int(11) unsigned NOT NULL DEFAULT '0',
  PRIMARY KEY (`id`),
  KEY `parent_id` (`parent_id`),
  KEY `sort` (`sort`)
) ENGINE=MyISAM AUTO_INCREMENT=3 DEFAULT CHARSET=utf8;

-- Dumping data for table ci-0352.quiz_categories_list: 2 rows
/*!40000 ALTER TABLE `quiz_categories_list` DISABLE KEYS */;
INSERT INTO `quiz_categories_list` (`id`, `category_lang_id`, `description_lang_id`, `parent_id`, `sort`, `file_name`, `orig_name`, `alt_lang_id`) VALUES
	(1, 1182, 1183, 0, 0, 'c87b53bfd0f601f993f34a91fb21f6a4.jpg', 'Favim.com-books-coffee-gossip-girl-nice-photography-279791_.jpg', 1184),
	(2, 1185, 1186, 0, 1, 'c7d2e6289377cde9f7bf3eec16a278de.jpg', 'insects-front.jpg', 1187);
/*!40000 ALTER TABLE `quiz_categories_list` ENABLE KEYS */;


-- Dumping structure for таблиця ci-0352.quiz_list
CREATE TABLE IF NOT EXISTS `quiz_list` (
  `id` int(11) unsigned NOT NULL AUTO_INCREMENT,
  `name` varchar(255) NOT NULL,
  `description` text NOT NULL,
  `questions_count` tinyint(2) unsigned NOT NULL DEFAULT '20',
  `correct_count` tinyint(2) unsigned NOT NULL DEFAULT '15',
  `date` datetime NOT NULL,
  `active` tinyint(1) unsigned NOT NULL DEFAULT '0',
  PRIMARY KEY (`id`),
  UNIQUE KEY `name` (`name`),
  KEY `active` (`active`)
) ENGINE=MyISAM AUTO_INCREMENT=14 DEFAULT CHARSET=utf8;

-- Dumping data for table ci-0352.quiz_list: 10 rows
/*!40000 ALTER TABLE `quiz_list` DISABLE KEYS */;
INSERT INTO `quiz_list` (`id`, `name`, `description`, `questions_count`, `correct_count`, `date`, `active`) VALUES
	(1, 'PHP 4 (Middle Level)', '<p>Check your <strong>PHP4&nbsp;</strong>knowledge!</p>', 10, 8, '2011-02-02 15:42:01', 1),
	(2, 'CSS (Basic Level)', '<p>Check your <strong>CSS </strong>knowledge!</p>', 10, 8, '2011-02-02 16:29:39', 1),
	(4, 'PHP 5 (Middle Level)', '<p>OOP and new PHP5 features.</p>\r\n<p>Check you <strong>PHP5 </strong>knowledge!</p>', 10, 8, '2011-02-03 17:26:00', 1),
	(5, '(X)HTML', '<p>Check your <strong>(X)HTML</strong> knowledge!</p>', 10, 8, '2011-02-19 23:55:50', 0),
	(6, 'HTML5', '<p>New HTML5 standard and capabilities.</p>', 15, 12, '2011-03-03 21:15:05', 1),
	(7, 'CSS 3', '<p>New CSS3 features.</p>', 10, 8, '2011-03-04 18:31:42', 1),
	(8, 'Javascript (Basic Level)', '', 10, 8, '2011-03-06 22:33:09', 0),
	(9, 'Javascript (Middle Level)', '', 10, 8, '2011-03-06 22:33:32', 0),
	(10, 'jQuery', '', 10, 8, '2011-03-06 22:33:50', 0),
	(11, 'MySQL', '', 10, 8, '2011-03-06 22:34:44', 0);
/*!40000 ALTER TABLE `quiz_list` ENABLE KEYS */;


-- Dumping structure for таблиця ci-0352.quiz_progress
CREATE TABLE IF NOT EXISTS `quiz_progress` (
  `id` int(11) unsigned NOT NULL AUTO_INCREMENT,
  `customer_id` int(11) unsigned NOT NULL,
  `quiz_id` int(11) unsigned NOT NULL,
  `question_id` int(11) unsigned NOT NULL,
  `start_time` int(11) unsigned NOT NULL,
  `end_time` int(11) unsigned NOT NULL,
  PRIMARY KEY (`id`)
) ENGINE=MyISAM AUTO_INCREMENT=471 DEFAULT CHARSET=utf8;

-- Dumping data for table ci-0352.quiz_progress: 0 rows
/*!40000 ALTER TABLE `quiz_progress` DISABLE KEYS */;
/*!40000 ALTER TABLE `quiz_progress` ENABLE KEYS */;


-- Dumping structure for таблиця ci-0352.quiz_questions
CREATE TABLE IF NOT EXISTS `quiz_questions` (
  `id` int(11) unsigned NOT NULL AUTO_INCREMENT,
  `quiz_id` int(11) unsigned NOT NULL,
  `question` text NOT NULL,
  `code` text NOT NULL,
  `time` int(5) unsigned NOT NULL DEFAULT '120',
  PRIMARY KEY (`id`),
  KEY `quiz_id` (`quiz_id`)
) ENGINE=MyISAM AUTO_INCREMENT=83 DEFAULT CHARSET=utf8;

-- Dumping data for table ci-0352.quiz_questions: 71 rows
/*!40000 ALTER TABLE `quiz_questions` DISABLE KEYS */;
INSERT INTO `quiz_questions` (`id`, `quiz_id`, `question`, `code`, `time`) VALUES
	(1, 1, 'What function is faster "echo" or "print" ?', '', 30),
	(7, 4, 'What difference between abstract class and interface ?', '', 120),
	(8, 1, 'What are correct PHP operators? (Select all)', '', 60),
	(9, 4, 'If in class before "function" there is no "private", \'protected" or "public" what is used by default?', '', 60),
	(10, 1, 'What returns this code?', '01: <?php\r\n02:     function func(&$r) {\r\n03:        $r++;\r\n04:     }\r\n05:     $r = 1;\r\n06:     func(func($r));\r\n07:     echo $r;\r\n08: ?>', 120),
	(11, 1, 'What returns this code if "the_file.php" exists and empty?', '<?php \r\necho include "the_file.php";\r\n?>', 120),
	(12, 1, 'Select the correct options to declare variables when sending form in the data handler (register_globals set to off).', '', 60),
	(13, 1, 'What returns this code?', '<?php\r\n  $a = 1;\r\n  ${1} = \'wikipedia\';\r\n  echo ${$a}{3};\r\n?>', 120),
	(14, 1, 'What is value of $b in this code?', '$a = array(\'c\', \'b\', \'a\');\r\n$b = (array) $a;', 120),
	(15, 1, 'Which of these functions can display the result of SQL query?', '', 60),
	(16, 1, 'Which of the following constants are predefined?', '', 60),
	(17, 1, 'What returns this code?', '<?php\r\n$a = "12345";\r\n$a[$a[1]] = "2";\r\necho $a;\r\n?>', 120),
	(18, 1, 'How many parameters can be passed to this function?', '<?\r\nfunction f() {\r\n    ...\r\n}\r\n?>', 60),
	(19, 1, 'Which of the following operators are logical?', '', 60),
	(34, 2, 'Please enter universal selector.', '', 60),
	(35, 2, 'How to identify a round bullet for list?', '', 60),
	(20, 1, 'What returns this code?', '<?php\r\necho strtotime ("January 1, 1952");\r\n?>', 120),
	(21, 1, 'How many times will include file mfile.php?', 'include_once "mfile.php";\r\ninclude "mfile.php";', 60),
	(22, 4, 'Include all pieces of code that contain invalid modes for fopen() function and will not work?', '', 120),
	(23, 4, 'What realizations of method "getName" are incorrect?', 'abstract class BaseCls{\r\n    protected abstract function getName();\r\n}\r\nclass ChildCls extends BaseCls{\r\n}', 60),
	(36, 2, 'Please choose correct declarations of white background color.', '', 60),
	(37, 2, 'What of these properties does not exist in CSS?', '', 120),
	(38, 2, 'What CSS properties you can set the font size?', '', 60),
	(39, 2, 'How to set in CSS indent width 5px inside element?', '', 60),
	(40, 2, 'What does the acronym CSS?', '', 60),
	(41, 2, 'What CSS properties can specify the height of a line of text?', '', 60),
	(42, 2, 'How using CSS can align inline content block element (eg, <div>) horizontally?', '', 60),
	(43, 2, 'Select a piece of CSS, which does not contain syntax errors.', '', 60),
	(44, 2, 'Select CSS-code, which sets the bold font for all elements.', '', 60),
	(45, 2, 'What a piece of css specifies a white background for all elements with class white?', '', 60),
	(46, 2, 'What is the code snippet allows you to remove the frame around the graphic link (Choose all that apply)?', '', 60),
	(24, 4, 'Which of these characters can be processed by the function htmlspecialchars?', '', 60),
	(25, 4, 'What returns this code?', 'class cl {\r\n    var $a;\r\n    var $b;\r\n    function cl($b) {\r\n        $this->a=$b;\r\n    }\r\n    function b($b=1) {\r\n        $this->a.=$b;\r\n        return $this->a-$this->b;\r\n    }\r\n}\r\n$a=new cl(3);\r\necho $a->b();', 120),
	(26, 4, 'What returns this code?', '$a = array(1.99 => \'b\', .1 => \'c\');\r\n\r\nprint_r($a);', 120),
	(27, 4, 'What returns this code?', 'class newClass\r\n{\r\n    public $one = \'one\';\r\n    private $two = \'two\';\r\n    function two()\r\n    {\r\n        return \'three\';\r\n    }\r\n}\r\n$obj = new newClass();\r\nforeach ($obj as $v)\r\n{\r\n    echo $v;\r\n}', 120),
	(28, 4, 'Please select PHP5 Magic Methods?', '', 60),
	(29, 4, 'Which of the following functions returns the longest hash value?', '', 30),
	(30, 4, 'What returns this code?', '<?\r\nclass MyClass {\r\n public $myVar;\r\n function __constructor() {\r\n  $this -> myVar = 5;\r\n }\r\n}\r\n\r\n$a = new MyClass;\r\necho $a -> myVar;\r\n?>', 120),
	(31, 4, 'What returns this code?', '<?php\r\nclass foo {\r\n    private $value = 42;\r\n\r\n    public function &getValue() {\r\n        return $this->value;\r\n    }\r\n    public function echoValue(){\r\n        echo $this->value;\r\n    }\r\n}\r\n\r\n$obj = new foo;\r\n$myValue = $obj->getValue();\r\n$myValue = 33;\r\n$obj->echoValue();\r\n?>', 120),
	(32, 4, 'Choose all that is not true statements about abstract classes in php5?', '', 120),
	(33, 4, 'What type is incorrect?', '', 120),
	(47, 6, 'How set doctype for HTML5 document?', '', 60),
	(48, 6, 'What is correct charset definition in HTML5 document?', '', 60),
	(49, 6, 'What of this tags present in HTML5?', '', 120),
	(50, 6, 'What of this new methods supported in HTML5?', '', 60),
	(51, 6, 'Please select HTML5 structural (only) tags.', '', 120),
	(52, 6, 'Please select application-focused (only) tags.', '', 120),
	(53, 6, 'Please select depracated  in HTML5 elements.', '', 120),
	(54, 6, 'What of this tag used for navigation?', '', 30),
	(55, 6, 'What of this input types exist in HTML5?', '', 120),
	(56, 6, 'What of this input types has functionlity similar on input with type=number?', '', 60),
	(57, 6, 'How to make in HTML5 prefilled text in input that hide when input get focus and visible again when focus lost?', '', 60),
	(58, 6, 'What attribute of input tag makes it mandatory?', '', 60),
	(59, 7, 'What is vendor prefix for Firefox browser? (enter without "-")', '', 60),
	(60, 7, 'How set red color for H1 tag with text "header 2" and "header 3", but not for H1 with "header 1" ?', '<div>\r\n  <header>\r\n    <h1>header 1</h1>\r\n  </header>\r\n  <div>\r\n    <h1>header 2</h1>\r\n    <p>content</p>\r\n    <div class="test">\r\n      <h1>header 3</h1>\r\n    </div>\r\n  </div>\r\n</div>', 120),
	(61, 7, 'How set paddingr for "p" tag with text "content 1" and "content 2", but not for other "p" tags?', '<div>\r\n  <header>\r\n    <h1>header 1</h1>\r\n    <p>content 1</p>\r\n  </header>\r\n  <p>content</p>\r\n  <div>\r\n    <h1>header 2</h1>\r\n    <p>content 2</p>\r\n    <div class="test">\r\n      <h2>header 3</h2>\r\n      <p>content 3</p>\r\n    </div>\r\n  </div>\r\n</div>', 120),
	(62, 6, 'Does Internet Expolorer browser support "canvas" tag?', '', 60),
	(63, 6, 'What of this events can be used for drop target element?', '', 120),
	(64, 6, 'Does drag and drop API supported in Internet Explorer browser?', '', 60),
	(65, 7, 'Does it possible to divide text on 2 columns without additional tags?', '<div class="news">\r\ntext text text text\r\ntext text text text\r\ntext text text text\r\ntext text text text\r\ntext text text text\r\n</div>', 60),
	(66, 7, 'How to set underline for links with absolute URL?', '', 60),
	(67, 7, 'Does attribute selectors supported in Internet Explorer browser?', '', 60),
	(68, 7, 'How to make label with grey color if input is disabled (but not when it is enabled)?', '<input type="text" name="email" id="email" />\r\n<label for="email">Email Address:</label>', 60),
	(69, 7, 'How to make padding 5px for "div" tag without class attribute?', '<div class="main">\r\n  <header>\r\n    <h1>header 1</h1>\r\n  </header>\r\n  <div class="content">\r\n    <h1>header 2</h1>\r\n    <p>content</p>\r\n    <div>\r\n      <h1>header 3</h1>\r\n    </div>\r\n  </div>\r\n</div>', 60),
	(70, 7, 'What of this structural selectors exist in CSS3?', '', 60),
	(71, 7, 'What of this need to set to make rounded corners work in Safari, Chrome, Firefox and Opera browsers?', '', 60),
	(72, 7, 'How many images you can use for border-image property?', '', 30),
	(73, 7, 'What of this browsers support flexible box model?', '', 60),
	(74, 7, 'What of this display properties create flexible boxes?', '', 60),
	(75, 7, 'Please select all new features for styles media.', '', 60),
	(76, 7, 'In what line of code there is error?', '1: @font-face {\r\n2:    font-family: Delicious; \r\n3:    font-weight: bold; \r\n4:    path: url(\'Delicious-Bold.otf\'); \r\n5: }', 120);
/*!40000 ALTER TABLE `quiz_questions` ENABLE KEYS */;


-- Dumping structure for таблиця ci-0352.quiz_store
CREATE TABLE IF NOT EXISTS `quiz_store` (
  `id` int(11) unsigned NOT NULL AUTO_INCREMENT,
  `customer_id` int(11) unsigned NOT NULL,
  `quiz_id` int(11) unsigned NOT NULL,
  `question_id` int(11) unsigned NOT NULL,
  `answer_id` int(11) unsigned NOT NULL,
  `custom_answer` varchar(50) NOT NULL,
  PRIMARY KEY (`id`)
) ENGINE=MyISAM AUTO_INCREMENT=923 DEFAULT CHARSET=utf8;

-- Dumping data for table ci-0352.quiz_store: 0 rows
/*!40000 ALTER TABLE `quiz_store` DISABLE KEYS */;
/*!40000 ALTER TABLE `quiz_store` ENABLE KEYS */;


-- Dumping structure for таблиця ci-0352.ratings
CREATE TABLE IF NOT EXISTS `ratings` (
  `id` int(11) unsigned NOT NULL AUTO_INCREMENT,
  `post_id` int(11) unsigned NOT NULL DEFAULT '0',
  `table` varchar(50) NOT NULL DEFAULT '',
  `customer_id` int(11) unsigned NOT NULL DEFAULT '0',
  `ip` char(15) NOT NULL,
  `date` timestamp NOT NULL DEFAULT CURRENT_TIMESTAMP ON UPDATE CURRENT_TIMESTAMP,
  `rating` tinyint(3) NOT NULL DEFAULT '0',
  PRIMARY KEY (`id`),
  KEY `post_id_and_table` (`post_id`,`table`)
) ENGINE=MyISAM AUTO_INCREMENT=111 DEFAULT CHARSET=utf8;

-- Dumping data for table ci-0352.ratings: 105 rows
/*!40000 ALTER TABLE `ratings` DISABLE KEYS */;
INSERT INTO `ratings` (`id`, `post_id`, `table`, `customer_id`, `ip`, `date`, `rating`) VALUES
	(1, 71, 'comments', 0, '193.169.80.41', '2011-06-10 22:07:51', 1),
	(2, 72, 'comments', 0, '193.169.80.41', '2011-06-10 22:07:53', -1),
	(3, 78, 'comments', 0, '193.169.80.41', '2011-06-10 22:07:55', 1),
	(4, 79, 'comments', 0, '193.169.80.41', '2011-06-10 22:07:57', -1),
	(5, 71, 'comments', 7, '193.169.80.41', '2011-06-10 22:08:13', 1),
	(6, 72, 'comments', 7, '193.169.80.41', '2011-06-10 22:08:16', 1),
	(7, 78, 'comments', 7, '193.169.80.41', '2011-06-10 22:08:17', -1),
	(8, 79, 'comments', 7, '193.169.80.41', '2011-06-10 22:08:21', -1),
	(9, 71, 'comments', 7, '193.169.80.41', '2011-06-10 22:13:23', 1),
	(10, 72, 'comments', 7, '193.169.80.41', '2011-06-10 22:13:28', -1),
	(11, 78, 'comments', 7, '193.169.80.41', '2011-06-10 22:13:30', -1),
	(12, 79, 'comments', 7, '193.169.80.41', '2011-06-10 22:13:32', 1),
	(13, 80, 'comments', 7, '193.169.80.41', '2011-06-10 22:13:35', 1),
	(14, 72, 'comments', 7, '193.169.80.41', '2011-06-10 22:19:03', 1),
	(15, 71, 'comments', 7, '193.169.80.41', '2011-06-10 22:19:05', 1),
	(16, 78, 'comments', 7, '193.169.80.41', '2011-06-10 22:19:07', -1),
	(17, 79, 'comments', 7, '193.169.80.41', '2011-06-10 22:19:09', -1),
	(18, 80, 'comments', 7, '193.169.80.41', '2011-06-10 22:19:11', 1),
	(19, 71, 'comments', 7, '193.169.80.41', '2011-06-10 22:31:13', 1),
	(20, 71, 'comments', 0, '193.169.80.41', '2011-06-11 08:19:23', 1),
	(21, 71, 'comments', 0, '193.169.80.41', '2011-06-11 08:20:29', 1),
	(22, 71, 'comments', 0, '193.169.80.41', '2011-06-11 08:20:41', -1),
	(23, 71, 'comments', 0, '193.169.80.41', '2011-06-11 08:22:07', -1),
	(24, 71, 'comments', 0, '193.169.80.41', '2011-06-11 08:22:23', 1),
	(25, 72, 'comments', 0, '193.169.80.41', '2011-06-11 08:22:27', 1),
	(26, 78, 'comments', 0, '193.169.80.41', '2011-06-11 08:22:44', -1),
	(27, 78, 'comments', 0, '193.169.80.41', '2011-06-11 08:22:53', 1),
	(28, 78, 'comments', 0, '193.169.80.41', '2011-06-11 08:23:11', -1),
	(29, 74, 'comments', 0, '193.169.80.41', '2011-06-11 08:24:22', 1),
	(30, 74, 'comments', 0, '193.169.80.41', '2011-06-11 08:24:43', 1),
	(31, 79, 'comments', 0, '193.169.80.41', '2011-06-11 08:24:52', -1),
	(32, 71, 'comments', 0, '193.169.80.41', '2011-06-11 08:29:55', 1),
	(33, 72, 'comments', 0, '193.169.80.41', '2011-06-11 08:30:04', 1),
	(34, 71, 'comments', 0, '193.169.80.41', '2011-06-11 08:55:05', 1),
	(35, 71, 'comments', 0, '193.169.80.41', '2011-06-11 08:55:10', -1),
	(36, 71, 'comments', 0, '193.169.80.41', '2011-06-11 08:55:52', 1),
	(37, 76, 'comments', 0, '193.169.80.41', '2011-06-11 09:04:13', 1),
	(38, 74, 'comments', 0, '193.169.80.41', '2011-06-11 09:04:24', -1),
	(39, 80, 'comments', 0, '193.169.80.41', '2011-06-11 09:04:31', 1),
	(40, 75, 'comments', 0, '193.169.80.41', '2011-06-11 09:07:49', 1),
	(41, 78, 'comments', 0, '193.169.80.41', '2011-06-11 09:07:53', 1),
	(42, 84, 'comments', 0, '193.169.80.41', '2011-06-11 20:37:00', 1),
	(43, 79, 'comments', 0, '193.169.80.41', '2011-06-11 22:04:29', 1),
	(44, 2, 'articles', 0, '193.169.80.41', '2011-06-11 22:17:41', 1),
	(45, 2, 'articles', 0, '193.169.80.41', '2011-06-11 22:18:29', 1),
	(46, 2, 'articles', 0, '193.169.80.41', '2011-06-11 22:19:37', -1),
	(47, 2, 'articles', 0, '193.169.80.41', '2011-06-11 22:19:58', 1),
	(48, 2, 'articles', 0, '193.169.80.41', '2011-06-11 22:26:55', 1),
	(49, 85, 'comments', 0, '193.169.80.41', '2011-06-11 22:27:31', -1),
	(50, 1, 'articles', 0, '193.169.80.41', '2011-06-11 22:33:21', 1),
	(51, 1, 'articles', 0, '193.169.80.41', '2011-06-11 22:33:21', 1),
	(52, 86, 'comments', 0, '193.169.80.41', '2011-06-11 22:33:44', 1),
	(53, 86, 'comments', 0, '193.169.80.41', '2011-06-11 22:33:44', 1),
	(54, 86, 'comments', 0, '193.169.80.41', '2011-06-11 22:33:44', 1),
	(55, 2, 'articles', 0, '193.169.80.41', '2011-06-11 22:44:49', 1),
	(56, 85, 'comments', 0, '193.169.80.41', '2011-06-11 22:44:54', -1),
	(57, 85, 'comments', 0, '193.169.80.41', '2011-06-11 22:44:58', 1),
	(58, 87, 'comments', 0, '193.169.80.41', '2011-06-11 22:45:03', 1),
	(59, 77, 'comments', 0, '193.169.80.41', '2011-06-11 22:55:00', 1),
	(60, 10, 'news', 0, '193.169.80.41', '2011-06-11 22:55:10', 1),
	(61, 2, 'news', 0, '193.169.80.41', '2011-06-11 22:56:14', 1),
	(62, 88, 'comments', 7, '193.169.80.41', '2011-06-11 22:57:10', -1),
	(63, 71, 'comments', 0, '127.0.0.1', '2011-06-12 13:15:31', 1),
	(64, 72, 'comments', 0, '127.0.0.1', '2011-06-12 13:15:33', -1),
	(65, 78, 'comments', 0, '127.0.0.1', '2011-06-12 13:15:44', -1),
	(66, 79, 'comments', 0, '127.0.0.1', '2011-06-12 13:16:01', 1),
	(67, 81, 'comments', 0, '127.0.0.1', '2011-06-12 13:16:12', 1),
	(68, 74, 'comments', 0, '127.0.0.1', '2011-06-12 13:16:15', 1),
	(69, 77, 'comments', 0, '127.0.0.1', '2011-06-12 13:16:20', 1),
	(70, 10, 'news', 0, '127.0.0.1', '2011-06-12 13:16:29', 1),
	(71, 80, 'comments', 0, '127.0.0.1', '2011-06-12 13:16:44', 1),
	(72, 2, 'articles', 0, '127.0.0.1', '2011-06-12 13:21:01', 1),
	(73, 87, 'comments', 7, '127.0.0.1', '2011-06-12 18:07:03', 1),
	(74, 76, 'comments', 7, '127.0.0.1', '2011-06-12 18:07:07', -1),
	(75, 82, 'comments', 7, '127.0.0.1', '2011-06-12 18:53:33', 1),
	(76, 1, 'articles', 7, '127.0.0.1', '2011-06-12 18:53:37', 1),
	(77, 89, 'comments', 0, '127.0.0.1', '2011-07-17 00:42:12', 1),
	(78, 90, 'comments', 0, '127.0.0.1', '2011-07-17 00:42:13', -1),
	(79, 91, 'comments', 0, '127.0.0.1', '2011-07-17 01:29:21', 1),
	(80, 7, 'news', 0, '127.0.0.1', '2011-07-17 01:29:24', 1),
	(81, 13, 'news', 7, '127.0.0.1', '2011-07-25 15:43:28', 1),
	(82, 5, 'articles', 0, '127.0.0.1', '2011-07-29 23:50:42', 1),
	(83, 94, 'comments', 0, '127.0.0.1', '2011-07-29 23:51:01', -1),
	(84, 1, 'comments', 7, '127.0.0.1', '2011-07-31 12:56:06', 1),
	(85, 15, 'news', 7, '127.0.0.1', '2011-07-31 12:56:07', 1),
	(86, 2, 'comments', 7, '127.0.0.1', '2011-07-31 13:23:17', 1),
	(92, 3, 'articles', 7, '127.0.0.1', '2011-08-05 21:54:48', 1),
	(93, 6, 'comments', 7, '127.0.0.1', '2011-08-05 22:09:18', -1),
	(94, 13, 'news', 7, '127.0.0.1', '2011-08-06 15:52:00', 1),
	(95, 7, 'comments', 7, '127.0.0.1', '2011-08-07 13:16:23', 1),
	(96, 8, 'comments', 0, '127.0.0.1', '2011-08-14 01:02:39', 1),
	(97, 5, 'articles', 0, '127.0.0.1', '2011-08-31 22:51:48', 1),
	(98, 9, 'comments', 0, '127.0.0.1', '2011-09-03 11:58:10', 1),
	(99, 8, 'comments', 7, '127.0.0.1', '2011-09-04 01:46:48', 1),
	(100, 11, 'comments', 21, '127.0.0.1', '2011-09-07 22:24:09', 1),
	(101, 7, 'comments', 7, '127.0.0.1', '2011-11-19 12:47:22', 1),
	(102, 28, 'comments', 7, '127.0.0.1', '2011-12-06 12:51:53', -1),
	(103, 9, 'comments', 7, '127.0.0.1', '2011-12-06 12:51:58', 1),
	(104, 28, 'comments', 7, '127.0.0.1', '2012-01-22 00:38:38', -1),
	(105, 13, 'comments', 7, '127.0.0.1', '2012-05-20 12:43:54', 1),
	(106, 5, 'articles', 7, '127.0.0.1', '2012-05-20 12:44:17', 1),
	(107, 32, 'comments', 7, '127.0.0.1', '2012-06-03 13:08:48', 1),
	(108, 13, 'comments', 0, '127.0.0.1', '2012-09-18 09:56:21', 1),
	(109, 10, 'articles', 0, '127.0.0.1', '2012-09-18 09:57:07', 1),
	(110, 32, 'comments', 0, '127.0.0.1', '2012-12-08 00:10:03', 1);
/*!40000 ALTER TABLE `ratings` ENABLE KEYS */;


-- Dumping structure for таблиця ci-0352.reports
CREATE TABLE IF NOT EXISTS `reports` (
  `data_key` char(16) NOT NULL,
  `pub_date` timestamp NOT NULL DEFAULT CURRENT_TIMESTAMP,
  `title` varchar(100) NOT NULL DEFAULT '',
  `subtitle` varchar(255) NOT NULL DEFAULT '',
  `period` char(20) NOT NULL,
  `group_by` char(20) NOT NULL,
  `date_field` char(20) NOT NULL,
  `items_count` tinyint(2) NOT NULL DEFAULT '0',
  `item_name_1` varchar(100) NOT NULL,
  `item_sql_1` text NOT NULL,
  `item_name_2` varchar(100) NOT NULL,
  `item_sql_2` text NOT NULL,
  `item_name_3` varchar(100) NOT NULL,
  `item_sql_3` text NOT NULL,
  `item_name_4` varchar(100) NOT NULL,
  `item_sql_4` text NOT NULL,
  `item_name_5` varchar(100) NOT NULL,
  `item_sql_5` text NOT NULL,
  `item_name_6` varchar(100) NOT NULL,
  `item_sql_6` text NOT NULL,
  `item_name_7` varchar(100) NOT NULL,
  `item_sql_7` text NOT NULL,
  `item_name_8` varchar(100) NOT NULL,
  `item_sql_8` text NOT NULL,
  `item_name_9` varchar(100) NOT NULL,
  `item_sql_9` text NOT NULL,
  `item_name_10` varchar(100) NOT NULL,
  `item_sql_10` text NOT NULL,
  PRIMARY KEY (`data_key`)
) ENGINE=MyISAM DEFAULT CHARSET=utf8;

-- Dumping data for table ci-0352.reports: 2 rows
/*!40000 ALTER TABLE `reports` DISABLE KEYS */;
INSERT INTO `reports` (`data_key`, `pub_date`, `title`, `subtitle`, `period`, `group_by`, `date_field`, `items_count`, `item_name_1`, `item_sql_1`, `item_name_2`, `item_sql_2`, `item_name_3`, `item_sql_3`, `item_name_4`, `item_sql_4`, `item_name_5`, `item_sql_5`, `item_name_6`, `item_sql_6`, `item_name_7`, `item_sql_7`, `item_name_8`, `item_sql_8`, `item_name_9`, `item_sql_9`, `item_name_10`, `item_sql_10`) VALUES
	('4C13FCF84E04AC8B', '2012-07-02 17:22:32', 'Orders by statuses (monthly)', 'amount of orders each status', 'all', 'month', 'date', 3, 'Pending', 'select count(*) as amount from orders where status=0', 'Approved', 'select count(*) as amount from orders where status=1', 'Payed', 'select count(*) as amount from orders where status=2', '', '', '', '', '', '', '', '', '', '', '', '', '', ''),
	('B86FBFED9014F7CB', '2012-07-06 13:21:23', 'Orders by statuses', 'amount of orders each status', 'all', 'none', 'date', 3, 'Pending', 'select count(*) as amount from orders where status=0', 'Approved', 'select count(*) as amount from orders where status=1', 'Payed', 'select count(*) as amount from orders where status=2', '', '', '', '', '', '', '', '', '', '', '', '', '', '');
/*!40000 ALTER TABLE `reports` ENABLE KEYS */;


-- Dumping structure for таблиця ci-0352.sessions
CREATE TABLE IF NOT EXISTS `sessions` (
  `session_id` varchar(40) NOT NULL DEFAULT '0',
  `ip_address` varchar(45) NOT NULL DEFAULT '0',
  `user_agent` varchar(120) DEFAULT NULL,
  `last_activity` int(10) unsigned NOT NULL DEFAULT '0',
  `user_data` text NOT NULL,
  PRIMARY KEY (`session_id`),
  KEY `last_activity_idx` (`last_activity`)
) ENGINE=MyISAM DEFAULT CHARSET=utf8;

-- Dumping data for table ci-0352.sessions: 1 rows
/*!40000 ALTER TABLE `sessions` DISABLE KEYS */;
INSERT INTO `sessions` (`session_id`, `ip_address`, `user_agent`, `last_activity`, `user_data`) VALUES
	('de79163cc99cf60b8c37597e18328d68', '127.0.0.1', 'Mozilla/5.0 (Windows NT 10.0; WOW64) AppleWebKit/537.36 (KHTML, like Gecko) Chrome/49.0.2623.87 Safari/537.36', 1460406360, 'a:7:{s:9:"user_data";s:0:"";s:13:"customer_name";s:7:"Michael";s:11:"customer_id";s:1:"7";s:18:"customer_logged_in";b:1;s:17:"customer_group_id";s:1:"2";s:17:"customer_is_admin";b:1;s:15:"customer_rights";a:2:{s:5:"admin";a:51:{s:7:"reports";a:4:{i:0;s:6:"delete";i:1;s:3:"add";i:2;s:4:"edit";i:3;s:4:"view";}s:9:"spiderweb";a:4:{i:0;s:6:"delete";i:1;s:3:"add";i:2;s:4:"edit";i:3;s:4:"view";}s:10:"assortment";a:4:{i:0;s:6:"delete";i:1;s:3:"add";i:2;s:4:"edit";i:3;s:4:"view";}s:9:"slideshow";a:4:{i:0;s:6:"delete";i:1;s:3:"add";i:2;s:4:"edit";i:3;s:4:"view";}s:8:"shipping";a:4:{i:0;s:6:"delete";i:1;s:3:"add";i:2;s:4:"edit";i:3;s:4:"view";}s:5:"tasks";a:4:{i:0;s:6:"delete";i:1;s:3:"add";i:2;s:4:"edit";i:3;s:4:"view";}s:6:"videos";a:4:{i:0;s:6:"delete";i:1;s:3:"add";i:2;s:4:"edit";i:3;s:4:"view";}s:11:"formbuilder";a:4:{i:0;s:6:"delete";i:1;s:3:"add";i:2;s:4:"edit";i:3;s:4:"view";}s:13:"site_partners";a:1:{i:0;s:6:"config";}s:7:"filters";a:4:{i:0;s:6:"delete";i:1;s:3:"add";i:2;s:4:"edit";i:3;s:4:"view";}s:4:"tags";a:3:{i:0;s:6:"delete";i:1;s:4:"edit";i:2;s:4:"view";}s:11:"site_phones";a:1:{i:0;s:6:"config";}s:11:"subscribers";a:5:{i:0;s:4:"send";i:1;s:6:"delete";i:2;s:3:"add";i:3;s:4:"edit";i:4;s:4:"view";}s:7:"ratings";a:1:{i:0;s:6:"config";}s:6:"themes";a:1:{i:0;s:6:"config";}s:12:"testimonials";a:4:{i:0;s:6:"delete";i:1;s:3:"add";i:2;s:4:"edit";i:3;s:4:"view";}s:8:"comments";a:4:{i:0;s:6:"config";i:1;s:6:"delete";i:2;s:4:"view";i:3;s:4:"edit";}s:4:"poll";a:5:{i:0;s:6:"config";i:1;s:6:"delete";i:2;s:3:"add";i:3;s:4:"edit";i:4;s:4:"view";}s:4:"lang";a:4:{i:0;s:6:"delete";i:1;s:3:"add";i:2;s:4:"edit";i:3;s:4:"view";}s:15:"quiz_categories";a:4:{i:0;s:6:"delete";i:1;s:3:"add";i:2;s:4:"edit";i:3;s:4:"view";}s:4:"quiz";a:4:{i:0;s:6:"delete";i:1;s:3:"add";i:2;s:4:"edit";i:3;s:4:"view";}s:17:"photos_categories";a:4:{i:0;s:6:"delete";i:1;s:3:"add";i:2;s:4:"edit";i:3;s:4:"view";}s:6:"photos";a:5:{i:0;s:6:"config";i:1;s:6:"delete";i:2;s:3:"add";i:3;s:4:"edit";i:4;s:4:"view";}s:3:"faq";a:4:{i:0;s:6:"delete";i:1;s:3:"add";i:2;s:4:"edit";i:3;s:4:"view";}s:4:"news";a:5:{i:0;s:6:"config";i:1;s:6:"delete";i:2;s:3:"add";i:3;s:4:"edit";i:4;s:4:"view";}s:19:"articles_categories";a:4:{i:0;s:6:"delete";i:1;s:3:"add";i:2;s:4:"edit";i:3;s:4:"view";}s:8:"articles";a:5:{i:0;s:6:"config";i:1;s:6:"delete";i:2;s:3:"add";i:3;s:4:"edit";i:4;s:4:"view";}s:5:"links";a:4:{i:0;s:6:"delete";i:1;s:3:"add";i:2;s:4:"edit";i:3;s:4:"view";}s:9:"companies";a:5:{i:0;s:6:"config";i:1;s:6:"delete";i:2;s:3:"add";i:3;s:4:"edit";i:4;s:4:"view";}s:10:"categories";a:4:{i:0;s:6:"delete";i:1;s:3:"add";i:2;s:4:"edit";i:3;s:4:"view";}s:5:"pages";a:4:{i:0;s:6:"delete";i:1;s:3:"add";i:2;s:4:"edit";i:3;s:4:"view";}s:15:"auto_responders";a:2:{i:0;s:4:"edit";i:1;s:4:"view";}s:10:"email_tpls";a:4:{i:0;s:6:"delete";i:1;s:3:"add";i:2;s:4:"edit";i:3;s:4:"view";}s:11:"newsletters";a:3:{i:0;s:4:"send";i:1;s:6:"config";i:2;s:6:"delete";}s:16:"discount_coupons";a:4:{i:0;s:6:"delete";i:1;s:3:"add";i:2;s:4:"edit";i:3;s:4:"view";}s:9:"discounts";a:4:{i:0;s:6:"delete";i:1;s:3:"add";i:2;s:4:"edit";i:3;s:4:"view";}s:8:"currency";a:4:{i:0;s:6:"delete";i:1;s:3:"add";i:2;s:4:"edit";i:3;s:4:"view";}s:6:"orders";a:3:{i:0;s:6:"delete";i:1;s:4:"edit";i:2;s:4:"view";}s:19:"products_attributes";a:4:{i:0;s:6:"delete";i:1;s:3:"add";i:2;s:4:"edit";i:3;s:4:"view";}s:22:"products_manufacturers";a:4:{i:0;s:6:"delete";i:1;s:3:"add";i:2;s:4:"edit";i:3;s:4:"view";}s:19:"products_categories";a:4:{i:0;s:6:"delete";i:1;s:3:"add";i:2;s:4:"edit";i:3;s:4:"view";}s:8:"products";a:5:{i:0;s:6:"config";i:1;s:6:"delete";i:2;s:4:"edit";i:3;s:3:"add";i:4;s:4:"view";}s:20:"documents_categories";a:4:{i:0;s:6:"delete";i:1;s:3:"add";i:2;s:4:"edit";i:3;s:4:"view";}s:9:"documents";a:4:{i:0;s:6:"delete";i:1;s:3:"add";i:2;s:4:"edit";i:3;s:4:"view";}s:6:"groups";a:4:{i:0;s:6:"delete";i:1;s:3:"add";i:2;s:4:"edit";i:3;s:4:"view";}s:9:"customers";a:4:{i:0;s:6:"delete";i:1;s:3:"add";i:2;s:4:"edit";i:3;s:4:"view";}s:4:"menu";a:4:{i:0;s:6:"delete";i:1;s:3:"add";i:2;s:4:"edit";i:3;s:4:"view";}s:8:"settings";a:1:{i:0;s:4:"edit";}s:5:"books";a:4:{i:0;s:4:"view";i:1;s:4:"edit";i:2;s:3:"add";i:3;s:6:"delete";}s:6:"agenda";a:4:{i:0;s:4:"view";i:1;s:4:"edit";i:2;s:3:"add";i:3;s:6:"delete";}s:5:"tools";a:1:{i:0;s:4:"view";}}s:5:"front";a:1:{s:8:"comments";a:1:{i:0;s:4:"edit";}}}}');
/*!40000 ALTER TABLE `sessions` ENABLE KEYS */;


-- Dumping structure for таблиця ci-0352.settings
CREATE TABLE IF NOT EXISTS `settings` (
  `param` varchar(100) NOT NULL,
  `value` text,
  `date` timestamp NOT NULL DEFAULT CURRENT_TIMESTAMP,
  PRIMARY KEY (`param`),
  UNIQUE KEY `param` (`param`)
) ENGINE=MyISAM DEFAULT CHARSET=utf8;

-- Dumping data for table ci-0352.settings: 78 rows
/*!40000 ALTER TABLE `settings` DISABLE KEYS */;
INSERT INTO `settings` (`param`, `value`, `date`) VALUES
	('site_title_EN', 'Title EN', '0000-00-00 00:00:00'),
	('gallery_per_page', '12', '0000-00-00 00:00:00'),
	('meta_keywords_EN', '', '0000-00-00 00:00:00'),
	('meta_description_EN', '', '0000-00-00 00:00:00'),
	('site_email', 'contact@domain.com', '0000-00-00 00:00:00'),
	('front_theme', 'default', '0000-00-00 00:00:00'),
	('admin_theme', 'default', '0000-00-00 00:00:00'),
	('gallery_table_cols', '4', '2011-02-22 15:46:59'),
	('photos_small_width', '174', '2011-02-23 21:53:15'),
	('photos_small_height', '174', '2011-02-23 21:53:30'),
	('photos_big_width', '800', '2011-02-23 21:55:24'),
	('photos_big_height', '800', '2011-02-23 21:55:49'),
	('photos_big_dir', 'b/', '2011-02-23 21:57:36'),
	('photos_small_dir', 's/', '2011-02-23 21:57:47'),
	('photos_small_crop', '1', '2011-02-23 21:59:48'),
	('poll_check_by_cookie', '0', '2011-03-27 21:11:33'),
	('poll_check_by_ip', '0', '2011-03-27 21:11:54'),
	('poll_check_by_id', '0', '2011-03-27 21:12:16'),
	('ratings_check_by_cookie', '1', '2011-06-12 13:08:20'),
	('ratings_check_by_ip', '0', '2011-06-12 13:08:45'),
	('ratings_check_by_id', '0', '2011-06-12 13:08:58'),
	('default_lang', 'EN', '2011-07-24 11:03:12'),
	('enabled_langs', 'EN,UA,RU,NL,PL', '2011-07-24 11:44:30'),
	('products_small_width', '65', '2011-08-03 19:42:23'),
	('products_small_height', '65', '2011-08-03 19:42:53'),
	('products_medium_width', '118', '2011-08-03 19:43:32'),
	('products_medium_height', '118', '2011-08-03 19:43:49'),
	('products_per_page', '4', '2011-08-03 21:18:01'),
	('available_admin_sections', 'settings,menu,customers,groups,documents,documents_categories,products,products_categories,products_manufacturers,products_attributes,orders,currency,discounts,discount_coupons,newsletters,email_tpls,auto_responders,pages,categories,companies,links,articles,articles_categories,news,faq,photos,photos_categories,quiz,quiz_categories,lang,poll,comments,testimonials,themes,ratings,subscribers,site_phones,tags,filters,site_partners,formbuilder,videos,tasks,shipping,slideshow,assortment,spiderweb,reports,instructors,food,books,agenda,tools', '2011-08-04 12:49:04'),
	('products_categories_list_small_width', '118', '2011-08-08 22:36:28'),
	('products_categories_list_small_height', '118', '2011-08-08 22:36:47'),
	('site_phone1', '(098) 111-11-11', '2011-09-04 11:46:38'),
	('site_phone2', '(095) 222-22-22', '2011-09-04 11:46:45'),
	('site_phone3', '(098) 333-33-33', '2011-09-04 11:46:52'),
	('newsletters_send_count', '5', '2011-09-04 12:13:28'),
	('newsletters_send_interval', '15', '2011-09-04 12:13:38'),
	('site_title_RU', 'Title RU', '2011-09-11 22:14:11'),
	('site_title_UA', 'Title UA', '2011-09-11 22:14:18'),
	('site_title_NL', 'Title NL', '2011-09-11 22:14:24'),
	('meta_keywords_UA', '', '2011-09-11 22:15:01'),
	('meta_keywords_RU', '', '2011-09-11 22:15:08'),
	('meta_keywords_NL', '', '2011-09-11 22:15:17'),
	('meta_description_UA', '', '2011-09-11 22:15:34'),
	('meta_description_RU', '', '2011-09-11 22:15:40'),
	('meta_description_NL', '', '2011-09-11 22:15:50'),
	('ratings_for_articles_allowed', '1', '2011-09-19 22:57:04'),
	('ratings_for_news_allowed', '1', '2011-09-19 22:57:04'),
	('ratings_for_comments_allowed', '1', '2011-09-19 22:57:04'),
	('ratings_for_products_allowed', '0', '2011-09-19 22:57:04'),
	('ratings_for_photos_allowed', '0', '2011-09-19 22:57:04'),
	('ratings_for_companies_allowed', '0', '2011-09-19 22:57:04'),
	('ratings_for_customers_allowed', '0', '2011-09-19 22:57:04'),
	('comments_for_articles_allowed', '1', '2011-09-19 22:57:04'),
	('comments_for_news_allowed', '1', '2011-09-19 22:57:04'),
	('comments_for_products_allowed', '1', '2011-09-19 22:57:04'),
	('available_front_sections', 'articles,cart,categories,companies,contact_us,currency,customers,faq,im,jobs,links,news,orders,photos,poll,posters,products,quiz,ratings,request_call,subscribe,tell_friend,comments,testimonials,videos,wishlist,assortment,instructors,food,carriers,books,documents', '2011-10-01 16:28:10'),
	('comments_censor_list', 'bunny\r\nrabbit\r\ndog\r\n', '2011-10-12 22:28:09'),
	('automatic_approve_comments', '1', '2011-10-12 22:46:11'),
	('ip_blacklist', '1.1.1.1', '2011-10-15 23:18:18'),
	('use_product_sku', '1', '2011-12-06 15:52:14'),
	('social_buttons_default_size', '24x24', '2012-01-04 13:19:08'),
	('default_social_buttons', 'vkontakte,facebook,moi-mir,odnoklassniki,livejournal,twitter', '2012-01-04 16:10:12'),
	('show_dialog_cart', '1', '2012-01-07 17:09:10'),
	('show_just_products_in_stock', '0', '2012-01-07 22:15:24'),
	('site_partners', '', '2012-02-15 22:01:46'),
	('articles_categories_multi_level', '2', '2012-02-22 16:06:37'),
	('products_categories_csb_number', '3', '2012-03-17 00:44:08'),
	('upload_max_filesize', '3072', '2012-03-19 22:44:07'),
	('use_orphus', '0', '2012-04-05 11:42:48'),
	('site_title_PL', 'Title PL', '2012-04-07 22:46:04'),
	('meta_keywords_PL', '', '2012-04-07 22:46:04'),
	('meta_description_PL', '', '2012-04-07 22:46:04'),
	('use_coupon_for_specials', '', '2012-05-03 13:47:19'),
	('send_email_from', 'no-reply@domain.com', '2012-05-13 12:32:24'),
	('interface_enabled_langs', 'EN,UA,RU,NL,PL', '2012-06-03 14:24:39'),
	('translate_driver', 'bing', '2012-06-06 18:19:02'),
	('photos_big_crop', '0', '2012-07-31 16:54:37'),
	('order_not_require_login', '0', '2012-08-26 14:25:22');
/*!40000 ALTER TABLE `settings` ENABLE KEYS */;


-- Dumping structure for таблиця ci-0352.shipping
CREATE TABLE IF NOT EXISTS `shipping` (
  `data_key` char(16) NOT NULL,
  `pub_date` timestamp NOT NULL DEFAULT CURRENT_TIMESTAMP,
  `title_lang_id` int(11) NOT NULL DEFAULT '0',
  `cost` decimal(5,2) NOT NULL DEFAULT '0.00',
  PRIMARY KEY (`data_key`)
) ENGINE=MyISAM DEFAULT CHARSET=utf8;

-- Dumping data for table ci-0352.shipping: 2 rows
/*!40000 ALTER TABLE `shipping` DISABLE KEYS */;
INSERT INTO `shipping` (`data_key`, `pub_date`, `title_lang_id`, `cost`) VALUES
	('5145C98DABDD171A', '2012-04-13 16:26:32', 763, 20.00),
	('AFFECF56BB20F451', '2012-04-13 16:26:51', 764, 30.00);
/*!40000 ALTER TABLE `shipping` ENABLE KEYS */;


-- Dumping structure for таблиця ci-0352.slideshow
CREATE TABLE IF NOT EXISTS `slideshow` (
  `data_key` char(16) NOT NULL,
  `pub_date` timestamp NOT NULL DEFAULT CURRENT_TIMESTAMP,
  `image` varchar(40) NOT NULL,
  `title_lang_id` int(11) unsigned NOT NULL DEFAULT '0',
  `link` varchar(255) NOT NULL,
  `description_lang_id` int(11) unsigned NOT NULL DEFAULT '0',
  PRIMARY KEY (`data_key`)
) ENGINE=MyISAM DEFAULT CHARSET=utf8;

-- Dumping data for table ci-0352.slideshow: 3 rows
/*!40000 ALTER TABLE `slideshow` DISABLE KEYS */;
INSERT INTO `slideshow` (`data_key`, `pub_date`, `image`, `title_lang_id`, `link`, `description_lang_id`) VALUES
	('AEEF588A3D60E650', '2012-05-29 12:21:28', 'e4e1d09569b7ffd688957c621109218a.jpg', 875, 'contact_us', 876),
	('80D88D3BDCF639F2', '2012-05-29 12:30:12', 'ddbc4663f548c6d24f7e9adbfbf7cbda.jpg', 877, 'tester.html', 878),
	('E896E902537A19EA', '2012-05-29 12:30:43', '595e5d0165a85bddd77384c1c966c8da.jpg', 881, '', 882);
/*!40000 ALTER TABLE `slideshow` ENABLE KEYS */;


-- Dumping structure for таблиця ci-0352.subscribers
CREATE TABLE IF NOT EXISTS `subscribers` (
  `id` int(10) unsigned NOT NULL AUTO_INCREMENT,
  `email` varchar(255) NOT NULL DEFAULT '',
  PRIMARY KEY (`id`),
  UNIQUE KEY `email` (`email`)
) ENGINE=MyISAM AUTO_INCREMENT=39 DEFAULT CHARSET=utf8;

-- Dumping data for table ci-0352.subscribers: 3 rows
/*!40000 ALTER TABLE `subscribers` DISABLE KEYS */;
INSERT INTO `subscribers` (`id`, `email`) VALUES
	(26, 'tester@test.com'),
	(25, 'zzzzz@test.com'),
	(35, 'test@test.com');
/*!40000 ALTER TABLE `subscribers` ENABLE KEYS */;


-- Dumping structure for таблиця ci-0352.tags
CREATE TABLE IF NOT EXISTS `tags` (
  `tag_id` int(11) unsigned NOT NULL AUTO_INCREMENT,
  `post_id` int(11) unsigned NOT NULL,
  `tag` varchar(100) NOT NULL,
  `table` varchar(100) NOT NULL,
  PRIMARY KEY (`tag_id`),
  KEY `tag_and_table` (`tag`,`table`),
  KEY `post_id_and_table` (`post_id`,`table`)
) ENGINE=MyISAM AUTO_INCREMENT=245 DEFAULT CHARSET=utf8;

-- Dumping data for table ci-0352.tags: 20 rows
/*!40000 ALTER TABLE `tags` DISABLE KEYS */;
INSERT INTO `tags` (`tag_id`, `post_id`, `tag`, `table`) VALUES
	(194, 10, 'new', 'news'),
	(193, 10, 'news', 'news'),
	(195, 1, 'test1', 'articles'),
	(196, 1, 'test2', 'articles'),
	(197, 2, 'test', 'articles'),
	(200, 10, 'test', 'news'),
	(202, 2, 'test1', 'articles'),
	(205, 13, 'test', 'news'),
	(239, 13, 'news', 'news'),
	(207, 3, 'test2', 'articles'),
	(208, 3, 'new', 'articles'),
	(231, 15, 'test1', 'products'),
	(220, 16, 'test1', 'products'),
	(221, 16, 'test2', 'products'),
	(222, 18, 'test', 'products'),
	(228, 19, 'test', 'products'),
	(230, 3, 'test1', 'articles'),
	(238, 5, 'test', 'articles'),
	(243, 18, 'test1', 'products'),
	(241, 24, 'guitar', 'products');
/*!40000 ALTER TABLE `tags` ENABLE KEYS */;


-- Dumping structure for таблиця ci-0352.tasks
CREATE TABLE IF NOT EXISTS `tasks` (
  `data_key` char(16) NOT NULL,
  `pub_date` timestamp NOT NULL DEFAULT CURRENT_TIMESTAMP,
  `title` varchar(255) NOT NULL,
  `description` text NOT NULL,
  `attachment` varchar(40) NOT NULL,
  `priority` varchar(255) NOT NULL,
  `time_estimate` time NOT NULL,
  `deadline` date NOT NULL,
  `progress` varchar(255) NOT NULL,
  PRIMARY KEY (`data_key`)
) ENGINE=MyISAM DEFAULT CHARSET=utf8;

-- Dumping data for table ci-0352.tasks: 2 rows
/*!40000 ALTER TABLE `tasks` DISABLE KEYS */;
INSERT INTO `tasks` (`data_key`, `pub_date`, `title`, `description`, `attachment`, `priority`, `time_estimate`, `deadline`, `progress`) VALUES
	('245B77E9E6A9914E', '2012-04-02 21:02:22', 'Test tasks functionality', 'test 123', 'e8753ba0a5826b8b6501fafd3b011d4e.jpg', '3', '00:20:00', '2012-02-04', '35'),
	('D2D3E771A0406DDB', '2012-04-03 12:23:11', 'some test post', 'dgbfng ', '809842c3ae5e5ddf60c13664920a059a.png', '2', '00:00:00', '2012-04-03', '55');
/*!40000 ALTER TABLE `tasks` ENABLE KEYS */;


-- Dumping structure for таблиця ci-0352.testimonials
CREATE TABLE IF NOT EXISTS `testimonials` (
  `id` int(5) unsigned NOT NULL AUTO_INCREMENT,
  `name` varchar(100) NOT NULL,
  `link` varchar(255) NOT NULL,
  `content` text NOT NULL,
  PRIMARY KEY (`id`)
) ENGINE=MyISAM AUTO_INCREMENT=3 DEFAULT CHARSET=utf8;

-- Dumping data for table ci-0352.testimonials: 1 rows
/*!40000 ALTER TABLE `testimonials` DISABLE KEYS */;
INSERT INTO `testimonials` (`id`, `name`, `link`, `content`) VALUES
	(1, 'Michael', 'http://test.com', 'this is very nice website!');
/*!40000 ALTER TABLE `testimonials` ENABLE KEYS */;


-- Dumping structure for таблиця ci-0352.videos
CREATE TABLE IF NOT EXISTS `videos` (
  `data_key` char(16) NOT NULL,
  `pub_date` timestamp NOT NULL DEFAULT CURRENT_TIMESTAMP,
  `title_lang_id` int(11) NOT NULL DEFAULT '0',
  `description_lang_id` int(11) NOT NULL DEFAULT '0',
  `type_of_embed_video` varchar(20) NOT NULL,
  `url` varchar(255) NOT NULL,
  `embed_code` text NOT NULL,
  PRIMARY KEY (`data_key`)
) ENGINE=MyISAM DEFAULT CHARSET=utf8;

-- Dumping data for table ci-0352.videos: 2 rows
/*!40000 ALTER TABLE `videos` DISABLE KEYS */;
INSERT INTO `videos` (`data_key`, `pub_date`, `title_lang_id`, `description_lang_id`, `type_of_embed_video`, `url`, `embed_code`) VALUES
	('9870E7DF4342443E', '2013-03-25 12:00:00', 584, 585, 'youtube', 'http://www.youtube.com/watch?v=xhjG0jRU68Y&feature=g-all-u&context=G24da955FAAAAAAAAFAA[480|360]', ''),
	('30C237BECB684B47', '2012-04-06 11:43:41', 648, 649, 'embed_code', '', '<object type="application/x-shockwave-flash" style="width:530px;height:380px;" bgcolor="#d5f19a" data="http://www.youtube.com/v/HRFUB0bNn0I&amp;hl=en&amp;fs=1" title="JoomlaWorks AllVideos Player">\r\n				<param name="movie" value="http://www.youtube.com/v/HRFUB0bNn0I&amp;hl=en&amp;fs=1">\r\n				<param name="quality" value="high">\r\n				<param name="wmode" value="transparent">\r\n				<param name="bgcolor" value="#d5f19a">\r\n				<param name="allowfullscreen" value="true">\r\n				<param name="allowscriptaccess" value="always">\r\n			</object>');
/*!40000 ALTER TABLE `videos` ENABLE KEYS */;


-- Dumping structure for таблиця ci-0352.wishlist
CREATE TABLE IF NOT EXISTS `wishlist` (
  `id` int(11) unsigned NOT NULL AUTO_INCREMENT,
  `customer_id` int(11) unsigned NOT NULL DEFAULT '0',
  `product_id` int(11) unsigned NOT NULL DEFAULT '0',
  PRIMARY KEY (`id`),
  UNIQUE KEY `customer_product` (`customer_id`,`product_id`),
  KEY `customer_id` (`customer_id`)
) ENGINE=MyISAM AUTO_INCREMENT=26 DEFAULT CHARSET=utf8;

-- Dumping data for table ci-0352.wishlist: 5 rows
/*!40000 ALTER TABLE `wishlist` DISABLE KEYS */;
INSERT INTO `wishlist` (`id`, `customer_id`, `product_id`) VALUES
	(20, 7, 15),
	(24, 7, 16),
	(22, 21, 18),
	(23, 21, 16),
	(25, 7, 18);
/*!40000 ALTER TABLE `wishlist` ENABLE KEYS */;
/*!40101 SET SQL_MODE=IFNULL(@OLD_SQL_MODE, '') */;
/*!40014 SET FOREIGN_KEY_CHECKS=IF(@OLD_FOREIGN_KEY_CHECKS IS NULL, 1, @OLD_FOREIGN_KEY_CHECKS) */;
/*!40101 SET CHARACTER_SET_CLIENT=@OLD_CHARACTER_SET_CLIENT */;
